path,lightCount,repetition,frameId,gpuMs,applicationLoopMs,presentIntervalMs
forward,4,1,121,0.4925439953804016,1.8858,1.9502
forward,4,1,122,0.4989440143108368,1.9408,1.7864
forward,4,1,123,0.4907200038433075,1.7771,1.7421
forward,4,1,124,0.5112320184707642,1.7216,1.7023
forward,4,1,125,0.48089599609375,1.7039,1.6593
forward,4,1,126,0.8103359937667847,1.673,1.6882
forward,4,1,127,0.47177600860595703,1.6886,1.9303
forward,4,1,128,0.4906559884548187,1.9469,1.8527
forward,4,1,129,0.6341120004653931,1.8532,1.9538
forward,4,1,130,0.4880320131778717,1.9889,2.0466
forward,4,1,131,0.509119987487793,1.9734,1.8451
forward,4,1,132,0.49529600143432617,1.8815,2.0851
forward,4,1,133,0.4978559911251068,2.0814,1.8164
forward,4,1,134,0.5172479748725891,1.8028,1.7588
forward,4,1,135,0.47683200240135193,1.7319,1.8408
forward,4,1,136,0.5244479775428772,1.878,1.8496
forward,4,1,137,0.6546239852905273,1.8366,2.0501
forward,4,1,138,0.5071679949760437,2.0595,2.1903
forward,4,1,139,0.4971199929714203,2.1918,1.9423
forward,4,1,140,0.49689599871635437,1.9506,2.0316
forward,4,1,141,0.48767998814582825,2.0214,1.8801
forward,4,1,142,0.5061439871788025,1.845,1.9838
forward,4,1,143,0.7928320169448853,2.0302,1.9922
forward,4,1,144,0.5025280117988586,1.978,1.9246
forward,4,1,145,0.48393601179122925,2.0015,2.3708
forward,4,1,146,0.5235840082168579,2.2995,1.9117
forward,4,1,147,0.46668800711631775,1.9021,1.9064
forward,4,1,148,0.5009599924087524,1.9151,1.7788
forward,4,1,149,0.49484801292419434,1.7439,1.6979
forward,4,1,150,0.5049279928207397,1.7199,1.8445
forward,4,1,151,0.49276798963546753,1.8371,1.7438
forward,4,1,152,0.5336959958076477,1.7443,1.7594
forward,4,1,153,0.5009920001029968,1.788,1.9903
forward,4,1,154,0.49907198548316956,1.9857,1.905
forward,4,1,155,0.49795201420783997,1.883,1.8345
forward,4,1,156,0.48870399594306946,1.8395,1.8108
forward,4,1,157,0.5347520112991333,1.839,1.7526
forward,4,1,158,0.48812800645828247,1.7619,2.0949
forward,4,1,159,0.48873600363731384,2.0979,1.8804
forward,4,1,160,0.50108802318573,1.8283,1.8537
forward,4,1,161,0.49484801292419434,1.8659,1.872
forward,4,1,162,0.4938240051269531,1.8824,1.7992
forward,4,1,163,0.728223979473114,1.7577,1.8892
forward,4,1,164,0.5004159808158875,2.0745,2.179
forward,4,1,165,0.6176000237464905,2.0598,2.0858
forward,4,1,166,0.4870719909667969,2.1288,2.1256
forward,4,1,167,0.481471985578537,2.0608,1.7887
forward,4,1,168,0.5039680004119873,1.7916,1.884
forward,4,1,169,0.4917759895324707,1.8996,1.8071
forward,4,1,170,0.5032640099525452,1.763,1.6986
forward,4,1,171,0.4889279901981354,1.7053,1.8331
forward,4,1,172,0.49299201369285583,1.8749,1.8981
forward,4,1,173,0.50518399477005,1.8828,1.7724
forward,4,1,174,1.0090880393981934,1.741,2.1931
forward,4,1,175,0.49430400133132935,2.2568,1.9467
forward,4,1,176,0.5155519843101501,1.917,2.2208
forward,4,1,177,0.4769279956817627,2.2683,2.0557
forward,4,1,178,0.796064019203186,1.9804,1.8504
forward,4,1,179,0.4963200092315674,1.9478,2.2601
forward,4,1,180,0.5155519843101501,2.1899,2.073
forward,4,1,181,0.7144960165023804,2.0694,2.3176
forward,4,1,182,0.4981440007686615,2.3585,1.9989
forward,4,1,183,0.4901759922504425,1.9364,2.203
forward,4,1,184,0.5144320130348206,2.2551,2.2222
forward,4,1,185,0.5004479885101318,2.2012,2.376
forward,4,1,186,0.7195519804954529,2.3866,2.1856
forward,4,1,187,0.5158399939537048,2.2001,2.1359
forward,4,1,188,0.48812800645828247,2.1463,2.1397
forward,4,1,189,0.4848000109195709,2.0866,2.0424
forward,4,1,190,0.49318400025367737,2.0583,1.9651
forward,4,1,191,0.4816960096359253,1.9678,1.9194
forward,4,1,192,0.492031991481781,1.8831,1.8271
forward,4,1,193,0.5214400291442871,1.8579,2.0184
forward,4,1,194,0.7676159739494324,2.0438,2.2255
forward,4,1,195,0.4819839894771576,2.313,2.3688
forward,4,1,196,0.4960959851741791,2.2456,2.0929
forward,4,1,197,0.47283199429512024,2.1164,3.036
forward,4,1,198,0.503167986869812,3.0508,1.996
forward,4,1,199,0.4891839921474457,1.9265,2.1557
forward,4,1,200,0.5056319832801819,2.1861,2.1286
forward,4,1,201,0.4941760003566742,2.1893,2.3018
forward,4,1,202,1.0692479610443115,2.2939,2.047
forward,4,1,203,0.5024960041046143,1.993,1.8763
forward,4,1,204,0.49215999245643616,1.8908,2.0249
forward,4,1,205,0.5267199873924255,2.0237,2.2999
forward,4,1,206,0.49116799235343933,2.304,2.1072
forward,4,1,207,0.5001919865608215,2.0717,1.9313
forward,4,1,208,0.5135359764099121,1.9532,1.9735
forward,4,1,209,0.7819839715957642,1.9695,2.2334
forward,4,1,210,0.5117759704589844,2.2278,2.4704
forward,4,1,211,0.4849280118942261,2.5142,2.5262
forward,4,1,212,0.7242879867553711,2.5074,2.1713
forward,4,1,213,0.7236480116844177,2.1676,2.2966
forward,4,1,214,0.492000013589859,2.2628,1.9434
forward,4,1,215,0.4981760084629059,1.9426,1.7642
forward,4,1,216,0.5042880177497864,1.7808,1.9211
forward,4,1,217,0.4889279901981354,1.913,1.7401
forward,4,1,218,0.7257599830627441,1.734,1.7594
forward,4,1,219,0.4840640127658844,1.7725,1.7934
forward,4,1,220,0.48611199855804443,1.7956,2.0145
forward,4,1,221,0.482015997171402,2.0249,2.17
forward,4,1,222,0.5012159943580627,2.193,3.253
forward,4,1,223,0.47763198614120483,3.2426,1.8111
forward,4,1,224,0.49503999948501587,1.7963,1.6915
forward,4,1,225,0.4697279930114746,1.6487,1.6421
forward,4,1,226,0.6549440026283264,1.6423,1.8254
forward,4,1,227,1.0923199653625488,1.8941,2.2453
forward,4,1,228,0.712224006652832,2.2107,1.9973
forward,4,1,229,0.5023679733276367,2.0352,1.9794
forward,4,1,230,0.5073599815368652,1.9383,1.7911
forward,4,1,231,0.4840640127658844,1.7698,1.9065
forward,4,1,232,0.4888960123062134,1.9159,1.7324
forward,4,1,233,0.48265600204467773,1.7251,1.6588
forward,4,1,234,0.4912639856338501,1.6715,1.7232
forward,4,1,235,0.4922879934310913,1.709,1.853
forward,4,1,236,0.49327999353408813,1.8887,2.0968
forward,4,1,237,0.4747200012207031,2.1156,2.1629
forward,4,1,238,0.4776639938354492,2.1378,1.7994
forward,4,1,239,0.479775995016098,1.7471,1.6608
forward,4,1,240,0.4826880097389221,1.6926,1.7091
forward,4,1,241,0.5125120282173157,1.6898,1.6737
forward,4,1,242,0.48998400568962097,1.6652,1.7866
forward,4,1,243,0.4817599952220917,1.8466,1.7368
forward,4,1,244,0.49939200282096863,1.7321,1.7894
forward,4,1,245,1.147487998008728,1.8063,2.1802
forward,4,1,246,0.4902400076389313,2.1609,2.1246
forward,4,1,247,0.49532800912857056,2.1145,1.9359
forward,4,1,248,0.48179200291633606,1.9313,1.8181
forward,4,1,249,0.48787200450897217,1.8049,1.7846
forward,4,1,250,0.47993600368499756,1.7679,1.8064
forward,4,1,251,0.48070400953292847,1.8378,1.8853
forward,4,1,252,0.9322879910469055,1.8477,1.6966
forward,4,1,253,0.5075520277023315,1.715,2.023
forward,4,1,254,0.47891199588775635,2.0644,2.0787
forward,4,1,255,0.6361600160598755,2.0604,1.9142
forward,4,1,256,0.48073598742485046,1.9109,1.823
forward,4,1,257,0.492000013589859,1.7912,1.7129
forward,4,1,258,0.5278720259666443,1.717,1.7101
forward,4,1,259,0.4809280037879944,1.7242,1.7553
forward,4,1,260,0.492000013589859,1.7407,1.6696
forward,4,1,261,0.48585599660873413,1.6786,1.6708
forward,4,1,262,0.5291200280189514,1.663,1.7388
forward,4,1,263,0.6694080233573914,1.7645,1.8241
forward,4,1,264,0.5014079809188843,1.8167,1.9467
forward,4,1,265,0.5103039741516113,1.9729,1.8691
forward,4,1,266,0.6223040223121643,1.8416,2.0566
forward,4,1,267,0.48688000440597534,2.1304,1.9447
forward,4,1,268,0.5166079998016357,1.8474,1.7046
forward,4,1,269,0.4850879907608032,1.7145,1.8482
forward,4,1,270,0.4838399887084961,1.8889,1.7828
forward,4,1,271,0.7246400117874146,1.731,1.6877
forward,4,1,272,0.5065280199050903,1.791,2.3253
forward,4,1,273,0.48096001148223877,2.2848,2.0194
forward,4,1,274,0.7932159900665283,1.9961,2.2035
forward,4,1,275,0.4830079972743988,2.2194,2.0634
forward,4,1,276,0.7930560111999512,2.0473,2.0083
forward,4,1,277,0.4696959853172302,2.0146,1.9049
forward,4,1,278,0.48182401061058044,1.8655,1.7511
forward,4,1,279,0.7749119997024536,1.7627,2.0945
forward,4,1,280,0.4830079972743988,2.1874,2.047
forward,4,1,281,0.4952639937400818,1.975,2.2825
forward,4,1,282,0.49215999245643616,2.3092,2.2285
forward,4,1,283,0.4920639991760254,2.2129,1.8895
forward,4,1,284,0.48716801404953003,1.86,2.0436
forward,4,1,285,0.49107199907302856,2.0553,1.9808
forward,4,1,286,0.8791999816894531,1.9755,1.8676
forward,4,1,287,0.9347519874572754,1.888,2.0403
forward,4,1,288,0.5198079943656921,2.0353,1.9868
forward,4,1,289,0.4779520034790039,1.9631,3.2359
forward,4,1,290,0.49935999512672424,3.3008,2.0236
forward,4,1,291,0.47894400358200073,1.9807,2.0898
forward,4,1,292,0.4838399887084961,2.0957,1.8353
forward,4,1,293,0.8464959859848022,1.7945,1.8631
forward,4,1,294,0.4829440116882324,1.9828,2.1442
forward,4,1,295,0.5351359844207764,2.0669,1.894
forward,4,1,296,0.482015997171402,1.8711,3.4662
forward,4,1,297,0.6096000075340271,3.5131,2.1325
forward,4,1,298,0.4789760112762451,2.184,2.325
forward,4,1,299,0.5002880096435547,2.2495,1.8982
forward,4,1,300,0.47891199588775635,1.8662,2.0391
forward,4,1,301,0.48182401061058044,2.0712,1.8367
forward,4,1,302,0.8002560138702393,1.8161,1.7162
forward,4,1,303,0.4891520142555237,1.7025,2.5544
forward,4,1,304,1.0305919647216797,2.6363,2.0894
forward,4,1,305,0.4983679950237274,2.1616,2.4571
forward,4,1,306,0.7390720248222351,2.3583,4.723
forward,4,1,307,0.5504639744758606,4.8016,2.6949
forward,4,1,308,0.5116479992866516,2.6317,2.3959
forward,4,1,309,0.6304960250854492,2.4258,3.8406
forward,4,1,310,0.744159996509552,3.8501,5.7955
forward,4,1,311,0.5227199792861938,5.8433,2.5665
forward,4,1,312,0.509663999080658,2.5019,2.7919
forward,4,1,313,0.7081599831581116,2.7968,2.6998
forward,4,1,314,0.522816002368927,2.635,4.2271
forward,4,1,315,0.529088020324707,4.3479,4.6147
forward,4,1,316,0.9138879776000977,4.6124,2.7
forward,4,1,317,0.5237119793891907,2.6507,2.7204
forward,4,1,318,0.5074880123138428,2.7523,3.8734
forward,4,1,319,1.413696050643921,3.9194,5.0386
forward,4,1,320,0.8924160003662109,5.1132,3.8705
forward,4,1,321,0.5239999890327454,3.8019,2.9972
forward,4,1,322,0.7155519723892212,2.9419,2.871
forward,4,1,323,0.539359986782074,2.8927,3.1737
forward,4,1,324,0.5249919891357422,3.2766,4.9544
forward,4,1,325,0.521888017654419,4.8415,3.4431
forward,4,1,326,0.8300480246543884,3.4589,3.027
forward,4,1,327,0.7879679799079895,3.0521,2.5015
forward,4,1,328,0.5164160132408142,2.5033,2.6902
forward,4,1,329,0.5035200119018555,2.5436,2.353
forward,4,1,330,0.4901120066642761,2.3889,2.3472
forward,4,1,331,0.4910399913787842,2.3298,2.1121
forward,4,1,332,0.5372160077095032,2.0842,2.5432
forward,4,1,333,0.7042239904403687,2.666,3.7969
forward,4,1,334,0.5566080212593079,4.0011,3.2149
forward,4,1,335,0.5208960175514221,3.202,5.554
forward,4,1,336,0.5331839919090271,5.3635,3.566
forward,4,1,337,0.47865599393844604,3.5701,2.2842
forward,4,1,338,0.48899200558662415,2.161,1.8313
forward,4,1,339,0.7787839770317078,1.7864,1.8592
forward,4,1,340,0.6703680157661438,1.9071,2.2073
forward,4,1,341,0.47884801030158997,2.2544,2.1285
forward,4,1,342,0.6079360246658325,2.0898,1.9559
forward,4,1,343,0.4952000081539154,1.9323,1.8481
forward,4,1,344,0.4867840111255646,1.8661,1.8002
forward,4,1,345,0.5905600190162659,1.7933,1.8581
forward,4,1,346,0.48099198937416077,1.837,1.7191
forward,4,1,347,0.6835200190544128,1.7079,1.6537
forward,4,1,348,0.5146880149841309,1.6592,1.7897
forward,4,1,349,0.6885759830474854,1.8304,1.9482
forward,4,1,350,0.4995200037956238,1.9201,1.84
forward,4,1,351,0.4829440116882324,1.8648,1.9607
forward,4,1,352,0.48796799778938293,1.9538,1.8537
forward,4,1,353,0.6138560175895691,1.8442,1.7145
forward,4,1,354,0.5004159808158875,1.7094,1.717
forward,4,1,355,0.4787519872188568,1.7078,1.6641
forward,4,1,356,0.4920639991760254,1.7453,1.7446
forward,4,1,357,0.49932798743247986,1.6802,1.9328
forward,4,1,358,0.48607999086380005,1.9478,2.1595
forward,4,1,359,0.4901120066642761,2.1577,2.1079
forward,4,1,360,0.4848960041999817,2.1213,2.0225
forward,4,1,361,0.6313599944114685,1.9511,1.7373
forward,4,1,362,0.48895999789237976,1.7794,1.9951
forward,4,1,363,0.4910399913787842,1.9896,1.8297
forward,4,1,364,0.4737919867038727,1.8129,1.8932
forward,4,1,365,0.7869120240211487,1.9236,1.8953
forward,4,1,366,0.4973759949207306,1.8939,1.938
forward,4,1,367,0.4819520115852356,1.9484,2.4407
forward,4,1,368,0.5391359925270081,2.4274,2.0651
forward,4,1,369,0.48393601179122925,2.0849,2.495
forward,4,1,370,0.5043519735336304,2.4893,2.0415
forward,4,1,371,0.4737280011177063,2.0316,2.1778
forward,4,1,372,0.5052160024642944,2.1707,2.0668
forward,4,1,373,0.8175680041313171,2.0675,2.5106
forward,4,1,374,0.5045440196990967,2.5739,3.0469
forward,4,1,375,0.8290560245513916,3.0017,2.3862
forward,4,1,376,0.5054399967193604,2.434,2.2524
forward,4,1,377,0.8105279803276062,2.2146,2.2221
forward,4,1,378,0.7726079821586609,2.2339,2.0355
forward,4,1,379,0.5389119982719421,1.9856,2.1233
forward,4,1,380,0.5362240076065063,2.2324,2.3571
forward,4,1,381,0.5657600164413452,2.3915,2.7169
forward,4,1,382,0.5086719989776611,2.5903,2.3406
forward,4,1,383,0.4981760084629059,2.3839,2.0718
forward,4,1,384,0.6079679727554321,2.0193,1.9353
forward,4,1,385,0.49113601446151733,1.9432,1.8419
forward,4,1,386,0.5012480020523071,1.8081,1.7282
forward,4,1,387,0.4840640127658844,1.7474,1.8083
forward,4,1,388,0.4922879934310913,1.8148,1.7737
forward,4,1,389,0.5125120282173157,1.7736,2.0867
forward,4,1,390,0.48502400517463684,2.1467,2.4319
forward,4,1,391,0.5156800150871277,2.3922,1.9645
forward,4,1,392,0.48819199204444885,1.949,2.0124
forward,4,1,393,0.4930880069732666,1.9998,1.9458
forward,4,1,394,0.4981440007686615,1.9513,1.8748
forward,4,1,395,0.492031991481781,1.8922,1.9049
forward,4,1,396,0.49327999353408813,1.8906,1.819
forward,4,1,397,1.12608003616333,1.801,2.2196
forward,4,1,398,0.48902401328086853,2.2655,2.0285
forward,4,1,399,0.5083199739456177,2.0069,1.941
forward,4,1,400,0.47279998660087585,1.9596,2.0072
forward,4,1,401,0.4694080054759979,1.9877,1.7557
forward,4,1,402,0.4788160026073456,1.7263,1.7465
forward,4,1,403,0.4869120121002197,1.7482,1.6636
forward,4,1,404,0.4859200119972229,1.6431,1.6867
forward,4,1,405,0.5159040093421936,1.6995,1.68
forward,4,1,406,0.49510401487350464,1.709,2.0515
forward,4,1,407,0.4827519953250885,2.0365,1.789
forward,4,1,408,0.4850879907608032,1.8119,2.0552
forward,4,1,409,0.48371198773384094,2.0547,1.8104
forward,4,1,410,0.7830079793930054,1.7763,1.7541
forward,4,1,411,0.48099198937416077,1.7405,1.6805
forward,4,1,412,0.4869120121002197,1.6945,1.6994
forward,4,1,413,0.4716480076313019,1.6859,1.629
forward,4,1,414,0.9131519794464111,1.6338,1.9309
forward,4,1,415,0.5206400156021118,1.972,2.0121
forward,4,1,416,0.4963519871234894,2.0216,2.5406
forward,4,1,417,0.5217599868774414,2.5533,1.9216
forward,4,1,418,0.48281601071357727,1.874,1.9391
forward,4,1,419,0.48080000281333923,1.9639,1.8341
forward,4,1,420,0.48284798860549927,1.8025,1.702
forward,4,1,421,0.4779199957847595,1.7049,1.8981
forward,4,1,422,0.47775998711586,1.9075,1.7222
forward,4,1,423,0.49718400835990906,1.7928,1.7576
forward,4,1,424,0.5137280225753784,1.6663,1.8015
forward,4,1,425,1.0091840028762817,1.8296,2.102
forward,4,1,426,0.4952319860458374,2.1274,1.9733
forward,4,1,427,0.48204800486564636,1.9734,1.9409
forward,4,1,428,0.48796799778938293,1.9147,1.8374
forward,4,1,429,0.5063999891281128,1.8193,1.961
forward,4,1,430,0.4838719964027405,2.0007,1.8827
forward,4,1,431,0.5072960257530212,1.8563,1.7358
forward,4,1,432,0.4942399859428406,1.7365,1.8044
forward,4,1,433,1.0050560235977173,1.8166,1.9824
forward,4,1,434,0.4748159945011139,1.9915,1.887
forward,4,1,435,0.48403200507164,1.8772,1.8336
forward,4,1,436,0.4940800070762634,1.81,1.756
forward,4,1,437,0.4910399913787842,1.7685,1.7378
forward,4,1,438,0.4869439899921417,1.7364,1.8638
forward,4,1,439,0.4695039987564087,1.8725,1.748
forward,4,1,440,0.47996801137924194,1.7213,1.6583
forward,4,1,441,0.5004159808158875,1.6623,1.6224
forward,4,1,442,0.5062400102615356,1.6167,1.6638
forward,4,1,443,1.011423945426941,1.6914,2.3444
forward,4,1,444,0.49833598732948303,2.4102,1.9472
forward,4,1,445,0.4737919867038727,1.9363,2.2564
forward,4,1,446,0.4991999864578247,2.2214,2.007
forward,4,1,447,0.4906879961490631,1.9642,1.9393
forward,4,1,448,0.5115200281143188,1.9629,1.8514
forward,4,1,449,0.7900480031967163,1.8447,1.7715
forward,4,1,450,0.5350720286369324,1.7681,2.0895
forward,4,1,451,0.48291200399398804,2.1441,2.2557
forward,4,1,452,0.5053759813308716,2.2364,2.0398
forward,4,1,453,0.47468799352645874,2.119,2.1595
forward,4,1,454,0.48902401328086853,2.0439,1.8817
forward,4,1,455,0.49001601338386536,1.904,1.9607
forward,4,1,456,0.4859200119972229,1.9615,1.7996
forward,4,1,457,0.5320000052452087,1.7812,1.7032
forward,4,1,458,0.5050560235977173,1.6839,1.9695
forward,4,1,459,1.0144000053405762,2.0439,2.2287
forward,4,1,460,0.6885759830474854,2.2437,2.2401
forward,4,1,461,0.49110400676727295,2.2787,2.7008
forward,4,1,462,0.6056640148162842,2.6304,2.3815
forward,4,1,463,0.48895999789237976,2.3852,2.0762
forward,4,1,464,0.5073599815368652,2.0542,2.1102
forward,4,1,465,0.781823992729187,2.1099,2.122
forward,4,1,466,0.5444480180740356,2.1357,2.2476
forward,4,1,467,0.4973439872264862,2.4174,3.1067
forward,4,1,468,0.502240002155304,2.9528,2.0253
forward,4,1,469,0.4808639883995056,2.0504,2.0952
forward,4,1,470,0.47775998711586,2.0417,1.8206
forward,4,1,471,0.7194240093231201,1.8016,1.9685
forward,4,1,472,0.49510401487350464,1.9763,1.9342
forward,4,1,473,0.516543984413147,1.9394,1.8911
forward,4,1,474,1.1710079908370972,1.9126,2.4098
forward,4,1,475,0.47894400358200073,2.4832,2.267
forward,4,1,476,0.4840640127658844,2.1585,2.8845
forward,4,1,477,0.4941439926624298,2.9399,2.1335
forward,4,1,478,0.482015997171402,2.1045,2.3005
forward,4,1,479,0.47571200132369995,2.2805,1.962
forward,4,1,480,0.6712639927864075,1.9667,1.8717
forward,4,1,481,0.49718400835990906,2.0148,2.4568
forward,4,1,482,0.5035200119018555,2.3411,2.3812
forward,4,1,483,0.5546560287475586,2.4148,2.6711
forward,4,1,484,0.4963200092315674,2.6664,2.3453
forward,4,1,485,0.4880639910697937,2.3157,2.2991
forward,4,1,486,0.4848960041999817,2.2644,1.8995
forward,4,1,487,0.47996801137924194,1.9023,1.8967
forward,4,1,488,0.49932798743247986,1.9247,2.2944
forward,4,1,489,0.6806719899177551,2.3399,3.1982
forward,4,1,490,0.5146560072898865,3.1559,3.2648
forward,4,1,491,0.4973759949207306,3.5539,3.0863
forward,4,1,492,0.4992319941520691,2.7935,2.2075
forward,4,1,493,0.47894400358200073,2.2927,2.372
forward,4,1,494,0.5342079997062683,2.2575,2.0167
forward,4,1,495,1.0635839700698853,2.0744,2.7386
forward,4,1,496,0.4963519871234894,2.8092,2.2661
forward,4,1,497,0.6683840155601501,2.1304,2.2256
forward,4,1,498,0.5001919865608215,2.289,2.1297
forward,4,1,499,0.7421119809150696,2.0976,2.5389
forward,4,1,500,0.4776639938354492,2.5781,2.0783
forward,4,1,501,1.1195520162582397,1.9977,2.0753
forward,4,1,502,0.5044800043106079,2.1531,2.197
forward,4,1,503,0.5003520250320435,2.1704,2.471
forward,4,1,504,0.4960319995880127,2.4958,2.4217
forward,4,1,505,0.48899200558662415,2.3694,1.8981
forward,4,1,506,0.6488320231437683,1.9416,2.0959
forward,4,1,507,0.4848960041999817,2.0751,1.898
forward,4,1,508,0.7921280264854431,1.8461,1.8257
forward,4,1,509,0.7810239791870117,1.8697,1.8827
forward,4,1,510,0.7662720084190369,1.8655,2.3546
forward,4,1,511,0.4984320104122162,2.7245,2.7492
forward,4,1,512,0.4971199929714203,2.3895,2.1035
forward,4,1,513,0.4779199957847595,2.1198,2.1422
forward,4,1,514,0.48902401328086853,2.1367,1.9357
forward,4,1,515,0.7982400059700012,1.881,1.7183
forward,4,1,516,0.4798080027103424,1.7859,2.0726
forward,4,1,517,0.5750399827957153,2.0451,2.0999
forward,4,1,518,0.5021439790725708,2.1314,2.3471
forward,4,1,519,0.5052160024642944,2.3367,2.344
forward,4,1,520,0.6253119707107544,2.3455,2.3632
forward,4,1,521,0.4891839921474457,2.4108,2.115
forward,4,1,522,0.8064320087432861,2.0245,1.9295
forward,4,1,523,0.49939200282096863,1.9642,1.8905
forward,4,1,524,0.4838719964027405,1.8705,1.7591
forward,4,1,525,0.74617600440979,1.7576,2.0985
forward,4,1,526,0.5106559991836548,2.0982,2.0892
forward,4,1,527,0.48601600527763367,2.1232,2.0359
forward,4,1,528,0.4819839894771576,2.0369,1.9986
forward,4,1,529,0.48390400409698486,1.9732,1.8183
forward,4,1,530,0.6519680023193359,1.7825,1.8495
forward,4,1,531,0.4859200119972229,1.9353,1.8985
forward,4,1,532,0.48796799778938293,1.8447,1.7611
forward,4,1,533,0.6243839859962463,1.7286,1.8487
forward,4,1,534,0.5186880230903625,1.9302,2.0667
forward,4,1,535,0.48710399866104126,2.1343,3.8139
forward,4,1,536,0.5073919892311096,3.7316,2.1363
forward,4,1,537,0.653984010219574,2.0816,2.218
forward,4,1,538,0.492031991481781,2.2644,1.9831
forward,4,1,539,0.49007999897003174,1.9327,2.7392
forward,4,1,540,0.923520028591156,2.7896,2.3132
forward,4,1,541,0.9682559967041016,2.2989,2.5104
forward,4,1,542,0.4870400130748749,2.5709,2.1454
forward,4,1,543,0.49535998702049255,2.0799,2.1474
forward,4,1,544,0.49935999512672424,2.1284,2.1974
forward,4,1,545,0.4869759976863861,2.2114,1.8032
forward,4,1,546,0.629472017288208,1.7892,1.9183
forward,4,1,547,0.5054399967193604,1.9262,1.7828
forward,4,1,548,1.0121599435806274,1.7399,1.6793
forward,4,1,549,0.5196800231933594,1.7189,2.1033
forward,4,1,550,1.0192639827728271,2.3041,2.5245
forward,4,1,551,0.5024319887161255,2.4267,2.5277
forward,4,1,552,0.5004799962043762,2.4596,2.3366
forward,4,1,553,0.4840640127658844,2.3301,2.119
forward,4,1,554,0.492000013589859,2.1124,1.8509
forward,4,1,555,0.6149119734764099,1.8104,1.8454
forward,4,1,556,0.5752000212669373,1.8775,1.9841
forward,4,1,557,0.4920639991760254,1.992,2.1003
forward,4,1,558,0.4727039933204651,2.0777,2.1975
forward,4,1,559,0.4869439899921417,2.2282,1.9423
forward,4,1,560,0.4870080053806305,1.904,1.9653
forward,4,1,561,0.47148799896240234,1.9845,1.9301
forward,4,1,562,0.47775998711586,1.9042,1.8272
forward,4,1,563,0.4583039879798889,1.8438,1.8444
forward,4,1,564,0.48281601071357727,1.8592,1.8384
forward,4,1,565,0.5073599815368652,1.811,1.8272
forward,4,1,566,1.1721919775009155,1.8726,2.5991
forward,4,1,567,0.48096001148223877,2.6064,2.0557
forward,4,1,568,0.5024960041046143,2.0222,1.9931
forward,4,1,569,0.49107199907302856,1.982,1.8342
forward,4,1,570,0.4920639991760254,1.8434,1.7489
forward,4,1,571,0.48089599609375,1.7458,1.7746
forward,4,1,572,0.48080000281333923,1.7795,1.7366
forward,4,1,573,0.7799680233001709,1.7081,1.7441
forward,4,1,574,0.5044479966163635,1.7767,2.1928
forward,4,1,575,0.5004159808158875,2.1945,1.9514
forward,4,1,576,0.48601600527763367,1.93,2.2488
forward,4,1,577,0.48287999629974365,2.2803,2.0229
forward,4,1,578,0.4992319941520691,2.0292,1.8902
forward,4,1,579,0.4869759976863861,1.8776,1.927
forward,4,1,580,0.5094720125198364,1.896,1.9336
forward,4,1,581,0.49007999897003174,1.9572,1.8532
forward,4,1,582,0.9059200286865234,1.8485,1.9291
forward,4,1,583,0.5504639744758606,1.9257,2.3516
forward,4,1,584,0.48611199855804443,2.437,2.4346
forward,4,1,585,0.5145279765129089,2.3857,2.1369
forward,4,1,586,0.5004479885101318,2.1496,2.4916
forward,4,1,587,0.5330560207366943,2.4539,2.0253
forward,4,1,588,0.4850560128688812,2.0672,2.3749
forward,4,1,589,0.7879359722137451,2.3616,2.2408
forward,4,1,590,0.5178560018539429,2.2477,2.3184
forward,4,1,591,0.6919040083885193,2.2916,2.5744
forward,4,1,592,0.499424010515213,2.6024,2.5071
forward,4,1,593,0.48796799778938293,2.5171,2.0438
forward,4,1,594,0.5064319968223572,1.9773,2.079
forward,4,1,595,0.48182401061058044,2.0981,1.8591
forward,4,1,596,0.49107199907302856,1.8485,1.8001
forward,4,1,597,0.49116799235343933,1.7975,1.9058
forward,4,1,598,1.0377919673919678,1.9171,2.1234
forward,4,1,599,0.6099839806556702,2.1456,2.0729
forward,4,1,600,0.4902400076389313,2.1163,2.1257
forward,4,1,601,0.4849280118942261,2.0768,2.107
forward,4,1,602,0.4922240078449249,2.1095,2.4158
forward,4,1,603,0.48390400409698486,2.4169,1.8995
forward,4,1,604,0.4922559857368469,1.8705,1.9442
forward,4,1,605,0.5024319887161255,1.9467,2.041
forward,4,1,606,0.5146560072898865,2.0847,2.5522
forward,4,1,607,0.5045120120048523,2.5884,2.4939
forward,4,1,608,0.49616000056266785,2.4945,2.3068
forward,4,1,609,0.5072320103645325,2.2162,1.8492
forward,4,1,610,0.7911360263824463,1.9506,3.5811
forward,4,1,611,0.4971520006656647,3.5619,2.1442
forward,4,1,612,0.5024319887161255,2.0664,1.9987
forward,4,1,613,0.8679680228233337,2.0791,2.5287
forward,4,1,614,0.5127679705619812,2.4935,2.1308
forward,4,1,615,0.4809280037879944,2.1313,2.3142
forward,4,1,616,0.4919680058956146,2.2795,2.0441
forward,4,1,617,0.4920639991760254,2.0501,1.9574
forward,4,1,618,0.48495998978614807,1.9664,1.9954
forward,4,1,619,0.48790401220321655,1.9754,1.7922
forward,4,1,620,0.5106559991836548,1.7696,2.2702
forward,4,1,621,1.0766719579696655,2.3496,3.0434
forward,4,1,622,0.5158720016479492,3.1643,2.5355
forward,4,1,623,0.6638720035552979,2.3634,2.5558
forward,4,1,624,0.4880959987640381,2.7363,3.3056
forward,4,1,625,0.7830719947814941,3.1464,2.016
forward,4,1,626,0.639680027961731,2.0087,2.0195
forward,4,1,627,0.5187199711799622,1.9972,2.2403
forward,4,1,628,0.48611199855804443,2.3086,2.8794
forward,4,1,629,0.5032960176467896,2.8422,1.9282
forward,4,1,630,0.47894400358200073,1.8876,1.9409
forward,4,1,631,0.48287999629974365,1.9604,1.8549
forward,4,1,632,0.5002880096435547,1.8498,1.8478
forward,4,1,633,0.49619200825691223,1.8972,2.0419
forward,4,1,634,0.4859200119972229,1.9813,1.8465
forward,4,1,635,0.8670399785041809,1.8518,1.9392
forward,4,1,636,0.5082880258560181,1.9899,2.2866
forward,4,1,637,0.6200960278511047,2.2634,2.3686
forward,4,1,638,0.5084800124168396,2.3734,2.3691
forward,4,1,639,0.493120014667511,2.3605,2.053
forward,4,1,640,0.47788798809051514,2.0457,1.9527
forward,4,1,641,0.479775995016098,1.9158,1.8037
forward,4,1,642,0.6693120002746582,1.8182,1.8206
forward,4,1,643,0.9038079977035522,1.8704,2.5724
forward,4,1,644,1.3409919738769531,2.6148,2.1854
forward,4,1,645,0.4890879988670349,2.1419,2.0563
forward,4,1,646,0.495168000459671,2.0322,1.8998
forward,4,1,647,0.47782400250434875,1.8741,1.8801
forward,4,1,648,0.4971520006656647,1.8818,1.816
forward,4,1,649,0.4899519979953766,1.8305,1.7469
forward,4,1,650,0.4973759949207306,1.7303,1.8362
forward,4,1,651,0.492031991481781,1.8448,1.9075
forward,4,1,652,1.4014400243759155,1.9184,2.0733
forward,4,1,653,0.4615359902381897,2.2048,2.1648
forward,4,1,654,0.5023360252380371,2.0428,1.8026
forward,4,1,655,0.4716799855232239,1.825,2.0901
forward,4,1,656,0.47775998711586,2.0274,1.683
forward,4,1,657,0.492000013589859,1.6828,1.7109
forward,4,1,658,0.48080000281333923,1.7313,1.7313
forward,4,1,659,0.48895999789237976,1.6973,1.6243
forward,4,1,660,0.5054399967193604,1.6371,1.637
forward,4,1,661,0.5065919756889343,1.6632,1.9958
forward,4,1,662,0.49327999353408813,2.0064,1.9098
forward,4,1,663,0.784928023815155,1.8812,1.931
forward,4,1,664,0.4891839921474457,1.9574,1.8524
forward,4,1,665,0.5043839812278748,1.8454,1.7569
forward,4,1,666,0.5013120174407959,1.7319,1.7165
forward,4,1,667,0.4859200119972229,1.7494,1.7666
forward,4,1,668,0.4787519872188568,1.7349,1.6528
forward,4,1,669,0.49827200174331665,1.6502,1.8203
forward,4,1,670,0.8709440231323242,1.8447,2.0263
forward,4,1,671,0.8474879860877991,2.0375,1.9172
forward,4,1,672,0.4902079999446869,1.915,1.8181
forward,4,1,673,0.4910399913787842,1.7789,1.7646
forward,4,1,674,0.48403200507164,1.7838,1.7154
forward,4,1,675,0.5166400074958801,1.7159,1.7156
forward,4,1,676,0.48080000281333923,1.7136,1.6626
forward,4,1,677,0.4838719964027405,1.6401,1.6593
forward,4,1,678,0.581279993057251,1.6866,1.7498
forward,4,1,679,0.5175999999046326,1.7556,1.9684
forward,4,1,680,0.7175679802894592,1.9783,2.3219
forward,4,1,681,0.495168000459671,2.3248,2.0609
forward,4,1,682,0.5199360251426697,2.0706,2.0735
forward,4,1,683,0.5043200254440308,2.0773,1.9943
forward,4,1,684,0.4899199903011322,1.9586,2.0024
forward,4,1,685,0.49327999353408813,2.0288,2.1083
forward,4,1,686,0.7523519992828369,2.1105,1.9479
forward,4,1,687,0.493151992559433,1.978,2.4085
forward,4,1,688,0.497408002614975,2.3773,2.1727
forward,4,1,689,0.7255359888076782,2.2033,2.3103
forward,4,1,690,0.5002560019493103,2.3533,2.2367
forward,4,1,691,0.6344000101089478,2.1375,2.0082
forward,4,1,692,0.4920639991760254,2.0353,1.9104
forward,4,1,693,0.4869439899921417,1.9057,2.0775
forward,4,1,694,0.9273599982261658,2.076,2.2049
forward,4,1,695,0.551584005355835,2.1912,2.07
forward,4,1,696,0.6181759834289551,2.1033,2.2074
forward,4,1,697,0.48502400517463684,2.2466,2.3149
forward,4,1,698,0.5081279873847961,2.2655,2.1135
forward,4,1,699,0.47488000988960266,2.0952,2.1036
forward,4,1,700,0.48793599009513855,2.1098,1.9079
forward,4,1,701,0.49612799286842346,1.8954,1.9123
forward,4,1,702,0.5240960121154785,1.9082,1.9545
forward,4,1,703,0.5156159996986389,2.0576,2.5747
forward,4,1,704,0.5167359709739685,2.6115,2.5703
forward,4,1,705,0.4930559992790222,2.4692,2.2452
forward,4,1,706,0.5075839757919312,2.2134,2.0385
forward,4,1,707,0.511680006980896,2.0707,2.5979
forward,4,1,708,0.4850560128688812,2.7142,2.7551
forward,4,1,709,0.5043839812278748,2.6127,2.2296
forward,4,1,710,0.5065919756889343,2.2728,2.4818
forward,4,1,711,0.5003839731216431,2.5442,2.5837
forward,4,1,712,0.5096960067749023,2.5357,2.8509
forward,4,1,713,0.6232320070266724,2.7988,2.1735
forward,4,1,714,0.4718399941921234,2.2079,2.1718
forward,4,1,715,0.48287999629974365,2.1256,1.9368
forward,4,1,716,0.7869439721107483,1.9273,1.895
forward,4,1,717,0.5115519762039185,1.8933,2.0327
forward,4,1,718,1.0520000457763672,2.0759,2.1695
forward,4,1,719,0.4940800070762634,2.198,2.3855
forward,4,1,720,0.4920639991760254,2.3079,1.8613
forward-plus,4,1,121,2.281503915786743,4.3279,4.9183
forward-plus,4,1,122,0.9287999868392944,4.9513,4.6404
forward-plus,4,1,123,1.0711040496826172,4.5621,4.3088
forward-plus,4,1,124,1.3435519933700562,4.2786,4.5305
forward-plus,4,1,125,0.695360004901886,4.594,4.5265
forward-plus,4,1,126,0.6923199892044067,4.4766,3.9279
forward-plus,4,1,127,1.0661439895629883,3.9002,3.6285
forward-plus,4,1,128,0.7588480114936829,3.6037,4.0874
forward-plus,4,1,129,0.6923840045928955,4.1669,4.5719
forward-plus,4,1,130,0.7137600183486938,4.5424,4.2585
forward-plus,4,1,131,1.0506240129470825,4.2105,4.0245
forward-plus,4,1,132,2.0203518867492676,4.1023,4.6621
forward-plus,4,1,133,0.9350399971008301,4.6898,4.4368
forward-plus,4,1,134,0.9984319806098938,4.3986,4.02
forward-plus,4,1,135,0.8591679930686951,3.9468,3.9965
forward-plus,4,1,136,0.6891840100288391,4.1213,4.5201
forward-plus,4,1,137,0.6882240176200867,4.4894,4.5281
forward-plus,4,1,138,0.7106559872627258,4.4594,4.1791
forward-plus,4,1,139,1.0372799634933472,4.2541,4.2262
forward-plus,4,1,140,2.360383987426758,4.2256,4.6933
forward-plus,4,1,141,0.8110719919204712,4.6731,4.3864
forward-plus,4,1,142,2.2467520236968994,4.3226,4.1076
forward-plus,4,1,143,0.7485439777374268,4.1398,4.2532
forward-plus,4,1,144,0.7086719870567322,4.2778,4.6953
forward-plus,4,1,145,0.6799039840698242,4.6997,4.3736
forward-plus,4,1,146,0.6871359944343567,4.3575,4.0946
forward-plus,4,1,147,0.6975039839744568,4.0741,4.17
forward-plus,4,1,148,2.2681920528411865,4.2058,4.595
forward-plus,4,1,149,0.8161280155181885,4.5792,4.3853
forward-plus,4,1,150,2.645024061203003,4.3928,4.2015
forward-plus,4,1,151,0.7106879949569702,4.199,4.1989
forward-plus,4,1,152,0.707647979259491,4.1961,5.1635
forward-plus,4,1,153,0.6963520050048828,5.1338,4.5297
forward-plus,4,1,154,1.282047986984253,4.5822,4.6144
forward-plus,4,1,155,0.7097920179367065,4.6485,4.7185
forward-plus,4,1,156,0.7046080231666565,4.634,4.1534
forward-plus,4,1,157,1.3630080223083496,4.178,4.2187
forward-plus,4,1,158,0.9360319972038269,4.346,4.9
forward-plus,4,1,159,1.3466880321502686,4.7968,4.3779
forward-plus,4,1,160,2.5969600677490234,4.3335,4.5401
forward-plus,4,1,161,0.7446399927139282,4.5847,4.1874
forward-plus,4,1,162,0.9115520119667053,4.1487,4.9323
forward-plus,4,1,163,0.7301440238952637,4.9539,4.7857
forward-plus,4,1,164,0.7364159822463989,4.8075,4.6403
forward-plus,4,1,165,0.9277759790420532,4.6116,4.4491
forward-plus,4,1,166,0.7281280159950256,4.4608,4.6227
forward-plus,4,1,167,0.7353919744491577,4.5879,4.5425
forward-plus,4,1,168,0.7190719842910767,4.58,4.5014
forward-plus,4,1,169,1.004639983177185,4.4869,4.3127
forward-plus,4,1,170,1.0619200468063354,4.3024,4.4046
forward-plus,4,1,171,0.9975360035896301,4.4188,4.4276
forward-plus,4,1,172,0.7067199945449829,4.4166,4.0468
forward-plus,4,1,173,0.7495999932289124,4.0166,4.0427
forward-plus,4,1,174,0.7210559844970703,4.0657,4.0803
forward-plus,4,1,175,0.7190399765968323,4.0793,4.1923
forward-plus,4,1,176,0.7056000232696533,4.1879,4.1302
forward-plus,4,1,177,0.7219840288162231,4.1246,3.9708
forward-plus,4,1,178,0.7762560248374939,3.9345,4.6271
forward-plus,4,1,179,0.7414399981498718,4.8109,4.7928
forward-plus,4,1,180,0.7475519776344299,4.6767,4.3434
forward-plus,4,1,181,0.7414079904556274,4.3037,4.2845
forward-plus,4,1,182,1.6609599590301514,4.2971,4.3831
forward-plus,4,1,183,0.7322239875793457,4.409,4.1065
forward-plus,4,1,184,0.7343360185623169,4.0677,4.0228
forward-plus,4,1,185,0.7874559760093689,3.9933,3.8059
forward-plus,4,1,186,1.4828159809112549,3.839,4.4424
forward-plus,4,1,187,0.7209280133247375,4.5129,4.6157
forward-plus,4,1,188,1.1223039627075195,4.6104,4.6212
forward-plus,4,1,189,0.8745279908180237,4.7744,5.0101
forward-plus,4,1,190,0.7158079743385315,4.847,4.1617
forward-plus,4,1,191,0.7342079877853394,4.1691,4.2644
forward-plus,4,1,192,0.7292479872703552,4.2043,4.1079
forward-plus,4,1,193,0.7383040189743042,4.1384,4.5802
forward-plus,4,1,194,0.7271040081977844,4.6204,4.2901
forward-plus,4,1,195,0.7098240256309509,4.2341,4.1323
forward-plus,4,1,196,1.0630079507827759,4.1147,4.0125
forward-plus,4,1,197,2.236448049545288,4.0392,4.2641
forward-plus,4,1,198,0.9247040152549744,4.2653,4.082
forward-plus,4,1,199,0.72297602891922,4.0386,3.8439
forward-plus,4,1,200,1.1101759672164917,3.8474,3.7125
forward-plus,4,1,201,1.4612159729003906,3.7587,4.286
forward-plus,4,1,202,0.8786240220069885,4.2995,4.3614
forward-plus,4,1,203,1.6958400011062622,4.3129,4.1506
forward-plus,4,1,204,1.5607359409332275,4.1973,4.1444
forward-plus,4,1,205,0.7188479900360107,4.1229,4.2571
forward-plus,4,1,206,0.7486079931259155,4.2461,4.2946
forward-plus,4,1,207,0.7342399954795837,4.2787,4.2328
forward-plus,4,1,208,1.161247968673706,4.2645,4.0598
forward-plus,4,1,209,2.301151990890503,4.0362,4.4038
forward-plus,4,1,210,1.8401919603347778,4.4109,4.3333
forward-plus,4,1,211,2.4033920764923096,4.355,4.2161
forward-plus,4,1,212,1.052832007408142,4.1987,4.0125
forward-plus,4,1,213,0.7301440238952637,4.0171,4.7394
forward-plus,4,1,214,0.7219520211219788,4.7459,4.1927
forward-plus,4,1,215,0.9134399890899658,4.1893,3.995
forward-plus,4,1,216,1.1900479793548584,3.9705,4.1003
forward-plus,4,1,217,1.6609599590301514,4.1235,4.5526
forward-plus,4,1,218,2.349184036254883,4.6035,4.6283
forward-plus,4,1,219,0.7301759719848633,4.5789,4.3341
forward-plus,4,1,220,0.9082559943199158,4.304,4.4968
forward-plus,4,1,221,0.7219520211219788,4.4943,4.5576
forward-plus,4,1,222,2.025536060333252,4.6158,4.6712
forward-plus,4,1,223,1.3590400218963623,4.7051,4.4607
forward-plus,4,1,224,1.762336015701294,4.3928,4.4627
forward-plus,4,1,225,0.8510079979896545,4.4639,4.4572
forward-plus,4,1,226,1.217568039894104,4.4618,4.154
forward-plus,4,1,227,1.0988160371780396,4.1445,4.0525
forward-plus,4,1,228,0.7209600210189819,4.0169,4.3239
forward-plus,4,1,229,0.7240639925003052,4.4355,4.6275
forward-plus,4,1,230,0.699455976486206,4.5731,4.2149
forward-plus,4,1,231,1.2535359859466553,4.177,3.9541
forward-plus,4,1,232,2.5212481021881104,3.9511,4.2877
forward-plus,4,1,233,2.3429439067840576,4.3349,4.3603
forward-plus,4,1,234,2.222208023071289,4.3204,4.1668
forward-plus,4,1,235,1.4536319971084595,4.1363,4.0681
forward-plus,4,1,236,0.7486079931259155,4.087,4.5103
forward-plus,4,1,237,0.72707200050354,4.5615,4.5306
forward-plus,4,1,238,0.7219840288162231,4.5023,4.0997
forward-plus,4,1,239,1.5985280275344849,4.0569,3.7896
forward-plus,4,1,240,0.7352960109710693,3.8255,4.6274
forward-plus,4,1,241,2.1197760105133057,4.6879,4.4342
forward-plus,4,1,242,0.7465599775314331,4.3882,4.1437
forward-plus,4,1,243,1.077247977256775,4.0806,3.9579
forward-plus,4,1,244,0.7127360105514526,4.0591,4.6379
forward-plus,4,1,245,0.7157760262489319,4.6683,4.5462
forward-plus,4,1,246,1.0691200494766235,4.4861,4.1559
forward-plus,4,1,247,1.0752639770507812,4.1334,4.0024
forward-plus,4,1,248,2.3255999088287354,4.0488,5.4185
forward-plus,4,1,249,2.3369600772857666,5.4135,4.2214
forward-plus,4,1,250,0.707584023475647,4.1783,4.17
forward-plus,4,1,251,1.9241280555725098,4.2004,4.7124
forward-plus,4,1,252,0.7864639759063721,4.7446,4.9305
forward-plus,4,1,253,0.7998080253601074,4.9016,4.3186
forward-plus,4,1,254,1.1767679452896118,4.3116,4.4594
forward-plus,4,1,255,2.366528034210205,4.4848,4.9629
forward-plus,4,1,256,0.9841279983520508,5.0253,4.6839
forward-plus,4,1,257,1.6826239824295044,4.5533,4.222
forward-plus,4,1,258,1.0221760272979736,4.2855,4.4147
forward-plus,4,1,259,2.934880018234253,4.4409,4.7969
forward-plus,4,1,260,2.6245439052581787,4.7992,4.3311
forward-plus,4,1,261,0.788703978061676,4.2397,4.0432
forward-plus,4,1,262,1.192031979560852,4.0942,4.019
forward-plus,4,1,263,0.7938240170478821,3.9878,5.7353
forward-plus,4,1,264,0.788640022277832,5.7391,4.4674
forward-plus,4,1,265,1.1899839639663696,4.4697,4.171
forward-plus,4,1,266,2.4760959148406982,4.2047,4.4998
forward-plus,4,1,267,1.4634560346603394,4.5431,4.3405
forward-plus,4,1,268,3.058720111846924,4.245,4.2407
forward-plus,4,1,269,0.8490239977836609,4.2928,4.987
forward-plus,4,1,270,1.2329920530319214,5.0513,5.9756
forward-plus,4,1,271,1.2842559814453125,6.0047,4.4279
forward-plus,4,1,272,1.2259199619293213,4.2974,4.1931
forward-plus,4,1,273,0.8089920282363892,4.198,4.2557
forward-plus,4,1,274,0.831712007522583,4.2701,4.6083
forward-plus,4,1,275,0.7731519937515259,4.5661,4.0413
forward-plus,4,1,276,1.798143982887268,4.0592,3.8441
forward-plus,4,1,277,3.657344102859497,3.8367,4.394
forward-plus,4,1,278,2.1362240314483643,4.4841,4.5891
forward-plus,4,1,279,2.591871976852417,4.4894,4.2072
forward-plus,4,1,280,0.9503039717674255,4.2372,3.9913
forward-plus,4,1,281,0.7977920174598694,3.9789,4.5035
forward-plus,4,1,282,0.8120959997177124,4.5393,4.3062
forward-plus,4,1,283,1.1356799602508545,4.2712,4.037
forward-plus,4,1,284,1.4725439548492432,4.0716,3.9811
forward-plus,4,1,285,1.1786880493164062,3.957,4.4114
forward-plus,4,1,286,2.604192018508911,4.3897,4.4424
forward-plus,4,1,287,0.7844480276107788,4.4661,4.0782
forward-plus,4,1,288,0.9216639995574951,4.096,3.9447
forward-plus,4,1,289,1.6722559928894043,3.8938,4.4932
forward-plus,4,1,290,1.130560040473938,4.5855,4.3087
forward-plus,4,1,291,2.071647882461548,4.2624,4.1814
forward-plus,4,1,292,0.8069760203361511,4.1818,3.9781
forward-plus,4,1,293,0.837664008140564,3.925,4.8062
forward-plus,4,1,294,0.799839973449707,4.9109,4.3414
forward-plus,4,1,295,0.8253759741783142,4.3003,4.0999
forward-plus,4,1,296,0.7250239849090576,4.0585,3.9398
forward-plus,4,1,297,2.2559680938720703,3.9229,4.4211
forward-plus,4,1,298,0.8868799805641174,4.4768,4.4009
forward-plus,4,1,299,2.151456117630005,4.3677,4.0253
forward-plus,4,1,300,0.741536021232605,3.9838,4.0339
forward-plus,4,1,301,0.6901760101318359,4.1051,4.4642
forward-plus,4,1,302,0.7373759746551514,4.4564,3.9418
forward-plus,4,1,303,0.9861440062522888,3.9087,3.65
forward-plus,4,1,304,0.754751980304718,3.6203,3.5881
forward-plus,4,1,305,0.7035199999809265,3.6395,4.1695
forward-plus,4,1,306,0.7199680209159851,4.1719,3.8808
forward-plus,4,1,307,0.9922879934310913,3.8332,3.9325
forward-plus,4,1,308,1.4255039691925049,3.9922,3.8853
forward-plus,4,1,309,0.6830719709396362,3.8645,4.5039
forward-plus,4,1,310,0.7444800138473511,4.5587,4.3362
forward-plus,4,1,311,0.7035840153694153,4.308,3.8991
forward-plus,4,1,312,1.1346240043640137,3.8644,3.9353
forward-plus,4,1,313,1.1673280000686646,3.9266,3.9048
forward-plus,4,1,314,2.3040640354156494,3.9448,4.0293
forward-plus,4,1,315,0.6871680021286011,3.9754,3.916
forward-plus,4,1,316,1.059872031211853,3.9291,3.7778
forward-plus,4,1,317,2.2917439937591553,3.7889,4.0347
forward-plus,4,1,318,3.0033600330352783,4.0534,3.9696
forward-plus,4,1,319,0.7035840153694153,3.9606,3.8615
forward-plus,4,1,320,0.7137600183486938,3.8313,3.8416
forward-plus,4,1,321,0.8581439852714539,3.8475,3.8345
forward-plus,4,1,322,2.286623954772949,3.8289,4.2739
forward-plus,4,1,323,2.2692160606384277,4.3139,3.9895
forward-plus,4,1,324,0.7035199999809265,3.9675,3.7574
forward-plus,4,1,325,0.7383360266685486,3.7141,3.8265
forward-plus,4,1,326,2.582592010498047,3.931,4.2286
forward-plus,4,1,327,0.8213120102882385,4.2156,4.2992
forward-plus,4,1,328,2.052191972732544,4.2752,4.026
forward-plus,4,1,329,1.077280044555664,3.9869,3.8928
forward-plus,4,1,330,0.7373120188713074,3.9233,4.3449
forward-plus,4,1,331,0.704479992389679,4.3689,4.3327
forward-plus,4,1,332,0.6902080178260803,4.3165,4.0167
forward-plus,4,1,333,1.3179839849472046,3.9728,3.8097
forward-plus,4,1,334,0.7118719816207886,3.8885,4.0954
forward-plus,4,1,335,1.123487949371338,4.1004,4.6937
forward-plus,4,1,336,0.7015039920806885,4.6273,4.1273
forward-plus,4,1,337,0.7178879976272583,4.1511,3.9993
forward-plus,4,1,338,2.056351900100708,4.0224,4.5228
forward-plus,4,1,339,0.6923519968986511,4.5149,4.2554
forward-plus,4,1,340,0.9975360035896301,4.1918,4.1014
forward-plus,4,1,341,1.0742080211639404,4.1255,3.9246
forward-plus,4,1,342,1.6189759969711304,3.9702,4.4057
forward-plus,4,1,343,0.7056000232696533,4.3661,4.454
forward-plus,4,1,344,0.6995840072631836,4.4841,4.068
forward-plus,4,1,345,1.2053120136260986,4.027,3.9823
forward-plus,4,1,346,1.3396159410476685,4.0107,4.1985
forward-plus,4,1,347,2.678816080093384,4.1657,4.1464
forward-plus,4,1,348,0.8026880025863647,4.171,3.7958
forward-plus,4,1,349,1.2001279592514038,3.7694,3.7358
forward-plus,4,1,350,2.5322558879852295,3.8045,4.4481
forward-plus,4,1,351,1.5994880199432373,4.4304,4.3618
forward-plus,4,1,352,2.941119909286499,4.3495,4.0744
forward-plus,4,1,353,1.8553919792175293,4.0651,3.8201
forward-plus,4,1,354,1.9260799884796143,3.7789,4.1294
forward-plus,4,1,355,1.096735954284668,4.1936,4.3568
forward-plus,4,1,356,0.813152015209198,4.495,4.2932
forward-plus,4,1,357,1.9720640182495117,4.1714,4.1418
forward-plus,4,1,358,0.8303040266036987,4.0886,4.0857
forward-plus,4,1,359,3.119136095046997,4.1483,5.3704
forward-plus,4,1,360,1.0730559825897217,5.3608,4.0943
forward-plus,4,1,361,0.8243520259857178,4.0709,4.1118
forward-plus,4,1,362,0.8181759715080261,4.1197,5.0026
forward-plus,4,1,363,0.7978240251541138,5.0277,4.3066
forward-plus,4,1,364,1.0096319913864136,4.2481,3.853
forward-plus,4,1,365,1.3660160303115845,3.8185,3.8934
forward-plus,4,1,366,2.7904961109161377,4.0728,4.795
forward-plus,4,1,367,2.652127981185913,4.6908,4.1947
forward-plus,4,1,368,1.0157439708709717,4.1604,4.1775
forward-plus,4,1,369,0.8204159736633301,4.1673,4.3426
forward-plus,4,1,370,0.8314880132675171,4.4132,4.9059
forward-plus,4,1,371,0.7965440154075623,4.9521,4.4113
forward-plus,4,1,372,2.466815948486328,4.2598,3.9314
forward-plus,4,1,373,2.472831964492798,3.9719,4.4686
forward-plus,4,1,374,2.570143938064575,4.5751,4.5784
forward-plus,4,1,375,2.669696092605591,4.4811,4.2223
forward-plus,4,1,376,2.044991970062256,4.1741,4.3162
forward-plus,4,1,377,1.9342399835586548,4.3691,4.5157
forward-plus,4,1,378,0.8058559894561768,4.5854,4.4411
forward-plus,4,1,379,0.8439679741859436,4.3367,3.9685
forward-plus,4,1,380,2.118720054626465,3.9837,3.9422
forward-plus,4,1,381,1.840000033378601,3.9482,4.1363
forward-plus,4,1,382,0.8160640001296997,4.1771,4.3751
forward-plus,4,1,383,0.8128960132598877,4.3058,3.9958
forward-plus,4,1,384,1.247167944908142,4.0549,4.0064
forward-plus,4,1,385,2.1021759510040283,3.9757,4.572
forward-plus,4,1,386,0.8059520125389099,4.5565,4.2964
forward-plus,4,1,387,2.7228798866271973,4.3489,4.1068
forward-plus,4,1,388,2.387903928756714,4.0575,3.9537
forward-plus,4,1,389,0.8457279801368713,3.9629,4.7514
forward-plus,4,1,390,0.8181759715080261,4.7435,4.4092
forward-plus,4,1,391,0.8079360127449036,4.4388,4.6621
forward-plus,4,1,392,1.2114239931106567,4.6689,4.068
forward-plus,4,1,393,1.7039040327072144,4.0792,5.6477
forward-plus,4,1,394,0.692255973815918,5.82,5.9681
forward-plus,4,1,395,0.7148799896240234,5.824,4.2453
forward-plus,4,1,396,0.9666879773139954,4.2285,4.9864
forward-plus,4,1,397,0.7178879976272583,4.9582,5.2891
forward-plus,4,1,398,0.9011520147323608,5.3461,4.2096
forward-plus,4,1,399,2.317375898361206,4.1299,4.5957
forward-plus,4,1,400,0.9656959772109985,4.7101,4.5694
forward-plus,4,1,401,1.128607988357544,4.4554,4.3636
forward-plus,4,1,402,1.1766400337219238,4.3767,4.0862
forward-plus,4,1,403,1.7255040407180786,4.0784,4.415
forward-plus,4,1,404,0.754688024520874,4.4688,4.9024
forward-plus,4,1,405,0.7199680209159851,4.8938,4.2191
forward-plus,4,1,406,0.8777279853820801,4.1887,4.3188
forward-plus,4,1,407,1.6793279647827148,4.3398,4.7264
forward-plus,4,1,408,0.6871359944343567,4.6968,4.1059
forward-plus,4,1,409,1.3128000497817993,4.1289,4.015
forward-plus,4,1,410,0.8704000115394592,3.9912,4.0487
forward-plus,4,1,411,0.9974079728126526,4.1267,4.8062
forward-plus,4,1,412,0.6892799735069275,4.7716,4.5519
forward-plus,4,1,413,0.8540160059928894,4.527,4.2027
forward-plus,4,1,414,0.8777279853820801,4.2147,4.2463
forward-plus,4,1,415,1.1296319961547852,4.2081,4.5994
forward-plus,4,1,416,0.8694400191307068,4.6434,4.239
forward-plus,4,1,417,0.8673920035362244,4.1891,4.324
forward-plus,4,1,418,1.7183040380477905,4.3285,5.2366
forward-plus,4,1,419,0.6912959814071655,5.312,5.1643
forward-plus,4,1,420,0.6830400228500366,5.1463,4.657
forward-plus,4,1,421,0.7159680128097534,4.6277,4.7755
forward-plus,4,1,422,1.0895999670028687,4.7755,4.997
forward-plus,4,1,423,2.4125120639801025,5.065,4.4095
forward-plus,4,1,424,0.7178559899330139,4.3347,4.0073
forward-plus,4,1,425,0.7691839933395386,4.0062,4.9836
forward-plus,4,1,426,2.1616640090942383,5.0619,6.9349
forward-plus,4,1,427,1.513375997543335,6.9744,5.6782
forward-plus,4,1,428,2.8457279205322266,5.6319,4.4938
forward-plus,4,1,429,1.0915839672088623,4.4358,4.2114
forward-plus,4,1,430,0.7260800004005432,4.1961,3.9751
forward-plus,4,1,431,1.0711679458618164,3.952,3.9096
forward-plus,4,1,432,0.7055360078811646,3.9329,4.4509
forward-plus,4,1,433,0.9513279795646667,4.4295,4.1871
forward-plus,4,1,434,0.812063992023468,4.2063,4.1107
forward-plus,4,1,435,2.8295040130615234,4.0961,3.8286
forward-plus,4,1,436,0.9872000217437744,3.8288,3.7859
forward-plus,4,1,437,0.766975998878479,3.808,4.5307
forward-plus,4,1,438,0.7578240036964417,4.5727,4.5481
forward-plus,4,1,439,1.1356799602508545,4.4939,4.0589
forward-plus,4,1,440,2.576575994491577,4.0154,4.248
forward-plus,4,1,441,2.3993918895721436,4.3827,4.4713
forward-plus,4,1,442,1.0179200172424316,4.3719,3.9508
forward-plus,4,1,443,1.0845439434051514,3.9338,3.7518
forward-plus,4,1,444,1.9517760276794434,3.7562,4.143
forward-plus,4,1,445,0.7598400115966797,4.2693,4.2867
forward-plus,4,1,446,1.72051203250885,4.2018,3.8308
forward-plus,4,1,447,0.7743359804153442,3.8341,3.9167
forward-plus,4,1,448,0.7844799757003784,3.8473,4.1407
forward-plus,4,1,449,0.7660160064697266,4.2554,4.3172
forward-plus,4,1,450,0.7660160064697266,4.3311,3.9269
forward-plus,4,1,451,1.8402559757232666,3.8067,3.7185
forward-plus,4,1,452,0.7956799864768982,3.729,3.7909
forward-plus,4,1,453,0.7844480276107788,3.8132,4.1741
forward-plus,4,1,454,0.7649919986724854,4.1917,4.0639
forward-plus,4,1,455,1.2667839527130127,4.0514,3.7524
forward-plus,4,1,456,0.7968959808349609,3.7435,3.8009
forward-plus,4,1,457,2.8969600200653076,3.8221,4.9818
forward-plus,4,1,458,0.7794560194015503,4.9747,3.8429
forward-plus,4,1,459,0.7670080065727234,3.8281,3.7119
forward-plus,4,1,460,0.9114239811897278,3.6944,3.7077
forward-plus,4,1,461,0.7516800165176392,3.7289,3.978
forward-plus,4,1,462,2.2427520751953125,3.9579,4.1693
forward-plus,4,1,463,0.7598720192909241,4.1779,3.8614
forward-plus,4,1,464,1.317088007926941,3.8955,3.8058
forward-plus,4,1,465,1.9220479726791382,3.8109,4.2049
forward-plus,4,1,466,2.2108800411224365,4.19,4.216
forward-plus,4,1,467,0.7599679827690125,4.211,3.8234
forward-plus,4,1,468,1.3230719566345215,3.792,3.6842
forward-plus,4,1,469,1.661087989807129,3.658,4.4231
forward-plus,4,1,470,0.7825599908828735,4.533,4.6831
forward-plus,4,1,471,1.3774399757385254,4.6072,4.033
forward-plus,4,1,472,1.7326719760894775,4.0374,4.0065
forward-plus,4,1,473,2.1678719520568848,3.9973,4.4139
forward-plus,4,1,474,0.7854719758033752,4.5177,4.7539
forward-plus,4,1,475,0.7926080226898193,4.7227,4.0199
forward-plus,4,1,476,0.9043840169906616,3.9175,3.6739
forward-plus,4,1,477,1.6385279893875122,3.7463,4.6858
forward-plus,4,1,478,0.7885119915008545,4.7114,4.1989
forward-plus,4,1,479,0.7608960270881653,4.1656,3.9841
forward-plus,4,1,480,0.9136000275611877,3.9336,3.9075
forward-plus,4,1,481,2.4178240299224854,3.957,6.7464
forward-plus,4,1,482,1.1991679668426514,6.8357,4.1428
forward-plus,4,1,483,0.7321919798851013,3.9949,3.8583
forward-plus,4,1,484,0.7854719758033752,3.8891,3.9729
forward-plus,4,1,485,1.6293439865112305,4.0193,4.3089
forward-plus,4,1,486,1.6651840209960938,4.3071,4.0769
forward-plus,4,1,487,2.2058238983154297,4.0336,3.9679
forward-plus,4,1,488,0.7977280020713806,3.9958,5.0378
forward-plus,4,1,489,0.9780160188674927,5.1666,6.9911
forward-plus,4,1,490,1.6793919801712036,6.9056,4.8486
forward-plus,4,1,491,3.3219199180603027,4.7654,4.5222
forward-plus,4,1,492,1.0773119926452637,4.6029,4.7309
forward-plus,4,1,493,2.6592319011688232,4.6916,3.923
forward-plus,4,1,494,0.9401280283927917,3.8629,3.6944
forward-plus,4,1,495,1.0016319751739502,3.7192,3.9651
forward-plus,4,1,496,0.7588480114936829,4.0697,5.0347
forward-plus,4,1,497,0.7752000093460083,5.01,4.3225
forward-plus,4,1,498,2.4893438816070557,4.2258,3.9381
forward-plus,4,1,499,0.8069440126419067,3.9766,4.1629
forward-plus,4,1,500,2.5119359493255615,4.2138,4.5464
forward-plus,4,1,501,0.7659839987754822,4.4762,3.9493
forward-plus,4,1,502,0.9637439846992493,3.9542,3.6521
forward-plus,4,1,503,2.679840087890625,3.6449,4.1389
forward-plus,4,1,504,1.103935956954956,4.2229,4.4522
forward-plus,4,1,505,1.2329280376434326,4.3706,4.003
forward-plus,4,1,506,0.7752320170402527,4.0571,4.3182
forward-plus,4,1,507,0.9893440008163452,4.2956,4.442
forward-plus,4,1,508,1.2412480115890503,4.4816,6.5889
forward-plus,4,1,509,0.8132799863815308,6.5391,4.0913
forward-plus,4,1,510,0.7804800271987915,4.0792,4.1021
forward-plus,4,1,511,0.7507519721984863,4.1792,4.6198
forward-plus,4,1,512,0.7670080065727234,4.5323,4.1522
forward-plus,4,1,513,1.0711679458618164,4.1819,3.952
forward-plus,4,1,514,3.0986878871917725,3.9306,3.8193
forward-plus,4,1,515,0.9688640236854553,3.8291,4.3696
forward-plus,4,1,516,0.761023998260498,4.3354,4.2305
forward-plus,4,1,517,0.7641280293464661,4.2675,3.804
forward-plus,4,1,518,2.2609920501708984,3.7846,3.7822
forward-plus,4,1,519,0.9615359902381897,3.7722,4.1448
forward-plus,4,1,520,2.5170559883117676,4.1906,4.3125
forward-plus,4,1,521,0.7578880190849304,4.313,4.2045
forward-plus,4,1,522,1.4419840574264526,4.1685,3.8675
forward-plus,4,1,523,2.169919967651367,3.8648,4.3208
forward-plus,4,1,524,1.33024001121521,4.3702,4.1689
forward-plus,4,1,525,2.3871359825134277,4.1683,3.8094
forward-plus,4,1,526,1.442944049835205,3.7661,3.7637
forward-plus,4,1,527,0.7815679907798767,3.7426,4.8699
forward-plus,4,1,528,0.766975998878479,5.0131,4.2743
forward-plus,4,1,529,1.7951359748840332,4.1509,3.9983
forward-plus,4,1,530,1.1714880466461182,3.9855,3.9483
forward-plus,4,1,531,1.5585600137710571,3.9743,4.2112
forward-plus,4,1,532,0.7495999932289124,4.2606,4.3444
forward-plus,4,1,533,0.8621760010719299,4.3632,4.2215
forward-plus,4,1,534,1.1755839586257935,4.1098,3.879
forward-plus,4,1,535,2.2160959243774414,3.921,4.4737
forward-plus,4,1,536,0.8643519878387451,4.539,4.2777
forward-plus,4,1,537,0.6932799816131592,4.2129,3.7374
forward-plus,4,1,538,1.0568000078201294,3.7256,3.6988
forward-plus,4,1,539,1.4325759410858154,3.6923,4.1719
forward-plus,4,1,540,0.7148159742355347,4.2136,3.9974
forward-plus,4,1,541,0.8202880024909973,3.9512,3.7228
forward-plus,4,1,542,1.0711359977722168,3.7315,3.566
forward-plus,4,1,543,0.7168959975242615,3.5398,3.817
forward-plus,4,1,544,0.967743992805481,3.8599,4.0332
forward-plus,4,1,545,0.8172159790992737,4.015,3.8013
forward-plus,4,1,546,0.6850879788398743,3.806,3.5309
forward-plus,4,1,547,0.6964799761772156,3.505,3.7787
forward-plus,4,1,548,0.7127360105514526,3.8004,3.9905
forward-plus,4,1,549,0.837664008140564,4.0153,3.9174
forward-plus,4,1,550,2.2364161014556885,3.9388,3.73
forward-plus,4,1,551,1.0302079916000366,3.6806,3.7581
forward-plus,4,1,552,0.6954560279846191,3.7386,4.3497
forward-plus,4,1,553,0.6963840126991272,4.4202,4.0476
forward-plus,4,1,554,1.141759991645813,4.0035,3.714
forward-plus,4,1,555,0.8479040265083313,3.6822,3.6414
forward-plus,4,1,556,0.6881600022315979,3.7552,4.2281
forward-plus,4,1,557,0.6861119866371155,4.1829,4.2023
forward-plus,4,1,558,0.6933119893074036,4.1734,3.8071
forward-plus,4,1,559,3.1570560932159424,3.7717,3.8592
forward-plus,4,1,560,0.7199360132217407,3.9271,4.1109
forward-plus,4,1,561,0.6974080204963684,4.1081,4.5159
forward-plus,4,1,562,0.6841279864311218,4.5659,4.036
forward-plus,4,1,563,0.6881600022315979,3.9232,3.7771
forward-plus,4,1,564,1.1571199893951416,3.8346,3.9084
forward-plus,4,1,565,2.3961598873138428,3.9328,4.3585
forward-plus,4,1,566,0.6974080204963684,4.3187,3.8846
forward-plus,4,1,567,0.6790720224380493,3.88,3.7031
forward-plus,4,1,568,0.8489279747009277,3.6861,3.7825
forward-plus,4,1,569,0.7055680155754089,3.8142,4.0832
forward-plus,4,1,570,2.1064319610595703,4.0621,4.0169
forward-plus,4,1,571,0.6902080178260803,4.0127,3.9369
forward-plus,4,1,572,0.9852480292320251,3.9357,3.8831
forward-plus,4,1,573,2.2640960216522217,3.8605,4.1361
forward-plus,4,1,574,1.7982079982757568,4.1948,4.1095
forward-plus,4,1,575,0.7056000232696533,4.0684,3.899
forward-plus,4,1,576,1.0332159996032715,3.8919,3.5666
forward-plus,4,1,577,1.8186880350112915,3.5577,4.3694
forward-plus,4,1,578,0.8203200101852417,4.4959,4.0782
forward-plus,4,1,579,2.0111680030822754,3.9681,3.6909
forward-plus,4,1,580,0.754751980304718,3.684,3.8209
forward-plus,4,1,581,1.6609599590301514,3.7894,4.0099
forward-plus,4,1,582,0.7311679720878601,4.0913,4.4448
forward-plus,4,1,583,0.9943360090255737,4.4316,4.1779
forward-plus,4,1,584,2.089024066925049,4.1218,3.8672
forward-plus,4,1,585,0.9473919868469238,3.8961,4.3045
forward-plus,4,1,586,0.7383040189743042,4.3887,4.6824
forward-plus,4,1,587,0.7239680290222168,4.6509,4.1957
forward-plus,4,1,588,1.0384639501571655,4.1356,4.1877
forward-plus,4,1,589,1.8850879669189453,4.2202,5.4825
forward-plus,4,1,590,2.80678391456604,5.6737,7.1692
forward-plus,4,1,591,1.2288320064544678,6.9785,5.712
forward-plus,4,1,592,1.234015941619873,5.7901,5.0411
forward-plus,4,1,593,0.7414399981498718,5.0148,4.8008
forward-plus,4,1,594,0.7260479927062988,4.7707,4.2993
forward-plus,4,1,595,0.7516160011291504,4.2263,4.2082
forward-plus,4,1,596,0.7455679774284363,4.2564,3.9946
forward-plus,4,1,597,0.735264003276825,3.9755,4.0158
forward-plus,4,1,598,0.7138879895210266,4.03,4.0191
forward-plus,4,1,599,0.7364799976348877,3.9705,3.6525
forward-plus,4,1,600,1.9958080053329468,3.759,4.2855
forward-plus,4,1,601,0.7240319848060608,4.3124,4.2839
forward-plus,4,1,602,0.7231040000915527,4.1589,3.8145
forward-plus,4,1,603,1.085536003112793,3.8763,3.6579
forward-plus,4,1,604,0.7343999743461609,3.6511,4.064
forward-plus,4,1,605,2.2968640327453613,4.0707,4.4782
forward-plus,4,1,606,0.7291200160980225,4.4609,4.0849
forward-plus,4,1,607,0.9268479943275452,4.0696,3.9199
forward-plus,4,1,608,2.3951361179351807,3.9321,4.1663
forward-plus,4,1,609,1.1623040437698364,4.1596,4.0422
forward-plus,4,1,610,2.2765440940856934,4.0424,3.9069
forward-plus,4,1,611,0.72707200050354,3.8951,3.7733
forward-plus,4,1,612,0.7620480060577393,3.7662,4.0635
forward-plus,4,1,613,0.7302719950675964,4.0772,4.2692
forward-plus,4,1,614,1.5248639583587646,4.3243,4.0656
forward-plus,4,1,615,2.5353920459747314,4.0105,3.7551
forward-plus,4,1,616,0.7056959867477417,3.7661,4.2653
forward-plus,4,1,617,0.7210239768028259,4.2295,3.9675
forward-plus,4,1,618,0.7200639843940735,3.9932,3.6353
forward-plus,4,1,619,2.6973440647125244,3.614,3.474
forward-plus,4,1,620,0.7352960109710693,3.4496,3.5747
forward-plus,4,1,621,0.7302719950675964,3.6234,4.1397
forward-plus,4,1,622,0.7301440238952637,4.1684,3.8361
forward-plus,4,1,623,1.4009920358657837,3.7852,3.5759
forward-plus,4,1,624,1.3024319410324097,3.5439,3.5007
forward-plus,4,1,625,1.5105279684066772,3.5326,4.3679
forward-plus,4,1,626,0.7497599720954895,4.4365,4.0184
forward-plus,4,1,627,1.1981760263442993,3.935,3.774
forward-plus,4,1,628,2.9020800590515137,3.8271,3.8552
forward-plus,4,1,629,0.8039360046386719,3.8281,4.0853
forward-plus,4,1,630,0.81004798412323,4.0865,4.0319
forward-plus,4,1,631,0.805791974067688,4.0505,3.7872
forward-plus,4,1,632,2.3737919330596924,3.7611,3.5478
forward-plus,4,1,633,0.8190720081329346,3.5788,4.0821
forward-plus,4,1,634,0.8080000281333923,4.0881,4.391
forward-plus,4,1,635,0.821183979511261,4.3482,3.9806
forward-plus,4,1,636,0.9921280145645142,4.048,3.7744
forward-plus,4,1,637,0.8192319869995117,3.715,3.7785
forward-plus,4,1,638,2.699359893798828,3.7759,4.1524
forward-plus,4,1,639,0.8078719973564148,4.2167,3.9592
forward-plus,4,1,640,0.8151360154151917,3.8937,3.6424
forward-plus,4,1,641,1.8781119585037231,3.6491,3.7079
forward-plus,4,1,642,0.8201599717140198,3.6913,4.0687
forward-plus,4,1,643,0.8037760257720947,4.1418,4.1113
forward-plus,4,1,644,0.8180480003356934,4.105,3.7637
forward-plus,4,1,645,1.2112640142440796,3.6828,3.867
forward-plus,4,1,646,3.424351930618286,3.9084,4.0828
forward-plus,4,1,647,2.6592960357666016,4.127,4.0554
forward-plus,4,1,648,0.8016960024833679,4.0917,3.884
forward-plus,4,1,649,0.8275840282440186,3.7574,3.5063
forward-plus,4,1,650,1.9395840167999268,3.5299,3.7476
forward-plus,4,1,651,2.8527679443359375,3.8157,4.7394
forward-plus,4,1,652,2.6613759994506836,4.7235,4.2687
forward-plus,4,1,653,0.796671986579895,4.2516,3.8345
forward-plus,4,1,654,0.8223360180854797,3.7898,3.6658
forward-plus,4,1,655,2.4238080978393555,3.7073,4.3555
forward-plus,4,1,656,1.4888319969177246,4.3391,4.1184
forward-plus,4,1,657,2.8835840225219727,4.1626,3.7925
forward-plus,4,1,658,0.8160640001296997,3.7384,3.6487
forward-plus,4,1,659,1.8247679471969604,3.7117,4.5413
forward-plus,4,1,660,0.8129600286483765,4.5389,4.3725
forward-plus,4,1,661,1.339359998703003,4.3687,3.9974
forward-plus,4,1,662,1.2555840015411377,3.9625,3.8169
forward-plus,4,1,663,0.834496021270752,3.7998,4.0531
forward-plus,4,1,664,0.8346560001373291,4.0737,4.5146
forward-plus,4,1,665,0.7832639813423157,4.5425,4.1478
forward-plus,4,1,666,1.6506240367889404,4.145,3.8814
forward-plus,4,1,667,2.1635520458221436,3.8267,4.1376
forward-plus,4,1,668,2.7259199619293213,4.205,4.7232
forward-plus,4,1,669,2.3069119453430176,4.6969,3.9779
forward-plus,4,1,670,1.0342719554901123,3.9307,3.7514
forward-plus,4,1,671,1.768447995185852,3.7439,4.3387
forward-plus,4,1,672,0.794592022895813,4.4011,4.1885
forward-plus,4,1,673,1.5801600217819214,4.1637,3.7292
forward-plus,4,1,674,0.8407679796218872,3.6816,3.8583
forward-plus,4,1,675,0.8017280101776123,3.984,4.4655
forward-plus,4,1,676,0.8039680123329163,4.416,4.0143
forward-plus,4,1,677,1.2605760097503662,3.9799,3.9448
forward-plus,4,1,678,1.0937919616699219,3.9207,3.7504
forward-plus,4,1,679,0.7557439804077148,3.7709,3.9691
forward-plus,4,1,680,0.7342720031738281,3.9812,3.9871
forward-plus,4,1,681,0.8991360068321228,3.9445,3.6577
forward-plus,4,1,682,1.8439359664916992,3.6776,3.8388
forward-plus,4,1,683,0.7454720139503479,3.8574,4.2715
forward-plus,4,1,684,2.5537919998168945,4.2919,5.1557
forward-plus,4,1,685,1.291327953338623,5.1295,4.2528
forward-plus,4,1,686,1.105023980140686,4.2997,3.9587
forward-plus,4,1,687,0.7476480007171631,3.9132,5.0753
forward-plus,4,1,688,0.7649919986724854,5.1,4.0121
forward-plus,4,1,689,0.8879680037498474,4.0242,3.809
forward-plus,4,1,690,0.7311679720878601,3.7921,3.8628
forward-plus,4,1,691,0.768064022064209,3.8978,4.4206
forward-plus,4,1,692,0.7639679908752441,4.3521,4.2297
forward-plus,4,1,693,0.7352319955825806,4.2382,4.0556
forward-plus,4,1,694,1.1079360246658325,4.0483,3.9526
forward-plus,4,1,695,1.6681599617004395,3.9602,4.4381
forward-plus,4,1,696,0.967743992805481,4.4754,4.5631
forward-plus,4,1,697,2.5478720664978027,4.5481,4.0258
forward-plus,4,1,698,0.7456640005111694,3.9967,3.9414
forward-plus,4,1,699,0.7332159876823425,3.9094,4.8831
forward-plus,4,1,700,0.7476480007171631,4.9979,4.3133
forward-plus,4,1,701,0.7333760261535645,4.2283,3.9931
forward-plus,4,1,702,0.7546560168266296,3.9967,3.9126
forward-plus,4,1,703,0.75273597240448,3.9017,4.1867
forward-plus,4,1,704,2.4064319133758545,4.2251,4.4113
forward-plus,4,1,705,0.7598400115966797,4.4141,4.2982
forward-plus,4,1,706,0.7599679827690125,4.2507,4.6155
forward-plus,4,1,707,0.7527040243148804,4.6969,5.5944
forward-plus,4,1,708,0.75382399559021,5.6118,4.6237
forward-plus,4,1,709,0.7435839772224426,4.5809,4.2906
forward-plus,4,1,710,0.7599359750747681,4.2537,4.8097
forward-plus,4,1,711,0.7332159876823425,4.9775,5.0684
forward-plus,4,1,712,0.7322239875793457,4.9537,4.3963
forward-plus,4,1,713,1.0324159860610962,4.3413,4.7473
forward-plus,4,1,714,1.5831680297851562,4.8134,4.5424
forward-plus,4,1,715,1.5535680055618286,4.5561,4.5449
forward-plus,4,1,716,3.043328046798706,4.5172,4.5125
forward-plus,4,1,717,0.9185280203819275,4.4875,4.4451
forward-plus,4,1,718,1.284127950668335,4.4924,4.4872
forward-plus,4,1,719,0.7271040081977844,4.4674,4.1513
forward-plus,4,1,720,1.0976959466934204,4.1146,4.0352
deferred,4,1,121,0.789247989654541,5.1059,4.9986
deferred,4,1,122,0.7871999740600586,4.996,4.1031
deferred,4,1,123,1.6032960414886475,4.0642,4.1014
deferred,4,1,124,1.4988800287246704,4.102,4.4291
deferred,4,1,125,2.5206079483032227,4.487,4.7116
deferred,4,1,126,0.807807981967926,4.6518,4.3373
deferred,4,1,127,0.9982399940490723,4.3379,4.6343
deferred,4,1,128,0.792352020740509,4.6545,5.1196
deferred,4,1,129,0.7944639921188354,5.1597,4.7506
deferred,4,1,130,1.2469760179519653,4.7089,3.9328
deferred,4,1,131,2.4081919193267822,3.8882,4.3589
deferred,4,1,132,1.2562240362167358,4.4786,4.307
deferred,4,1,133,1.78220796585083,4.2221,4.092
deferred,4,1,134,1.7435200214385986,4.1441,4.4401
deferred,4,1,135,0.8292160034179688,4.3566,4.5747
deferred,4,1,136,1.292191982269287,4.6349,4.9858
deferred,4,1,137,0.7943680286407471,4.9806,4.0874
deferred,4,1,138,1.3760000467300415,4.0514,3.8601
deferred,4,1,139,1.8971840143203735,3.85,4.906
deferred,4,1,140,0.9491199851036072,4.9767,4.1868
deferred,4,1,141,1.604416012763977,4.1343,3.9319
deferred,4,1,142,0.8145599961280823,3.9019,4.4177
deferred,4,1,143,2.609920024871826,4.4939,5.6053
deferred,4,1,144,2.522847890853882,5.5973,3.9889
deferred,4,1,145,0.7760639786720276,3.9366,3.7451
deferred,4,1,146,0.7739199995994568,3.7238,4.2969
deferred,4,1,147,0.7667840123176575,4.3568,4.7676
deferred,4,1,148,1.064736008644104,4.7741,4.6329
deferred,4,1,149,1.1783679723739624,4.5699,4.1532
deferred,4,1,150,2.2339839935302734,4.189,4.9282
deferred,4,1,151,0.907039999961853,5.0205,4.7863
deferred,4,1,152,2.5967040061950684,4.7076,4.1741
deferred,4,1,153,0.8362879753112793,4.1558,4.242
deferred,4,1,154,0.7810559868812561,4.3079,5.3038
deferred,4,1,155,0.7534400224685669,5.3614,4.2399
deferred,4,1,156,0.7830719947814941,4.163,3.9843
deferred,4,1,157,0.7954559922218323,3.9259,4.4742
deferred,4,1,158,0.7800319790840149,4.559,5.0967
deferred,4,1,159,1.337183952331543,5.0678,4.1162
deferred,4,1,160,1.721119999885559,4.0413,3.9184
deferred,4,1,161,0.7840960025787354,3.9538,4.3751
deferred,4,1,162,2.5290238857269287,4.4322,4.741
deferred,4,1,163,1.3186559677124023,4.7109,5.1087
deferred,4,1,164,1.1488319635391235,5.0776,4.0528
deferred,4,1,165,0.7902079820632935,4.0656,4.6106
deferred,4,1,166,0.7727680206298828,4.6774,4.2481
deferred,4,1,167,0.7831360101699829,4.1454,4.076
deferred,4,1,168,0.7740479707717896,4.1067,3.7991
deferred,4,1,169,1.4764800071716309,3.7791,4.1128
deferred,4,1,170,0.7554240226745605,4.1826,4.3607
deferred,4,1,171,0.7523840069770813,4.3047,4.399
deferred,4,1,172,0.9458879828453064,4.4002,4.2066
deferred,4,1,173,1.015712022781372,4.211,4.7036
deferred,4,1,174,1.0300159454345703,4.7487,4.5988
deferred,4,1,175,1.1446080207824707,4.5434,4.0203
deferred,4,1,176,1.1498240232467651,4.0347,4.3271
deferred,4,1,177,0.7493759989738464,4.3809,4.9711
deferred,4,1,178,2.4584319591522217,4.9016,4.5037
deferred,4,1,179,3.501375913619995,4.6065,4.8795
deferred,4,1,180,0.759552001953125,4.8394,5.0903
deferred,4,1,181,1.0196160078048706,5.1319,4.8002
deferred,4,1,182,0.7646399736404419,4.6875,4.3006
deferred,4,1,183,0.9857280254364014,4.3062,4.4669
deferred,4,1,184,0.7800959944725037,4.5193,4.8806
deferred,4,1,185,0.8085119724273682,4.8248,4.7047
deferred,4,1,186,1.1945600509643555,4.7576,4.6532
deferred,4,1,187,0.762719988822937,4.6425,4.8495
deferred,4,1,188,1.0515520572662354,4.8712,4.5365
deferred,4,1,189,2.1716480255126953,4.4564,4.7283
deferred,4,1,190,1.0474239587783813,4.7898,4.4187
deferred,4,1,191,1.7824959754943848,4.396,4.3776
deferred,4,1,192,2.6437439918518066,4.3847,4.187
deferred,4,1,193,0.8210240006446838,4.1455,4.2938
deferred,4,1,194,0.8977599740028381,4.3107,4.2851
deferred,4,1,195,1.123263955116272,4.3584,4.7062
deferred,4,1,196,0.832256019115448,4.6458,4.1067
deferred,4,1,197,1.9044159650802612,4.1146,3.8158
deferred,4,1,198,1.8829439878463745,3.7928,4.1482
deferred,4,1,199,0.8190720081329346,4.1659,4.8396
deferred,4,1,200,1.1128959655761719,4.8492,4.6731
deferred,4,1,201,0.8130239844322205,4.7075,4.4466
deferred,4,1,202,0.8271359801292419,4.4123,4.674
deferred,4,1,203,0.823199987411499,4.6572,5.0997
deferred,4,1,204,0.8221439719200134,5.1447,4.7372
deferred,4,1,205,1.4580479860305786,4.6816,4.3648
deferred,4,1,206,1.1251519918441772,4.3791,5.0084
deferred,4,1,207,0.8006719946861267,5.0222,4.6703
deferred,4,1,208,0.8177599906921387,4.6581,4.3512
deferred,4,1,209,1.4302079677581787,4.3706,4.2382
deferred,4,1,210,1.3688640594482422,4.2923,5.3153
deferred,4,1,211,1.1855360269546509,5.2724,4.7145
deferred,4,1,212,2.856703996658325,4.6834,4.2873
deferred,4,1,213,1.0773760080337524,4.271,5.6588
deferred,4,1,214,1.4833600521087646,5.7296,5.0623
deferred,4,1,215,1.7745599746704102,5.0201,4.3214
deferred,4,1,216,0.8895679712295532,4.2893,4.2457
deferred,4,1,217,1.2686400413513184,4.2695,5.1005
deferred,4,1,218,0.8118079900741577,5.0941,4.4125
deferred,4,1,219,0.8191360235214233,4.4174,4.1563
deferred,4,1,220,0.8558719754219055,4.1366,4.2911
deferred,4,1,221,1.1078720092773438,4.298,4.593
deferred,4,1,222,0.8261759877204895,4.6259,4.5239
deferred,4,1,223,1.6135040521621704,4.5366,4.7934
deferred,4,1,224,2.356096029281616,4.8087,5.7299
deferred,4,1,225,0.8281919956207275,5.6929,4.861
deferred,4,1,226,1.6750719547271729,4.8618,4.6395
deferred,4,1,227,2.536223888397217,4.6276,5.2036
deferred,4,1,228,1.1160639524459839,5.2671,4.7886
deferred,4,1,229,1.9178240299224854,4.7421,4.3776
deferred,4,1,230,0.8236799836158752,4.3987,4.48
deferred,4,1,231,2.384671926498413,4.4684,5.6339
deferred,4,1,232,0.9705280065536499,5.6484,4.7919
deferred,4,1,233,3.645983934402466,4.7959,4.5347
deferred,4,1,234,0.8260480165481567,4.5594,4.6066
deferred,4,1,235,2.54966402053833,4.6402,5.1174
deferred,4,1,236,2.959104061126709,5.005,4.5373
deferred,4,1,237,0.8085439801216125,4.5606,4.7172
deferred,4,1,238,0.8179519772529602,4.8188,4.764
deferred,4,1,239,0.7913600206375122,4.6442,4.1923
deferred,4,1,240,0.764735996723175,4.1973,4.022
deferred,4,1,241,0.8241279721260071,4.0175,4.507
deferred,4,1,242,0.7882559895515442,4.5647,4.9406
deferred,4,1,243,1.1036159992218018,4.8796,4.6988
deferred,4,1,244,1.6085760593414307,4.7267,4.3015
deferred,4,1,245,0.8076800107955933,4.314,4.0402
deferred,4,1,246,2.9064319133758545,4.0438,5.1769
deferred,4,1,247,1.335103988647461,5.1594,4.4024
deferred,4,1,248,1.020799994468689,4.38,3.998
deferred,4,1,249,0.8199040293693542,4.0283,4.8514
deferred,4,1,250,0.7975360155105591,4.8565,4.654
deferred,4,1,251,0.8335040211677551,4.6177,4.2973
deferred,4,1,252,2.4358720779418945,4.3301,4.561
deferred,4,1,253,1.3085440397262573,4.5848,4.4549
deferred,4,1,254,1.6146240234375,4.3674,3.8799
deferred,4,1,255,1.1191359758377075,3.9072,4.4323
deferred,4,1,256,0.8057600259780884,4.4223,4.1988
deferred,4,1,257,0.7832639813423157,4.1957,4.2882
deferred,4,1,258,0.785152018070221,4.3353,4.058
deferred,4,1,259,1.5819200277328491,4.035,4.2505
deferred,4,1,260,3.410752058029175,4.2609,4.5677
deferred,4,1,261,2.4348158836364746,4.5611,4.4418
deferred,4,1,262,2.5912959575653076,4.4693,4.2533
deferred,4,1,263,1.2225600481033325,4.2313,4.0961
deferred,4,1,264,1.5676159858703613,4.0479,4.2571
deferred,4,1,265,0.8036159873008728,4.327,4.6996
deferred,4,1,266,0.7914559841156006,4.6975,4.5839
deferred,4,1,267,1.518399953842163,4.615,4.4793
deferred,4,1,268,1.7845439910888672,4.3776,4.4846
deferred,4,1,269,1.116927981376648,4.5982,4.4252
deferred,4,1,270,2.4963200092315674,4.3417,4.6167
deferred,4,1,271,0.8250880241394043,4.6533,4.3367
deferred,4,1,272,2.308000087738037,4.415,5.1028
deferred,4,1,273,0.7894080281257629,5.0843,4.278
deferred,4,1,274,1.199903964996338,4.192,4.6476
deferred,4,1,275,0.8210240006446838,4.6209,4.4187
deferred,4,1,276,0.833407998085022,4.5188,4.6752
deferred,4,1,277,1.011423945426941,4.6168,4.1158
deferred,4,1,278,0.7092800140380859,4.1406,5.3146
deferred,4,1,279,0.6981120109558105,5.3453,5.3425
deferred,4,1,280,0.6622719764709473,5.3207,4.3669
deferred,4,1,281,1.5387519598007202,4.3437,4.1204
deferred,4,1,282,1.870527982711792,4.0775,5.5184
deferred,4,1,283,0.685920000076294,5.6515,5.0346
deferred,4,1,284,1.0963200330734253,4.9391,4.5277
deferred,4,1,285,1.6544320583343506,4.4967,4.6979
deferred,4,1,286,0.799456000328064,4.7248,5.3529
deferred,4,1,287,1.2634880542755127,5.4051,4.6005
deferred,4,1,288,1.188480019569397,4.5257,4.4782
deferred,4,1,289,1.4875520467758179,4.5478,4.5575
deferred,4,1,290,2.0681920051574707,4.5763,5.8616
deferred,4,1,291,1.0217280387878418,5.8398,4.8259
deferred,4,1,292,0.7093120217323303,4.7667,4.2491
deferred,4,1,293,0.7328640222549438,4.2695,4.6869
deferred,4,1,294,0.6664639711380005,4.7162,4.7826
deferred,4,1,295,0.6684160232543945,4.7445,4.2232
deferred,4,1,296,1.4261120557785034,4.2062,4.3911
deferred,4,1,297,0.9090240001678467,4.404,4.407
deferred,4,1,298,0.669439971446991,4.4192,4.5904
deferred,4,1,299,1.114848017692566,4.5789,4.5978
deferred,4,1,300,1.6278719902038574,4.5787,4.668
deferred,4,1,301,0.7831040024757385,4.7103,4.4846
deferred,4,1,302,2.4889280796051025,4.4405,4.4897
deferred,4,1,303,0.727840006351471,4.5011,4.5247
deferred,4,1,304,2.221791982650757,4.5061,5.0323
deferred,4,1,305,0.6550400257110596,5.0872,4.6323
deferred,4,1,306,0.9786880016326904,4.5818,4.3901
deferred,4,1,307,0.6673920154571533,4.4091,4.961
deferred,4,1,308,0.6725119948387146,4.9489,4.5807
deferred,4,1,309,0.6620479822158813,4.5896,4.2278
deferred,4,1,310,0.6816319823265076,4.204,4.1105
deferred,4,1,311,1.6084799766540527,4.1024,4.6322
deferred,4,1,312,0.8055999875068665,4.7469,4.7043
deferred,4,1,313,2.1225600242614746,4.6162,4.3129
deferred,4,1,314,0.7052159905433655,4.2976,4.2179
deferred,4,1,315,0.6704959869384766,4.2038,4.7744
deferred,4,1,316,0.6591039896011353,4.8187,4.6539
deferred,4,1,317,1.0185600519180298,4.6393,4.3634
deferred,4,1,318,1.3288639783859253,4.3335,4.3495
deferred,4,1,319,0.674560010433197,4.4318,4.3881
deferred,4,1,320,1.0616320371627808,4.3415,3.9785
deferred,4,1,321,0.669376015663147,3.9655,4.2108
deferred,4,1,322,1.8809599876403809,4.1737,4.3174
deferred,4,1,323,0.9347839951515198,4.3952,5.0152
deferred,4,1,324,0.7349759936332703,5.0111,4.4629
deferred,4,1,325,0.9304320216178894,4.3921,4.3348
deferred,4,1,326,1.0767680406570435,4.4554,4.9007
deferred,4,1,327,0.7349119782447815,4.8772,4.342
deferred,4,1,328,0.7943999767303467,4.2842,3.9325
deferred,4,1,329,0.9173439741134644,3.8919,3.9427
deferred,4,1,330,2.3733439445495605,3.9953,4.8053
deferred,4,1,331,2.4184319972991943,4.8358,4.6737
deferred,4,1,332,0.761568009853363,4.6545,4.7315
deferred,4,1,333,1.5214719772338867,4.6888,5.1422
deferred,4,1,334,1.1374080181121826,5.4228,4.8839
deferred,4,1,335,0.7391039729118347,4.7358,4.4973
deferred,4,1,336,0.9408000111579895,4.357,4.0715
deferred,4,1,337,1.0298880338668823,4.1829,4.9171
deferred,4,1,338,0.7585279941558838,4.9296,4.3268
deferred,4,1,339,0.738207995891571,4.2401,4.686
deferred,4,1,340,2.269023895263672,4.7195,5.0653
deferred,4,1,341,0.7319039702415466,5.0635,4.9766
deferred,4,1,342,0.7493759989738464,4.9362,4.4858
deferred,4,1,343,1.3165760040283203,4.468,4.9485
deferred,4,1,344,1.5971839427947998,5.0651,5.9368
deferred,4,1,345,0.7339199781417847,5.9768,5.6023
deferred,4,1,346,1.3105599880218506,5.4762,4.3116
deferred,4,1,347,1.8092479705810547,4.2928,4.6295
deferred,4,1,348,0.7442880272865295,4.6885,4.8952
deferred,4,1,349,0.967519998550415,4.8788,4.1789
deferred,4,1,350,2.545408010482788,4.1396,4.6159
deferred,4,1,351,1.8040000200271606,4.6196,4.9203
deferred,4,1,352,2.1380159854888916,4.9541,4.3505
deferred,4,1,353,2.76147198677063,4.3551,4.7006
deferred,4,1,354,0.8384000062942505,4.7131,4.8534
deferred,4,1,355,1.0503040552139282,4.8731,4.8714
deferred,4,1,356,0.742143988609314,4.9199,4.49
deferred,4,1,357,0.770687997341156,4.3766,4.6248
deferred,4,1,358,0.7646080255508423,4.6532,4.6067
deferred,4,1,359,0.7349759936332703,4.6076,4.4126
deferred,4,1,360,0.7247999906539917,4.3836,3.8645
deferred,4,1,361,1.8848639726638794,3.8174,3.5945
deferred,4,1,362,0.7623999714851379,3.6551,4.8836
deferred,4,1,363,2.12662410736084,4.9139,4.6524
deferred,4,1,364,0.7793920040130615,4.5942,4.0689
deferred,4,1,365,1.30131196975708,4.0377,3.7631
deferred,4,1,366,2.409152030944824,3.7928,4.1722
deferred,4,1,367,1.3156479597091675,4.205,4.1452
deferred,4,1,368,2.82806396484375,4.0983,3.884
deferred,4,1,369,1.3073920011520386,3.8955,4.0024
deferred,4,1,370,0.8978559970855713,4.0212,5.5302
deferred,4,1,371,0.8631359934806824,5.5771,4.6961
deferred,4,1,372,0.8650239706039429,4.6278,4.1306
deferred,4,1,373,1.4958080053329468,4.1541,4.7315
deferred,4,1,374,0.8537920117378235,4.7833,4.7968
deferred,4,1,375,0.8660799860954285,4.7771,4.5496
deferred,4,1,376,1.3207679986953735,4.4809,4.3448
deferred,4,1,377,2.196000099182129,4.4024,4.4323
deferred,4,1,378,2.233151912689209,4.5283,4.8138
deferred,4,1,379,2.8106560707092285,4.676,3.9239
deferred,4,1,380,1.3145920038223267,3.929,3.8165
deferred,4,1,381,0.8570240139961243,3.8247,4.7909
deferred,4,1,382,0.8649600148200989,4.8169,4.5571
deferred,4,1,383,0.8600640296936035,4.5045,4.0286
deferred,4,1,384,1.702623963356018,4.0467,4.003
deferred,4,1,385,3.02675199508667,4.0528,5.0364
deferred,4,1,386,3.005376100540161,5.053,4.0707
deferred,4,1,387,0.8773760199546814,3.9794,3.7858
deferred,4,1,388,0.8897600173950195,3.8119,4.3926
deferred,4,1,389,1.1671040058135986,4.428,4.7743
deferred,4,1,390,0.8558080196380615,4.7294,4.3828
deferred,4,1,391,1.3012800216674805,4.3929,4.5705
deferred,4,1,392,3.0953280925750732,4.5722,4.9667
deferred,4,1,393,1.7518399953842163,5.017,5.2592
deferred,4,1,394,1.4251199960708618,5.218,4.2965
deferred,4,1,395,1.0881919860839844,4.2852,4.1589
deferred,4,1,396,3.1106879711151123,4.2169,4.371
deferred,4,1,397,2.105087995529175,4.3311,4.3988
deferred,4,1,398,0.8478080034255981,4.3976,3.9237
deferred,4,1,399,1.0166399478912354,3.9045,3.8173
deferred,4,1,400,2.817823886871338,3.909,4.3222
deferred,4,1,401,1.6740800142288208,4.2361,4.6012
deferred,4,1,402,3.518239974975586,4.6136,4.3248
deferred,4,1,403,0.8865280151367188,4.2978,4.4718
deferred,4,1,404,2.539423942565918,4.4831,4.759
deferred,4,1,405,0.8589439988136292,4.7896,4.1911
deferred,4,1,406,0.8917120099067688,4.158,3.7693
deferred,4,1,407,0.874239981174469,3.7552,3.9977
deferred,4,1,408,2.760672092437744,4.0046,4.6735
deferred,4,1,409,1.6649600267410278,4.7046,4.3755
deferred,4,1,410,3.674880027770996,4.3535,4.3809
deferred,4,1,411,0.8926399946212769,4.3887,4.2774
deferred,4,1,412,0.8416640162467957,4.2534,4.5999
deferred,4,1,413,0.8384640216827393,4.6435,4.5074
deferred,4,1,414,1.2572799921035767,4.4709,4.2303
deferred,4,1,415,2.392832040786743,4.2052,4.6487
deferred,4,1,416,0.8415679931640625,4.7127,4.7187
deferred,4,1,417,1.7938239574432373,4.6934,4.319
deferred,4,1,418,1.0625920295715332,4.3059,4.3058
deferred,4,1,419,1.5938880443572998,4.2981,4.8849
deferred,4,1,420,2.921247959136963,4.9496,4.4598
deferred,4,1,421,0.8435519933700562,4.4117,4.2008
deferred,4,1,422,0.8547199964523315,4.1593,4.3103
deferred,4,1,423,0.8549119830131531,4.4226,5.1009
deferred,4,1,424,0.8476160168647766,5.0757,4.7424
deferred,4,1,425,1.5448960065841675,4.6957,4.3878
deferred,4,1,426,1.1261759996414185,4.3613,4.5825
deferred,4,1,427,0.8466560244560242,4.6539,4.6539
deferred,4,1,428,1.4477119445800781,4.6199,4.2326
deferred,4,1,429,0.858784019947052,4.2101,4.1232
deferred,4,1,430,3.233567953109741,4.1365,5.0479
deferred,4,1,431,3.111840009689331,5.0969,4.68
deferred,4,1,432,0.8578879833221436,4.6612,4.1778
deferred,4,1,433,1.7794239521026611,4.1057,4.1722
deferred,4,1,434,1.1507519483566284,4.255,4.1902
deferred,4,1,435,0.8373759984970093,4.1688,3.9946
deferred,4,1,436,3.0215680599212646,3.9969,3.7666
deferred,4,1,437,1.2188800573349,3.7073,3.6469
deferred,4,1,438,0.8558400273323059,3.6831,4.2215
deferred,4,1,439,0.8332800269126892,4.2706,4.5616
deferred,4,1,440,0.845408022403717,4.4831,4.1854
deferred,4,1,441,2.087615966796875,4.2102,4.3211
deferred,4,1,442,1.4815360307693481,4.365,4.8133
deferred,4,1,443,2.6150081157684326,4.7841,4.0043
deferred,4,1,444,0.8395519852638245,3.962,3.7057
deferred,4,1,445,0.8570560216903687,3.7948,3.9858
deferred,4,1,446,1.153823971748352,3.96,4.9505
deferred,4,1,447,0.8435519933700562,4.9357,4.6045
deferred,4,1,448,1.4712640047073364,4.5866,4.3907
deferred,4,1,449,2.0938560962677,4.3911,4.7456
deferred,4,1,450,2.9568960666656494,4.7967,4.4133
deferred,4,1,451,2.9457919597625732,4.3751,4.3425
deferred,4,1,452,0.8711680173873901,4.3658,4.8158
deferred,4,1,453,1.368831992149353,4.8685,4.7828
deferred,4,1,454,2.6253440380096436,4.7522,4.9736
deferred,4,1,455,0.8405119776725769,4.9063,4.4656
deferred,4,1,456,0.8283519744873047,4.512,4.2088
deferred,4,1,457,0.8047040104866028,4.2306,4.4901
deferred,4,1,458,0.8056640028953552,4.444,4.6539
deferred,4,1,459,1.1537599563598633,4.6578,4.5149
deferred,4,1,460,2.0151679515838623,4.5064,4.8738
deferred,4,1,461,0.9377599954605103,4.9336,4.8977
deferred,4,1,462,1.2358399629592896,4.8176,4.1447
deferred,4,1,463,0.9417920112609863,4.1611,3.8989
deferred,4,1,464,0.8047040104866028,3.929,4.5396
deferred,4,1,465,0.785152018070221,4.5072,4.3463
deferred,4,1,466,0.8180480003356934,4.3687,4.1255
deferred,4,1,467,1.367840051651001,4.1468,3.8384
deferred,4,1,468,1.7680959701538086,3.7876,4.9394
deferred,4,1,469,0.9572160243988037,4.9681,4.2203
deferred,4,1,470,2.81059193611145,4.2205,4.2794
deferred,4,1,471,0.8199999928474426,4.2746,4.5426
deferred,4,1,472,1.0329920053482056,4.5415,4.8314
deferred,4,1,473,0.7636799812316895,4.809,4.4928
deferred,4,1,474,1.20905601978302,4.5065,4.3851
deferred,4,1,475,1.5604480504989624,4.4195,4.672
deferred,4,1,476,0.7720320224761963,4.6307,4.6005
deferred,4,1,477,0.806656002998352,4.62,3.8803
deferred,4,1,478,1.6698880195617676,3.8564,3.7871
deferred,4,1,479,0.8067839741706848,3.7785,3.6988
deferred,4,1,480,0.7933760285377502,3.6958,4.1106
deferred,4,1,481,0.7883520126342773,4.1638,4.4565
deferred,4,1,482,1.1590720415115356,4.408,4.1882
deferred,4,1,483,2.5710079669952393,4.1657,4.5141
deferred,4,1,484,1.2901439666748047,4.5866,4.7229
deferred,4,1,485,1.2408640384674072,4.706,4.4532
deferred,4,1,486,1.2000000476837158,4.4235,4.155
deferred,4,1,487,1.5481280088424683,4.1243,4.5195
deferred,4,1,488,0.7984319925308228,4.5988,4.5753
deferred,4,1,489,0.8035839796066284,4.5861,3.946
deferred,4,1,490,1.4046720266342163,3.9308,3.8523
deferred,4,1,491,3.4167680740356445,3.807,4.8537
deferred,4,1,492,1.1016000509262085,4.9804,4.9838
deferred,4,1,493,3.1220479011535645,4.9373,3.9655
deferred,4,1,494,0.8363519906997681,3.8587,4.6224
deferred,4,1,495,2.5700159072875977,4.8986,4.6533
deferred,4,1,496,0.7861760258674622,4.4168,4.2909
deferred,4,1,497,1.0115840435028076,4.2869,4.5544
deferred,4,1,498,1.7404799461364746,4.5661,7.5752
deferred,4,1,499,2.056960105895996,7.6851,4.7112
deferred,4,1,500,3.635999917984009,4.6111,4.3692
deferred,4,1,501,0.8383679986000061,4.3315,4.2257
deferred,4,1,502,0.8023999929428101,4.2588,4.4991
deferred,4,1,503,0.7954239845275879,4.5236,4.2784
deferred,4,1,504,1.202847957611084,4.2523,4.1937
deferred,4,1,505,2.4144320487976074,4.1865,5.1641
deferred,4,1,506,0.793503999710083,5.2763,5.0367
deferred,4,1,507,0.9901760220527649,4.9295,4.4742
deferred,4,1,508,2.7952640056610107,4.4535,4.7277
deferred,4,1,509,1.0636800527572632,4.7388,4.8426
deferred,4,1,510,1.4333440065383911,4.8598,4.3964
deferred,4,1,511,1.8757439851760864,4.3746,4.4635
deferred,4,1,512,1.5778559446334839,4.4699,4.2811
deferred,4,1,513,2.9344959259033203,4.3881,5.5092
deferred,4,1,514,0.7852799892425537,5.4359,3.9426
deferred,4,1,515,1.0247679948806763,3.8951,3.7411
deferred,4,1,516,1.070847988128662,3.7348,4.3144
deferred,4,1,517,0.8026559948921204,4.3481,4.5168
deferred,4,1,518,1.2439680099487305,4.511,4.4099
deferred,4,1,519,0.807744026184082,4.3805,3.9662
deferred,4,1,520,3.204927921295166,4.0356,4.9149
deferred,4,1,521,0.8035839796066284,4.9468,4.1744
deferred,4,1,522,0.7923200130462646,4.0783,3.8697
deferred,4,1,523,0.7954559922218323,3.8504,3.7783
deferred,4,1,524,1.6484160423278809,3.8231,4.1515
deferred,4,1,525,2.5309760570526123,4.204,4.1164
deferred,4,1,526,0.7924479842185974,4.0432,3.7296
deferred,4,1,527,1.0126399993896484,3.7172,4.2065
deferred,4,1,528,1.0718400478363037,4.2438,4.7543
deferred,4,1,529,0.7953280210494995,4.7695,4.4394
deferred,4,1,530,0.9541119933128357,4.379,4.3625
deferred,4,1,531,0.8107519745826721,4.4281,4.4478
deferred,4,1,532,1.2992000579833984,4.4313,4.6589
deferred,4,1,533,2.600735902786255,4.7264,4.4548
deferred,4,1,534,0.8199999928474426,4.334,4.2176
deferred,4,1,535,0.8047680258750916,4.2383,4.5076
deferred,4,1,536,0.8015040159225464,4.541,5.2614
deferred,4,1,537,0.7883520126342773,5.2527,4.5601
deferred,4,1,538,1.172160029411316,4.5489,4.2529
deferred,4,1,539,0.8017280101776123,4.2436,4.5454
deferred,4,1,540,0.806656002998352,4.5852,4.5389
deferred,4,1,541,1.6125760078430176,4.4818,4.3118
deferred,4,1,542,1.3063039779663086,4.3364,4.5075
deferred,4,1,543,2.8689920902252197,4.564,4.8636
deferred,4,1,544,1.8070399761199951,4.8765,4.5749
deferred,4,1,545,1.0183680057525635,4.6125,5.2445
deferred,4,1,546,2.2624640464782715,5.1669,4.3878
deferred,4,1,547,0.8650239706039429,4.5118,4.6799
deferred,4,1,548,0.872160017490387,4.5582,4.6599
deferred,4,1,549,0.8628799915313721,4.6491,4.3765
deferred,4,1,550,1.6278719902038574,4.4236,4.6637
deferred,4,1,551,0.6776319742202759,4.7083,5.4333
deferred,4,1,552,1.077888011932373,5.3343,5.0585
deferred,4,1,553,0.7011520266532898,5.0949,5.3354
deferred,4,1,554,0.6848000288009644,5.3321,4.8224
deferred,4,1,555,0.8608959913253784,4.7612,4.5966
deferred,4,1,556,0.8680639863014221,4.666,5.243
deferred,4,1,557,0.6970239877700806,5.249,4.8761
deferred,4,1,558,0.6796479821205139,4.867,4.8464
deferred,4,1,559,1.1905920505523682,4.8034,4.487
deferred,4,1,560,1.3911999464035034,4.5475,5.258
deferred,4,1,561,0.6704319715499878,5.2718,5.3133
deferred,4,1,562,1.1452800035476685,5.2746,4.3481
deferred,4,1,563,2.197216033935547,4.2974,4.648
deferred,4,1,564,0.7041280269622803,4.7383,4.6104
deferred,4,1,565,1.5848640203475952,4.5672,4.3383
deferred,4,1,566,1.0216959714889526,4.2863,4.2611
deferred,4,1,567,0.9817600250244141,4.2969,5.1333
deferred,4,1,568,2.1398398876190186,5.1736,4.8079
deferred,4,1,569,2.289344072341919,4.8031,5.1213
deferred,4,1,570,2.3016319274902344,5.1642,5.2675
deferred,4,1,571,1.8654719591140747,5.2748,4.8259
deferred,4,1,572,1.4507839679718018,4.7601,4.7746
deferred,4,1,573,2.566879987716675,4.7243,4.487
deferred,4,1,574,0.6959999799728394,4.5348,4.7316
deferred,4,1,575,2.061055898666382,4.754,4.9916
deferred,4,1,576,0.7083520293235779,4.9755,4.465
deferred,4,1,577,0.7247040271759033,4.3749,3.8596
deferred,4,1,578,0.9417920112609863,3.9733,4.4848
deferred,4,1,579,0.6694080233573914,4.4464,4.5533
deferred,4,1,580,1.1711679697036743,4.5193,4.4059
deferred,4,1,581,1.8602240085601807,4.3889,4.8363
deferred,4,1,582,0.9397760033607483,4.9,4.6943
deferred,4,1,583,1.8224960565567017,4.6555,4.388
deferred,4,1,584,0.6838080286979675,4.344,4.1858
deferred,4,1,585,1.1414719820022583,4.2896,4.8579
deferred,4,1,586,0.6654080152511597,4.8414,4.1985
deferred,4,1,587,0.6837120056152344,4.1448,4.4006
deferred,4,1,588,0.6623039841651917,4.3683,3.8253
deferred,4,1,589,1.9054399728775024,3.8866,4.4265
deferred,4,1,590,1.0493760108947754,4.4089,4.4004
deferred,4,1,591,3.0963521003723145,4.3877,3.9181
deferred,4,1,592,0.9990720152854919,3.9423,4.2312
deferred,4,1,593,1.0327999591827393,4.2852,5.5272
deferred,4,1,594,0.8026880025863647,5.5032,4.7905
deferred,4,1,595,1.4190399646759033,4.7361,4.4125
deferred,4,1,596,2.1644480228424072,4.4614,5.0355
deferred,4,1,597,0.9674239754676819,5.1032,5.1213
deferred,4,1,598,0.9654080271720886,5.0436,4.3459
deferred,4,1,599,0.9838719964027405,4.3138,4.3423
deferred,4,1,600,1.6329920291900635,4.4729,5.2438
deferred,4,1,601,0.7625280022621155,5.2179,4.8463
deferred,4,1,602,1.130336046218872,4.7234,4.1139
deferred,4,1,603,2.208479881286621,4.1742,4.9629
deferred,4,1,604,1.1005760431289673,5.0735,5.1379
deferred,4,1,605,1.3269439935684204,5.0015,4.0683
deferred,4,1,606,3.3205759525299072,4.037,3.8988
deferred,4,1,607,1.196895956993103,3.937,4.754
deferred,4,1,608,2.5035200119018555,4.7807,4.9165
deferred,4,1,609,0.763808012008667,4.8822,4.4257
deferred,4,1,610,0.9909440279006958,4.4109,4.266
deferred,4,1,611,0.7769280076026917,4.3438,5.2528
deferred,4,1,612,0.7627519965171814,5.2136,4.2179
deferred,4,1,613,1.8256319761276245,4.1516,4.2301
deferred,4,1,614,2.2894399166107178,4.264,4.7848
deferred,4,1,615,0.919327974319458,4.8366,4.9062
deferred,4,1,616,1.8861119747161865,4.8601,4.4965
deferred,4,1,617,1.5103360414505005,4.4509,4.6084
deferred,4,1,618,1.9473919868469238,4.6928,5.2236
deferred,4,1,619,2.15116810798645,5.2215,4.5449
deferred,4,1,620,2.472831964492798,4.4711,4.0286
deferred,4,1,621,1.554144024848938,4.0449,4.0373
deferred,4,1,622,0.7894080281257629,4.1399,5.2993
deferred,4,1,623,0.7585600018501282,5.2369,4.668
deferred,4,1,624,1.2664639949798584,4.61,4.4869
deferred,4,1,625,0.8037440180778503,4.5474,5.1684
deferred,4,1,626,0.7666879892349243,5.1586,4.6616
deferred,4,1,627,0.966592013835907,4.6355,4.3656
deferred,4,1,628,0.9561280012130737,4.3408,4.5944
deferred,4,1,629,1.8789119720458984,4.6651,4.9429
deferred,4,1,630,0.7781440019607544,4.9292,4.7847
deferred,4,1,631,2.2607040405273438,4.7658,4.3785
deferred,4,1,632,2.1817920207977295,4.3692,4.7687
deferred,4,1,633,2.5534400939941406,4.834,5.1064
deferred,4,1,634,2.83622407913208,5.0781,4.5306
deferred,4,1,635,0.7421759963035583,4.4758,4.5227
deferred,4,1,636,0.7471359968185425,4.6023,4.6584
deferred,4,1,637,0.7329599857330322,4.6226,4.2165
deferred,4,1,638,0.7289599776268005,4.1644,3.8268
deferred,4,1,639,1.5346879959106445,3.8446,3.8009
deferred,4,1,640,1.5409599542617798,3.8086,4.351
deferred,4,1,641,2.7020480632781982,4.3744,4.1
deferred,4,1,642,1.271456003189087,4.0612,4.7331
deferred,4,1,643,0.7483199834823608,4.77,4.6413
deferred,4,1,644,1.2378239631652832,4.7012,5.4979
deferred,4,1,645,0.726751983165741,5.5246,4.1229
deferred,4,1,646,1.0903040170669556,4.0142,3.9963
deferred,4,1,647,1.549023985862732,4.0509,4.8775
deferred,4,1,648,0.7268159985542297,4.9124,4.2018
deferred,4,1,649,1.3872640132904053,4.08,3.9521
deferred,4,1,650,1.475327968597412,4.0229,4.253
deferred,4,1,651,0.7584959864616394,4.2519,5.3203
deferred,4,1,652,0.9469119906425476,5.3553,5.3367
deferred,4,1,653,3.1547200679779053,5.2316,4.2859
deferred,4,1,654,0.7737280130386353,4.3382,4.4733
deferred,4,1,655,2.5533440113067627,4.5428,5.6987
deferred,4,1,656,0.7402240037918091,5.6153,3.9528
deferred,4,1,657,0.758463978767395,3.9462,3.8448
deferred,4,1,658,0.7443199753761292,3.9016,5.318
deferred,4,1,659,0.7216960191726685,5.2948,4.61
deferred,4,1,660,0.9008640050888062,4.5427,4.3043
deferred,4,1,661,2.260864019393921,4.3446,4.6358
deferred,4,1,662,0.7267839908599854,4.6831,4.7492
deferred,4,1,663,1.4191360473632812,4.689,4.3589
deferred,4,1,664,2.0599679946899414,4.3265,4.2552
deferred,4,1,665,0.7309439778327942,4.3207,4.9947
deferred,4,1,666,2.2751998901367188,5.0149,5.0119
deferred,4,1,667,2.3416640758514404,4.9422,4.3176
deferred,4,1,668,0.7892799973487854,4.3355,4.2267
deferred,4,1,669,0.7329919934272766,4.2914,4.8308
deferred,4,1,670,0.7340480089187622,4.8739,4.9354
deferred,4,1,671,0.743232011795044,4.8422,4.8691
deferred,4,1,672,0.7351040244102478,4.9017,5.2807
deferred,4,1,673,0.7103999853134155,5.2998,4.7937
deferred,4,1,674,0.7340480089187622,4.7041,4.6233
deferred,4,1,675,1.1724159717559814,4.651,4.3869
deferred,4,1,676,0.7871999740600586,4.4149,4.8631
deferred,4,1,677,1.257215976715088,4.8623,4.2525
deferred,4,1,678,2.652928113937378,4.2014,4.0694
deferred,4,1,679,0.8293120265007019,4.0905,4.151
deferred,4,1,680,2.4092159271240234,4.2048,5.7162
deferred,4,1,681,2.5475521087646484,5.712,4.2613
deferred,4,1,682,1.4190720319747925,4.1972,4.0172
deferred,4,1,683,0.7831040024757385,4.0415,4.8383
deferred,4,1,684,0.7943680286407471,4.8703,4.7363
deferred,4,1,685,0.8076800107955933,4.7095,4.0195
deferred,4,1,686,0.959231972694397,4.0352,4.197
deferred,4,1,687,1.9554239511489868,4.1765,4.9151
deferred,4,1,688,1.1988799571990967,5.0072,5.1491
deferred,4,1,689,2.2567999362945557,5.0389,3.9776
deferred,4,1,690,0.8363199830055237,3.9943,4.0947
deferred,4,1,691,2.4348158836364746,4.19,4.7699
deferred,4,1,692,0.7860159873962402,4.6691,4.3348
deferred,4,1,693,0.7995200157165527,4.351,4.0491
deferred,4,1,694,0.7944639921188354,4.0167,4.1577
deferred,4,1,695,2.3223040103912354,4.2315,4.6176
deferred,4,1,696,1.428223967552185,4.5609,4.0843
deferred,4,1,697,3.128063917160034,4.0987,4.3622
deferred,4,1,698,0.8353279829025269,4.3489,4.3254
deferred,4,1,699,0.8322880268096924,4.3847,7.8149
deferred,4,1,700,1.1969280242919922,7.7643,4.7825
deferred,4,1,701,0.807807981967926,4.8024,4.9636
deferred,4,1,702,1.421120047569275,5.0047,4.4707
deferred,4,1,703,2.812704086303711,4.3932,4.205
deferred,4,1,704,1.032863974571228,4.2452,4.6022
deferred,4,1,705,1.203935980796814,4.6727,5.3751
deferred,4,1,706,0.9929599761962891,5.3331,4.4707
deferred,4,1,707,1.003167986869812,4.3942,3.8958
deferred,4,1,708,1.025823950767517,3.9077,4.1856
deferred,4,1,709,1.0022399425506592,4.2379,5.1445
deferred,4,1,710,0.795520007610321,5.1186,4.3207
deferred,4,1,711,1.3893120288848877,4.4367,4.2032
deferred,4,1,712,1.525439977645874,4.0784,4.8813
deferred,4,1,713,0.8258559703826904,4.908,4.5274
deferred,4,1,714,1.4825600385665894,4.5574,5.0571
deferred,4,1,715,1.8726400136947632,5.0486,5.6611
deferred,4,1,716,0.8160640001296997,5.6979,4.9389
deferred,4,1,717,1.4405440092086792,4.8818,4.3387
deferred,4,1,718,3.5208001136779785,4.3157,4.4628
deferred,4,1,719,1.5019840002059937,4.4898,4.7116
deferred,4,1,720,1.1139520406723022,4.7492,5.2689
forward-plus,32,1,121,1.6936639547348022,3.9241,3.598
forward-plus,32,1,122,0.8653759956359863,3.6297,3.9776
forward-plus,32,1,123,0.8141760230064392,4.0199,4.2874
forward-plus,32,1,124,0.792639970779419,4.2268,4.0177
forward-plus,32,1,125,1.1715199947357178,4.0431,3.7195
forward-plus,32,1,126,1.2708799839019775,3.7046,3.8815
forward-plus,32,1,127,2.1555519104003906,3.9317,4.0686
forward-plus,32,1,128,0.7906559705734253,4.0069,4.0305
forward-plus,32,1,129,0.7977280020713806,4.0486,3.7683
forward-plus,32,1,130,1.2840640544891357,3.7567,3.864
forward-plus,32,1,131,1.4489920139312744,3.9143,4.3131
forward-plus,32,1,132,2.506783962249756,4.2627,3.9392
forward-plus,32,1,133,0.7947199940681458,3.9612,3.8702
forward-plus,32,1,134,1.1407999992370605,3.8875,3.7648
forward-plus,32,1,135,2.136255979537964,3.7198,4.0232
forward-plus,32,1,136,2.2190399169921875,4.066,3.9224
forward-plus,32,1,137,0.7936319708824158,3.8917,3.6261
forward-plus,32,1,138,1.2227200269699097,3.6167,3.5615
forward-plus,32,1,139,2.928704023361206,3.5523,4.3174
forward-plus,32,1,140,0.9380159974098206,4.4158,4.4149
forward-plus,32,1,141,2.5068159103393555,4.3742,4.044
forward-plus,32,1,142,0.788640022277832,4.0472,3.7963
forward-plus,32,1,143,0.833728015422821,3.7219,3.8462
forward-plus,32,1,144,1.0547840595245361,3.9282,4.2101
forward-plus,32,1,145,0.9287999868392944,4.1721,3.9882
forward-plus,32,1,146,2.6889920234680176,3.9622,3.6776
forward-plus,32,1,147,0.7987520098686218,3.6898,3.7696
forward-plus,32,1,148,0.807968020439148,3.7889,4.2163
forward-plus,32,1,149,0.8028799891471863,4.2478,4.0745
forward-plus,32,1,150,1.518623948097229,4.0053,3.6484
forward-plus,32,1,151,0.81004798412323,3.6841,3.8587
forward-plus,32,1,152,0.8387519717216492,3.8537,4.1096
forward-plus,32,1,153,0.8274239897727966,4.0871,4.1309
forward-plus,32,1,154,1.1448639631271362,4.1983,4.0086
forward-plus,32,1,155,1.109055995941162,3.9639,3.7868
forward-plus,32,1,156,1.0179200172424316,3.8914,4.424
forward-plus,32,1,157,0.8080000281333923,4.3336,4.204
forward-plus,32,1,158,0.8172479867935181,4.2416,3.8612
forward-plus,32,1,159,1.2780159711837769,3.8005,3.9387
forward-plus,32,1,160,2.7884480953216553,3.9201,4.6205
forward-plus,32,1,161,0.8868799805641174,4.7879,6.8534
forward-plus,32,1,162,1.4305599927902222,6.8013,4.0253
forward-plus,32,1,163,2.704416036605835,3.9501,4.5632
forward-plus,32,1,164,0.8642879724502563,4.6597,5.0289
forward-plus,32,1,165,1.370144009590149,4.935,4.052
forward-plus,32,1,166,2.9051520824432373,4.0626,3.8957
forward-plus,32,1,167,1.2503360509872437,3.8955,4.6509
forward-plus,32,1,168,0.8633919954299927,4.6475,4.5442
forward-plus,32,1,169,0.8643519878387451,4.5594,4.115
forward-plus,32,1,170,1.645632028579712,4.0752,4.0223
forward-plus,32,1,171,1.8893120288848877,4.0189,4.6438
forward-plus,32,1,172,1.0118720531463623,4.7043,4.3808
forward-plus,32,1,173,3.4815680980682373,4.3331,3.7835
forward-plus,32,1,174,1.7081279754638672,3.7767,3.7552
forward-plus,32,1,175,0.8838080167770386,3.7231,4.5684
forward-plus,32,1,176,0.8632959723472595,4.6322,4.1049
forward-plus,32,1,177,1.3824959993362427,4.0855,3.8603
forward-plus,32,1,178,3.4079039096832275,3.909,3.8083
forward-plus,32,1,179,1.0691200494766235,3.7402,4.3343
forward-plus,32,1,180,0.8695039749145508,4.3743,4.129
forward-plus,32,1,181,0.8857280015945435,4.1001,3.822
forward-plus,32,1,182,1.2493120431900024,3.7879,4.1611
forward-plus,32,1,183,2.618880033493042,4.2036,5.4182
forward-plus,32,1,184,1.182752013206482,5.5265,4.55
forward-plus,32,1,185,1.4500479698181152,4.4307,3.8502
forward-plus,32,1,186,0.917568027973175,3.8168,3.8407
forward-plus,32,1,187,0.8746240139007568,3.8859,4.7171
forward-plus,32,1,188,0.8724799752235413,4.7441,4.0962
forward-plus,32,1,189,0.8644160032272339,4.0204,3.6365
forward-plus,32,1,190,2.146591901779175,3.663,3.9147
forward-plus,32,1,191,0.8888959884643555,3.9481,4.2429
forward-plus,32,1,192,0.8879039883613586,4.2913,4.427
forward-plus,32,1,193,0.8736960291862488,4.3405,3.9644
forward-plus,32,1,194,1.2443519830703735,3.9844,3.6631
forward-plus,32,1,195,1.642591953277588,3.6423,4.1792
forward-plus,32,1,196,2.2753920555114746,4.208,4.2127
forward-plus,32,1,197,0.870464026927948,4.2034,3.7438
forward-plus,32,1,198,1.2369920015335083,3.7091,3.6388
forward-plus,32,1,199,2.1012799739837646,3.6753,4.2818
forward-plus,32,1,200,1.7449599504470825,4.2609,4.1338
forward-plus,32,1,201,2.706559896469116,4.202,3.9007
forward-plus,32,1,202,1.2872320413589478,3.8531,3.6976
forward-plus,32,1,203,0.8849279880523682,3.68,4.045
forward-plus,32,1,204,1.707200050354004,4.084,4.1706
forward-plus,32,1,205,1.3384640216827393,4.164,4.0683
forward-plus,32,1,206,2.917664051055908,4.0595,3.7327
forward-plus,32,1,207,1.1202239990234375,3.6779,3.7845
forward-plus,32,1,208,1.8331520557403564,3.8405,4.2444
forward-plus,32,1,209,1.0845119953155518,4.2564,4.1638
forward-plus,32,1,210,3.267807960510254,4.1846,3.8728
forward-plus,32,1,211,1.1684479713439941,3.7903,3.6857
forward-plus,32,1,212,0.9360319972038269,3.7343,4.5469
forward-plus,32,1,213,0.9033920168876648,4.6135,4.1081
forward-plus,32,1,214,1.1266239881515503,4.0041,3.7472
forward-plus,32,1,215,1.6252479553222656,3.7705,3.6198
forward-plus,32,1,216,0.9349120259284973,3.6186,4.0242
forward-plus,32,1,217,0.9134719967842102,4.03,4.0483
forward-plus,32,1,218,0.9124159812927246,4.0195,3.8841
forward-plus,32,1,219,2.0430080890655518,3.9095,3.7409
forward-plus,32,1,220,0.9411200284957886,3.7352,4.061
forward-plus,32,1,221,1.4860479831695557,4.1041,4.2531
forward-plus,32,1,222,0.9247679710388184,4.188,3.8774
forward-plus,32,1,223,0.9247040152549744,3.9318,3.6515
forward-plus,32,1,224,1.4582079648971558,3.6361,3.9106
forward-plus,32,1,225,2.4986560344696045,3.8774,4.2389
forward-plus,32,1,226,0.9483199715614319,4.2856,4.0372
forward-plus,32,1,227,0.9267839789390564,4.039,3.9023
forward-plus,32,1,228,0.9636160135269165,3.8759,4.0893
forward-plus,32,1,229,2.627840042114258,4.155,4.784
forward-plus,32,1,230,0.927839994430542,4.9262,4.9193
forward-plus,32,1,231,2.1688640117645264,4.7127,3.7807
forward-plus,32,1,232,0.9185919761657715,3.7525,4.0414
forward-plus,32,1,233,3.519455909729004,4.094,4.4421
forward-plus,32,1,234,0.8971840143203735,4.5077,4.4412
forward-plus,32,1,235,1.3495680093765259,4.3583,3.7978
forward-plus,32,1,236,2.1361279487609863,3.7671,3.9563
forward-plus,32,1,237,3.334239959716797,4.0319,4.2616
forward-plus,32,1,238,2.7383999824523926,4.2142,4.0124
forward-plus,32,1,239,1.3691840171813965,4.0075,3.8176
forward-plus,32,1,240,0.9472320079803467,3.7766,3.7363
forward-plus,32,1,241,2.130079984664917,3.7848,4.0477
forward-plus,32,1,242,1.2923840284347534,4.0739,4.1083
forward-plus,32,1,243,0.9329919815063477,4.0443,3.6674
forward-plus,32,1,244,1.2513920068740845,3.6807,3.8561
forward-plus,32,1,245,2.64300799369812,3.9559,4.3011
forward-plus,32,1,246,1.2874239683151245,4.3088,4.2189
forward-plus,32,1,247,3.2502079010009766,4.1006,3.7004
forward-plus,32,1,248,1.3179199695587158,3.765,3.7752
forward-plus,32,1,249,0.9308480024337769,3.762,4.1215
forward-plus,32,1,250,0.9810240268707275,4.0714,3.8861
forward-plus,32,1,251,1.41212797164917,3.9595,3.7804
forward-plus,32,1,252,1.3997119665145874,3.748,3.682
forward-plus,32,1,253,0.9472640156745911,3.7085,4.5349
forward-plus,32,1,254,0.957472026348114,4.4984,4.2038
forward-plus,32,1,255,0.918720006942749,4.2672,3.8788
forward-plus,32,1,256,2.3820159435272217,3.8339,3.697
forward-plus,32,1,257,0.9473599791526794,3.7004,3.738
forward-plus,32,1,258,0.9380480051040649,3.6754,3.8269
forward-plus,32,1,259,0.9288640022277832,3.91,4.162
forward-plus,32,1,260,1.4071999788284302,4.1206,3.7138
forward-plus,32,1,261,1.076416015625,3.6636,3.6982
forward-plus,32,1,262,1.802240014076233,3.7716,4.2953
forward-plus,32,1,263,0.9370560050010681,4.2898,4.107
forward-plus,32,1,264,0.9073600172996521,4.0861,3.7938
forward-plus,32,1,265,1.0958080291748047,3.7626,3.9704
forward-plus,32,1,266,0.9410560131072998,4.0596,4.2105
forward-plus,32,1,267,2.7064640522003174,4.2328,4.455
forward-plus,32,1,268,0.9185919761657715,4.3745,3.9617
forward-plus,32,1,269,1.3323520421981812,3.9587,3.7623
forward-plus,32,1,270,2.7792959213256836,3.7489,4.036
forward-plus,32,1,271,0.9123839735984802,4.1201,4.7445
forward-plus,32,1,272,2.6911680698394775,4.6657,3.9725
forward-plus,32,1,273,1.3066240549087524,3.9753,3.6666
forward-plus,32,1,274,0.9166399836540222,3.6561,4.2212
forward-plus,32,1,275,0.9154880046844482,4.2583,3.9074
forward-plus,32,1,276,1.258687973022461,3.8526,3.7283
forward-plus,32,1,277,0.9431679844856262,3.7453,3.6537
forward-plus,32,1,278,0.9493119716644287,3.6474,3.9491
forward-plus,32,1,279,1.8403199911117554,3.9737,4.3227
forward-plus,32,1,280,1.4572479724884033,4.3608,3.9728
forward-plus,32,1,281,2.210911989212036,3.9362,3.7024
forward-plus,32,1,282,0.9269120097160339,3.684,3.8253
forward-plus,32,1,283,0.9155840277671814,3.8452,4.4505
forward-plus,32,1,284,0.9226880073547363,4.4833,4.0919
forward-plus,32,1,285,1.832095980644226,4.0643,3.9377
forward-plus,32,1,286,1.2862720489501953,3.9087,4.0172
forward-plus,32,1,287,3.021888017654419,4.0968,4.7602
forward-plus,32,1,288,1.176543951034546,4.7581,4.0406
forward-plus,32,1,289,1.3569920063018799,4.0221,3.7901
forward-plus,32,1,290,1.7439359426498413,3.7116,3.8922
forward-plus,32,1,291,2.743488073348999,3.9578,4.2749
forward-plus,32,1,292,1.2750719785690308,4.2506,3.9304
forward-plus,32,1,293,0.9023039937019348,3.9137,3.6064
forward-plus,32,1,294,1.2995840311050415,3.5775,3.5722
forward-plus,32,1,295,2.6594560146331787,3.6485,4.2469
forward-plus,32,1,296,2.900160074234009,4.2459,4.1671
forward-plus,32,1,297,2.368607997894287,4.1146,3.8629
forward-plus,32,1,298,1.784000039100647,3.8799,3.7949
forward-plus,32,1,299,1.7031359672546387,3.7952,4.1294
forward-plus,32,1,300,1.8002879619598389,4.1677,3.994
forward-plus,32,1,301,2.454591989517212,3.9303,3.7433
forward-plus,32,1,302,3.096031904220581,3.7654,4.3115
forward-plus,32,1,303,0.950655996799469,4.3073,4.0517
forward-plus,32,1,304,1.211359977722168,4.0489,4.0272
forward-plus,32,1,305,0.9154880046844482,4.0543,3.9788
forward-plus,32,1,306,3.1909759044647217,3.9793,3.7915
forward-plus,32,1,307,1.3170559406280518,3.7683,3.7808
forward-plus,32,1,308,0.9114239811897278,3.7547,4.1176
forward-plus,32,1,309,0.9022079706192017,4.1826,4.1087
forward-plus,32,1,310,1.4202879667282104,4.0708,3.6734
forward-plus,32,1,311,0.9636800289154053,3.7369,3.8144
forward-plus,32,1,312,0.9697279930114746,3.7865,4.3096
forward-plus,32,1,313,0.9083840250968933,4.345,4.3469
forward-plus,32,1,314,0.9033600091934204,4.3368,4.0898
forward-plus,32,1,315,0.9277439713478088,4.0164,3.965
forward-plus,32,1,316,1.4296000003814697,4.0134,4.1107
forward-plus,32,1,317,2.728127956390381,4.0902,3.9462
forward-plus,32,1,318,0.9042559862136841,3.9422,3.914
forward-plus,32,1,319,1.3271360397338867,3.8746,3.7566
forward-plus,32,1,320,1.8125439882278442,3.7848,4.3406
forward-plus,32,1,321,0.9094719886779785,4.456,5.3399
forward-plus,32,1,322,1.6015679836273193,5.2441,3.9622
forward-plus,32,1,323,1.8073920011520386,3.9337,3.8158
forward-plus,32,1,324,0.946399986743927,3.8752,4.3303
forward-plus,32,1,325,0.9022079706192017,4.2926,4.0632
forward-plus,32,1,326,0.9126080274581909,4.0653,3.6849
forward-plus,32,1,327,1.7204480171203613,3.6711,3.7897
forward-plus,32,1,328,0.9123520255088806,3.8524,4.2761
forward-plus,32,1,329,0.8888959884643555,4.2449,3.9321
forward-plus,32,1,330,0.9247360229492188,3.8678,3.628
forward-plus,32,1,331,2.17411208152771,3.656,3.6866
forward-plus,32,1,332,0.9391040205955505,3.679,3.6981
forward-plus,32,1,333,0.9482880234718323,3.7058,4.0385
forward-plus,32,1,334,0.9084799885749817,4.1057,3.9504
forward-plus,32,1,335,1.702015995979309,3.8804,3.5784
forward-plus,32,1,336,1.1612160205841064,3.5716,3.7184
forward-plus,32,1,337,1.4827840328216553,3.723,4.1973
forward-plus,32,1,338,0.901311993598938,4.2396,3.9974
forward-plus,32,1,339,0.8951359987258911,3.9629,3.6256
forward-plus,32,1,340,1.780735969543457,3.5932,3.5194
forward-plus,32,1,341,1.713215947151184,3.5782,4.0175
forward-plus,32,1,342,0.9104959964752197,4.0253,4.324
forward-plus,32,1,343,0.910368025302887,4.3152,3.9062
forward-plus,32,1,344,2.099263906478882,3.8581,3.7606
forward-plus,32,1,345,2.3009281158447266,3.8053,4.0699
forward-plus,32,1,346,3.1387200355529785,4.1113,4.4526
forward-plus,32,1,347,0.8889600038528442,4.4384,3.882
forward-plus,32,1,348,1.4961600303649902,3.8129,3.6305
forward-plus,32,1,349,1.8442879915237427,3.6685,4.4053
forward-plus,32,1,350,1.2023999691009521,4.4518,4.26
forward-plus,32,1,351,2.41264009475708,4.1769,3.9002
forward-plus,32,1,352,1.3518400192260742,3.9216,3.6057
forward-plus,32,1,353,2.021343946456909,3.5952,4.064
forward-plus,32,1,354,0.9308800101280212,4.1365,4.5286
forward-plus,32,1,355,0.9196799993515015,4.4708,4.0238
forward-plus,32,1,356,1.3374079465866089,4.199,4.0213
forward-plus,32,1,357,0.8357440233230591,3.8366,3.8495
forward-plus,32,1,358,0.8223040103912354,3.8725,4.5715
forward-plus,32,1,359,0.823360025882721,4.5494,3.9464
forward-plus,32,1,360,1.204319953918457,3.9485,3.7048
forward-plus,32,1,361,1.8104640245437622,3.6994,3.9733
forward-plus,32,1,362,0.8100159764289856,3.9772,4.0285
forward-plus,32,1,363,0.8028479814529419,4.0406,3.7881
forward-plus,32,1,364,0.8059520125389099,3.7753,3.5522
forward-plus,32,1,365,1.8483840227127075,3.5388,3.894
forward-plus,32,1,366,1.4122560024261475,3.8948,3.8621
forward-plus,32,1,367,0.8059520125389099,3.8747,3.7567
forward-plus,32,1,368,0.8264319896697998,3.7525,3.8998
forward-plus,32,1,369,1.8750079870224,3.895,4.1801
forward-plus,32,1,370,1.5042879581451416,4.2483,4.6666
forward-plus,32,1,371,2.1801600456237793,4.6925,4.263
forward-plus,32,1,372,0.8233280181884766,4.2079,3.8885
forward-plus,32,1,373,0.8049280047416687,3.838,4.2385
forward-plus,32,1,374,1.0158720016479492,4.2891,4.262
forward-plus,32,1,375,0.9984319806098938,4.2653,4.1847
forward-plus,32,1,376,1.0342719554901123,4.1565,4.3433
forward-plus,32,1,377,1.5186560153961182,4.3791,4.1614
forward-plus,32,1,378,1.0055999755859375,4.1969,4.2338
forward-plus,32,1,379,0.855072021484375,4.1804,4.2353
forward-plus,32,1,380,1.2175999879837036,4.2075,4.3834
forward-plus,32,1,381,1.2012159824371338,4.4415,5.2245
forward-plus,32,1,382,0.8141440153121948,5.213,4.377
forward-plus,32,1,383,0.9780160188674927,4.3757,4.6384
forward-plus,32,1,384,1.3609600067138672,4.6096,4.1981
forward-plus,32,1,385,2.131040096282959,4.2267,4.6192
forward-plus,32,1,386,2.016319990158081,4.6405,4.2825
forward-plus,32,1,387,2.4720959663391113,4.1951,3.9415
forward-plus,32,1,388,0.806879997253418,3.982,4.0097
forward-plus,32,1,389,1.0117440223693848,4.0111,4.1882
forward-plus,32,1,390,0.8161600232124329,4.2361,4.4739
forward-plus,32,1,391,0.9728639721870422,4.406,4.8086
forward-plus,32,1,392,1.1427839994430542,4.9365,4.386
forward-plus,32,1,393,2.5138559341430664,4.2803,4.363
forward-plus,32,1,394,1.4223999977111816,4.4022,4.6664
forward-plus,32,1,395,2.098207950592041,4.6503,3.9693
forward-plus,32,1,396,1.146880030632019,3.9214,3.9354
forward-plus,32,1,397,0.8264639973640442,3.961,5.0426
forward-plus,32,1,398,0.8120319843292236,5.0396,4.6025
forward-plus,32,1,399,0.7998080253601074,4.6349,4.2135
forward-plus,32,1,400,1.8566720485687256,4.2124,4.4216
forward-plus,32,1,401,0.8132479786872864,4.4538,4.6962
forward-plus,32,1,402,1.061951994895935,4.6289,4.0516
forward-plus,32,1,403,0.7311040163040161,4.0521,3.8251
forward-plus,32,1,404,0.9268159866333008,3.8077,3.8097
forward-plus,32,1,405,0.7619199752807617,3.8133,4.445
forward-plus,32,1,406,0.7260479927062988,4.5026,4.1337
forward-plus,32,1,407,1.397887945175171,4.0742,3.8446
forward-plus,32,1,408,0.7608640193939209,3.854,4.1352
forward-plus,32,1,409,1.110144019126892,4.1605,5.3566
forward-plus,32,1,410,0.737280011177063,5.4081,4.141
forward-plus,32,1,411,0.8008319735527039,4.0775,3.997
forward-plus,32,1,412,0.7506240010261536,3.9965,4.0132
forward-plus,32,1,413,2.1218559741973877,4.0403,4.2262
forward-plus,32,1,414,0.7404800057411194,4.2279,4.2248
forward-plus,32,1,415,0.7342079877853394,4.1915,3.9083
forward-plus,32,1,416,0.764959990978241,3.8721,3.9309
forward-plus,32,1,417,0.7865920066833496,3.9992,4.8091
forward-plus,32,1,418,0.7250239849090576,4.8546,4.2054
forward-plus,32,1,419,0.8583040237426758,4.122,3.7827
forward-plus,32,1,420,0.7741439938545227,3.7453,3.6818
forward-plus,32,1,421,0.7424319982528687,3.771,4.3327
forward-plus,32,1,422,0.7086399793624878,4.3414,4.1853
forward-plus,32,1,423,0.7404800057411194,4.1412,3.7119
forward-plus,32,1,424,1.255552053451538,3.7373,3.6751
forward-plus,32,1,425,0.734175980091095,3.6902,4.407
forward-plus,32,1,426,0.7670080065727234,4.3617,4.1272
forward-plus,32,1,427,0.7280960083007812,4.0803,3.9042
forward-plus,32,1,428,1.177791953086853,3.9335,3.8677
forward-plus,32,1,429,1.2350080013275146,3.9387,4.6183
forward-plus,32,1,430,0.7291200160980225,4.5567,4.106
forward-plus,32,1,431,2.2682559490203857,4.1357,4.2253
forward-plus,32,1,432,0.7680320143699646,4.2242,4.3495
forward-plus,32,1,433,1.633344054222107,4.3531,6.0664
forward-plus,32,1,434,2.034719944000244,6.0581,4.2831
forward-plus,32,1,435,1.0773760080337524,4.3132,4.2158
forward-plus,32,1,436,0.9113919734954834,4.2176,4.3829
forward-plus,32,1,437,0.7690879702568054,4.3744,4.2466
forward-plus,32,1,438,0.7374399900436401,4.1789,3.8251
forward-plus,32,1,439,2.1309120655059814,3.838,3.6247
forward-plus,32,1,440,0.7383360266685486,3.6199,3.742
forward-plus,32,1,441,0.7424319982528687,3.7237,4.5516
forward-plus,32,1,442,0.7302719950675964,4.6325,4.3691
forward-plus,32,1,443,0.7322880029678345,4.341,3.8909
forward-plus,32,1,444,2.3613760471343994,3.9318,3.8429
forward-plus,32,1,445,0.7577919960021973,3.76,4.0222
forward-plus,32,1,446,0.7620480060577393,4.0959,4.016
forward-plus,32,1,447,0.7301759719848633,4.0417,3.8992
forward-plus,32,1,448,1.5001920461654663,3.782,3.9848
forward-plus,32,1,449,1.136672019958496,4.0739,4.3337
forward-plus,32,1,450,1.1284799575805664,4.3186,4.102
forward-plus,32,1,451,0.768064022064209,4.062,3.9453
forward-plus,32,1,452,1.4827840328216553,3.9039,3.6978
forward-plus,32,1,453,2.0666239261627197,3.738,4.142
forward-plus,32,1,454,1.7316479682922363,4.1596,4.0992
forward-plus,32,1,455,1.951807975769043,4.0965,3.7712
forward-plus,32,1,456,1.4551039934158325,3.7145,3.6128
forward-plus,32,1,457,1.6958080530166626,3.6617,4.0704
forward-plus,32,1,458,0.8089600205421448,4.1131,4.2788
forward-plus,32,1,459,2.1760001182556152,4.2337,4.0394
forward-plus,32,1,460,2.231328010559082,4.0454,3.7428
forward-plus,32,1,461,0.971776008605957,3.721,4.0797
forward-plus,32,1,462,0.7884799838066101,4.1317,4.2684
forward-plus,32,1,463,0.7905600070953369,4.2071,3.9576
forward-plus,32,1,464,1.1458560228347778,4.0177,3.9575
forward-plus,32,1,465,0.7906879782676697,3.9056,3.7987
forward-plus,32,1,466,0.7987520098686218,3.8311,4.629
forward-plus,32,1,467,0.7874559760093689,4.6517,4.3717
forward-plus,32,1,468,0.7884479761123657,4.358,3.8551
forward-plus,32,1,469,2.574399948120117,3.8209,4.1206
forward-plus,32,1,470,2.086944103240967,4.1259,4.1213
forward-plus,32,1,471,2.1647679805755615,4.14,4.1525
forward-plus,32,1,472,1.1653759479522705,4.1364,3.8501
forward-plus,32,1,473,0.9575039744377136,3.8403,4.2231
forward-plus,32,1,474,0.7926080226898193,4.2676,4.7053
forward-plus,32,1,475,0.9236800074577332,4.7069,4.3732
forward-plus,32,1,476,1.7316160202026367,4.373,4.2008
forward-plus,32,1,477,2.828320026397705,4.1475,4.4819
forward-plus,32,1,478,1.9958080053329468,4.5807,5.0776
forward-plus,32,1,479,1.0219839811325073,5.0353,4.0701
forward-plus,32,1,480,1.2789759635925293,3.9979,4.0787
forward-plus,32,1,481,0.8479679822921753,4.1067,5.4294
forward-plus,32,1,482,2.232383966445923,5.6156,6.0091
forward-plus,32,1,483,0.7793279886245728,5.8902,4.1944
forward-plus,32,1,484,0.9718080163002014,4.1099,4.4464
forward-plus,32,1,485,0.8018239736557007,4.5332,4.6113
forward-plus,32,1,486,0.7690879702568054,4.5863,4.2183
forward-plus,32,1,487,1.161247968673706,4.2241,4.2075
forward-plus,32,1,488,2.4340479373931885,4.1599,4.6067
forward-plus,32,1,489,0.7956799864768982,4.7796,5.225
forward-plus,32,1,490,1.0291520357131958,5.1398,4.1329
forward-plus,32,1,491,2.0623679161071777,4.0934,4.055
forward-plus,32,1,492,0.8182399868965149,4.0788,4.6679
forward-plus,32,1,493,0.7639679908752441,4.6461,4.2931
forward-plus,32,1,494,0.7792959809303284,4.2818,3.9542
forward-plus,32,1,495,1.6823999881744385,3.8944,4.1804
forward-plus,32,1,496,1.557536005973816,4.3015,4.4539
forward-plus,32,1,497,0.7833920121192932,4.4047,4.2315
forward-plus,32,1,498,1.1448960304260254,4.207,3.9115
forward-plus,32,1,499,0.9144960045814514,3.8588,4.1763
forward-plus,32,1,500,0.8767359852790833,4.2687,4.6357
forward-plus,32,1,501,0.8653759956359863,4.6166,4.5219
forward-plus,32,1,502,1.2984639406204224,4.4652,4.2414
forward-plus,32,1,503,2.7373440265655518,4.2834,4.5477
forward-plus,32,1,504,1.7653759717941284,4.5989,4.5607
forward-plus,32,1,505,2.5406079292297363,4.5194,4.2922
forward-plus,32,1,506,3.042527914047241,4.2571,3.8562
forward-plus,32,1,507,0.8827199935913086,3.8605,4.501
forward-plus,32,1,508,0.8900480270385742,4.5385,4.7805
forward-plus,32,1,509,0.891103982925415,4.8032,4.7033
forward-plus,32,1,510,1.2963520288467407,4.659,4.7377
forward-plus,32,1,511,0.9279040098190308,4.854,6.2107
forward-plus,32,1,512,0.858240008354187,6.1602,4.507
forward-plus,32,1,513,1.6240639686584473,4.4046,4.078
forward-plus,32,1,514,1.686560034751892,4.1192,4.6522
forward-plus,32,1,515,1.0118080377578735,4.6758,4.381
forward-plus,32,1,516,1.7972480058670044,4.3553,3.9931
forward-plus,32,1,517,1.4942079782485962,3.931,3.7642
forward-plus,32,1,518,1.0477440357208252,3.7865,4.4787
forward-plus,32,1,519,0.86735999584198,4.5272,4.188
forward-plus,32,1,520,0.8909440040588379,4.13,3.7469
forward-plus,32,1,521,1.8863359689712524,3.763,3.687
forward-plus,32,1,522,1.182752013206482,3.6795,3.6991
forward-plus,32,1,523,0.9012159705162048,3.7169,4.2152
forward-plus,32,1,524,0.8572480082511902,4.2542,4.2279
forward-plus,32,1,525,0.8745599985122681,4.1937,3.7265
forward-plus,32,1,526,2.9011518955230713,3.7002,3.9075
forward-plus,32,1,527,2.1115200519561768,3.9856,4.7384
forward-plus,32,1,528,0.9125120043754578,4.6932,4.122
forward-plus,32,1,529,0.8581439852714539,4.1197,4.0014
forward-plus,32,1,530,0.9012159705162048,3.9715,3.7594
forward-plus,32,1,531,1.975327968597412,3.7497,4.083
forward-plus,32,1,532,2.69215989112854,4.143,4.1467
forward-plus,32,1,533,0.9216639995574951,4.1825,3.8768
forward-plus,32,1,534,0.8858559727668762,3.7948,3.6331
forward-plus,32,1,535,2.6900479793548584,3.6166,4.0841
forward-plus,32,1,536,1.003551959991455,4.1413,4.1117
forward-plus,32,1,537,2.56825590133667,4.0841,3.7295
forward-plus,32,1,538,1.2923200130462646,3.6912,3.699
forward-plus,32,1,539,0.8714240193367004,3.7343,4.0163
forward-plus,32,1,540,1.7132480144500732,4.0752,4.2399
forward-plus,32,1,541,2.5600640773773193,4.2003,3.8551
forward-plus,32,1,542,2.331648111343384,3.8065,3.6648
forward-plus,32,1,543,0.8582080006599426,3.6853,4.3414
forward-plus,32,1,544,0.86735999584198,4.3883,4.2049
forward-plus,32,1,545,1.115231990814209,4.1829,3.8561
forward-plus,32,1,546,2.838592052459717,3.8056,3.5197
forward-plus,32,1,547,0.928928017616272,3.5504,3.7685
forward-plus,32,1,548,0.8787199854850769,3.8066,4.4305
forward-plus,32,1,549,0.8724799752235413,4.3889,4.0725
forward-plus,32,1,550,1.0589439868927002,4.1428,3.9287
forward-plus,32,1,551,0.8786879777908325,3.8646,3.8325
forward-plus,32,1,552,2.0900158882141113,3.8765,4.2105
forward-plus,32,1,553,0.8622400164604187,4.1921,4.2141
forward-plus,32,1,554,0.8663679957389832,4.2018,3.9102
forward-plus,32,1,555,1.2976319789886475,3.9307,3.9112
forward-plus,32,1,556,1.3608959913253784,3.8741,4.3173
forward-plus,32,1,557,2.5591681003570557,4.3488,3.9121
forward-plus,32,1,558,0.8664000034332275,3.8766,4.0428
forward-plus,32,1,559,0.8757439851760864,4.0479,3.9583
forward-plus,32,1,560,1.869920015335083,3.9549,4.2147
forward-plus,32,1,561,1.1745280027389526,4.2889,4.4288
forward-plus,32,1,562,2.453536033630371,4.4265,3.8973
forward-plus,32,1,563,1.2738879919052124,3.8198,3.7739
forward-plus,32,1,564,0.8673279881477356,3.7599,4.6918
forward-plus,32,1,565,0.8695039749145508,4.7422,4.1119
forward-plus,32,1,566,0.8818240165710449,4.0899,4.0613
forward-plus,32,1,567,1.3507200479507446,4.035,4.0285
forward-plus,32,1,568,1.370144009590149,4.106,4.8348
forward-plus,32,1,569,2.5438079833984375,4.8244,4.362
forward-plus,32,1,570,0.897055983543396,4.3322,4.1623
forward-plus,32,1,571,0.8899199962615967,4.1189,3.9252
forward-plus,32,1,572,1.7039999961853027,3.9775,4.322
forward-plus,32,1,573,0.8634240031242371,4.3223,4.3578
forward-plus,32,1,574,2.0132479667663574,4.3087,3.9699
forward-plus,32,1,575,0.9329280257225037,4.0065,4.0913
forward-plus,32,1,576,1.5391680002212524,4.1502,4.9888
forward-plus,32,1,577,2.560096025466919,5.0255,4.5946
forward-plus,32,1,578,1.2842559814453125,4.4769,4.2252
forward-plus,32,1,579,1.669152021408081,4.2462,4.6779
forward-plus,32,1,580,0.86735999584198,4.7089,4.9739
forward-plus,32,1,581,0.8808320164680481,4.9481,4.0102
forward-plus,32,1,582,2.1791040897369385,3.9813,3.7701
forward-plus,32,1,583,0.8827199935913086,3.7874,4.0203
forward-plus,32,1,584,1.3077119588851929,4.0434,4.5477
forward-plus,32,1,585,0.8685759902000427,4.5394,4.0589
forward-plus,32,1,586,1.291424036026001,4.0419,3.7232
forward-plus,32,1,587,3.1222081184387207,3.7139,3.85
forward-plus,32,1,588,1.4131519794464111,3.9001,4.1586
forward-plus,32,1,589,0.8632959723472595,4.096,3.8968
forward-plus,32,1,590,0.868511974811554,3.9545,3.7813
forward-plus,32,1,591,0.8838080167770386,3.7313,3.7301
forward-plus,32,1,592,1.5833280086517334,3.7418,4.12
forward-plus,32,1,593,2.621471881866455,4.1641,4.2058
forward-plus,32,1,594,1.0346239805221558,4.1781,3.8887
forward-plus,32,1,595,0.9646720290184021,3.8655,3.8484
forward-plus,32,1,596,2.5670719146728516,3.833,4.082
forward-plus,32,1,597,1.353760004043579,4.132,4.0348
forward-plus,32,1,598,2.8354880809783936,4.0047,3.6154
forward-plus,32,1,599,1.3692799806594849,3.6621,3.8456
forward-plus,32,1,600,1.8471360206604004,3.7686,4.1757
forward-plus,32,1,601,1.5042239427566528,4.309,4.2309
forward-plus,32,1,602,1.5338879823684692,4.1951,4.0448
forward-plus,32,1,603,1.4202239513397217,3.9938,3.7004
forward-plus,32,1,604,0.9943680167198181,3.752,3.9446
forward-plus,32,1,605,0.9563519954681396,3.9552,4.2236
forward-plus,32,1,606,0.952351987361908,4.1688,3.8097
forward-plus,32,1,607,3.4519360065460205,3.7512,3.5368
forward-plus,32,1,608,1.384511947631836,3.5675,3.6535
forward-plus,32,1,609,0.966592013835907,3.6479,4.6048
forward-plus,32,1,610,0.957535982131958,4.6416,4.4418
forward-plus,32,1,611,0.9697279930114746,4.4593,3.9057
forward-plus,32,1,612,3.4468159675598145,3.855,4.1033
forward-plus,32,1,613,1.8770240545272827,4.1566,4.4539
forward-plus,32,1,614,1.003424048423767,4.4067,3.8898
forward-plus,32,1,615,1.4674240350723267,3.9042,4.6182
forward-plus,32,1,616,2.197376012802124,4.7536,5.079
forward-plus,32,1,617,0.9707520008087158,4.99,4.6168
forward-plus,32,1,618,0.9747840166091919,4.5601,3.8595
forward-plus,32,1,619,2.622335910797119,3.8589,3.8878
forward-plus,32,1,620,1.8298239707946777,3.8822,3.9857
forward-plus,32,1,621,1.4622080326080322,3.9757,4.3282
forward-plus,32,1,622,0.966592013835907,4.397,4.0957
forward-plus,32,1,623,1.378335952758789,4.0318,4.2227
forward-plus,32,1,624,2.3777918815612793,4.2765,4.6963
forward-plus,32,1,625,1.6025279760360718,4.6984,4.2704
forward-plus,32,1,626,1.310655951499939,4.2601,4.0616
forward-plus,32,1,627,3.2132480144500732,4.0276,3.804
forward-plus,32,1,628,1.5543359518051147,3.7719,3.9545
forward-plus,32,1,629,0.9676160216331482,4.0341,4.3688
forward-plus,32,1,630,0.9810879826545715,4.3478,4.1522
forward-plus,32,1,631,2.8834240436553955,4.1327,4.0129
forward-plus,32,1,632,1.386687994003296,3.9807,3.96
forward-plus,32,1,633,1.2645759582519531,4.039,4.3673
forward-plus,32,1,634,0.9553920030593872,4.3286,4.3181
forward-plus,32,1,635,1.398848056793213,4.3173,4.0262
forward-plus,32,1,636,2.372512102127075,3.9868,4.4788
forward-plus,32,1,637,2.162719964981079,4.5787,4.1863
forward-plus,32,1,638,1.3609600067138672,4.1459,4.0655
forward-plus,32,1,639,3.1816000938415527,4.0054,3.7308
forward-plus,32,1,640,1.553439974784851,3.7514,3.8959
forward-plus,32,1,641,0.9687359929084778,3.936,4.2554
forward-plus,32,1,642,1.338271975517273,4.2706,4.13
forward-plus,32,1,643,3.537951946258545,4.0551,3.89
forward-plus,32,1,644,1.0896320343017578,3.9706,4.03
forward-plus,32,1,645,0.8786879777908325,3.9841,4.2481
forward-plus,32,1,646,0.8673920035362244,4.2406,3.9702
forward-plus,32,1,647,1.4133440256118774,3.9656,3.7175
forward-plus,32,1,648,1.575935959815979,3.7078,3.8656
forward-plus,32,1,649,1.311743974685669,3.9572,4.9686
forward-plus,32,1,650,2.498624086380005,4.9074,4.4521
forward-plus,32,1,651,2.9143359661102295,4.5318,6.046
forward-plus,32,1,652,1.7049280405044556,6.0837,6.0778
forward-plus,32,1,653,0.8920639753341675,6.0052,4.5532
forward-plus,32,1,654,2.1628799438476562,4.5129,4.7922
forward-plus,32,1,655,2.513983964920044,4.8189,5.7837
forward-plus,32,1,656,0.8571839928627014,5.8817,5.2894
forward-plus,32,1,657,1.656831979751587,5.1672,4.3785
forward-plus,32,1,658,2.6532480716705322,4.3942,4.7463
forward-plus,32,1,659,1.187999963760376,4.7834,4.7481
forward-plus,32,1,660,1.1419199705123901,4.717,4.3082
forward-plus,32,1,661,2.816096067428589,4.2381,4.2113
forward-plus,32,1,662,0.8694080114364624,4.2969,4.7583
forward-plus,32,1,663,0.860256016254425,4.7346,4.3584
forward-plus,32,1,664,0.8767039775848389,4.2927,3.9378
forward-plus,32,1,665,1.774783968925476,3.9596,4.073
forward-plus,32,1,666,2.5631039142608643,4.147,4.5167
forward-plus,32,1,667,1.1419199705123901,4.4751,4.4798
forward-plus,32,1,668,2.5406079292297363,4.4374,4.0854
forward-plus,32,1,669,0.8796160221099854,4.1114,3.9882
forward-plus,32,1,670,0.8908799886703491,4.0132,4.5265
forward-plus,32,1,671,0.8663679957389832,4.5423,4.5488
forward-plus,32,1,672,0.8561599850654602,4.5109,4.4068
forward-plus,32,1,673,0.9103999733924866,4.4161,4.4838
forward-plus,32,1,674,1.9425920248031616,4.5395,4.8709
forward-plus,32,1,675,1.155135989189148,4.8095,4.1591
forward-plus,32,1,676,3.3066558837890625,4.1583,4.2121
forward-plus,32,1,677,0.8785920143127441,4.2095,3.9377
forward-plus,32,1,678,0.8838719725608826,3.9318,4.3781
forward-plus,32,1,679,0.8592960238456726,4.377,3.9045
forward-plus,32,1,680,1.6681599617004395,3.9085,3.7767
forward-plus,32,1,681,0.8788160085678101,3.7665,4.0368
forward-plus,32,1,682,1.4479999542236328,4.0281,4.3769
forward-plus,32,1,683,0.8540800213813782,4.4278,4.2767
forward-plus,32,1,684,0.8726400136947632,4.2437,4.1131
forward-plus,32,1,685,0.8979840278625488,4.1614,4.6632
forward-plus,32,1,686,0.9074239730834961,4.6666,5.507
forward-plus,32,1,687,0.8878399729728699,5.5417,4.5218
forward-plus,32,1,688,1.3589119911193848,4.5275,4.0613
forward-plus,32,1,689,2.3963520526885986,3.9596,3.9218
forward-plus,32,1,690,2.769023895263672,3.9263,4.2254
forward-plus,32,1,691,0.9094719886779785,4.2752,4.0621
forward-plus,32,1,692,1.318079948425293,4.0025,3.7116
forward-plus,32,1,693,1.7890880107879639,3.6844,4.1645
forward-plus,32,1,694,1.3477120399475098,4.2354,4.0773
forward-plus,32,1,695,2.72707200050354,4.076,3.8639
forward-plus,32,1,696,0.9832640290260315,3.8232,3.702
forward-plus,32,1,697,0.9329919815063477,3.6673,3.6882
forward-plus,32,1,698,2.8715200424194336,3.7852,4.1375
forward-plus,32,1,699,3.055840015411377,4.1098,3.924
forward-plus,32,1,700,0.9165440201759338,3.8672,3.6731
forward-plus,32,1,701,1.325119972229004,3.6761,3.6376
forward-plus,32,1,702,2.812000036239624,3.6511,4.3061
forward-plus,32,1,703,1.335360050201416,4.3551,4.2512
forward-plus,32,1,704,2.7546238899230957,4.2247,3.7593
forward-plus,32,1,705,1.315999984741211,3.7565,3.6157
forward-plus,32,1,706,0.918720006942749,3.6073,4.2774
forward-plus,32,1,707,1.10697603225708,4.3086,4.0742
forward-plus,32,1,708,2.650304079055786,4.0159,3.8739
forward-plus,32,1,709,0.9134719967842102,3.9094,3.7032
forward-plus,32,1,710,1.4090559482574463,3.7721,4.0123
forward-plus,32,1,711,1.6548800468444824,3.9335,4.9186
forward-plus,32,1,712,1.3394559621810913,4.9607,3.9848
forward-plus,32,1,713,2.154560089111328,3.9286,3.6818
forward-plus,32,1,714,2.1197760105133057,3.6802,4.0841
forward-plus,32,1,715,1.3979840278625488,4.1699,4.38
forward-plus,32,1,716,1.0999679565429688,4.3321,3.9682
forward-plus,32,1,717,0.9298880100250244,3.9508,3.9517
forward-plus,32,1,718,3.0475199222564697,3.912,4.378
forward-plus,32,1,719,2.0686399936676025,4.4907,4.2789
forward-plus,32,1,720,1.2852799892425537,4.2356,4.3903
deferred,32,1,121,0.8300480246543884,4.4378,4.6761
deferred,32,1,122,1.8111679553985596,4.7515,5.3382
deferred,32,1,123,0.6375679969787598,5.3337,4.3363
deferred,32,1,124,1.0697599649429321,4.247,4.6704
deferred,32,1,125,0.6366080045700073,4.7268,5.5396
deferred,32,1,126,2.029279947280884,5.6201,5.55
deferred,32,1,127,0.7707520127296448,5.508,4.5422
deferred,32,1,128,1.245919942855835,4.5014,4.9518
deferred,32,1,129,1.7866560220718384,4.9878,5.2169
deferred,32,1,130,0.6283199787139893,5.2111,4.1894
deferred,32,1,131,0.7472320199012756,4.1417,4.2201
deferred,32,1,132,0.6663359999656677,4.2215,5.2161
deferred,32,1,133,0.6387199759483337,5.3859,4.6762
deferred,32,1,134,1.1005120277404785,4.5548,4.6205
deferred,32,1,135,0.8147839903831482,4.5739,4.8826
deferred,32,1,136,0.6271039843559265,4.9467,5.0243
deferred,32,1,137,0.7646399736404419,4.9595,4.4768
deferred,32,1,138,0.6263359785079956,4.4654,4.5616
deferred,32,1,139,1.6104639768600464,4.5759,4.8335
deferred,32,1,140,0.8271039724349976,4.8682,4.4881
deferred,32,1,141,1.960576057434082,4.4334,4.2924
deferred,32,1,142,1.2766079902648926,4.2651,4.3999
deferred,32,1,143,0.6233599781990051,4.477,4.2607
deferred,32,1,144,0.6182079911231995,4.222,3.8954
deferred,32,1,145,0.6223040223121643,3.8745,3.6067
deferred,32,1,146,0.6365759968757629,3.5804,3.9885
deferred,32,1,147,2.048703908920288,4.1128,4.7244
deferred,32,1,148,0.6393280029296875,4.7037,4.2219
deferred,32,1,149,0.6271359920501709,4.1634,4.0123
deferred,32,1,150,0.8085759878158569,3.9723,4.8198
deferred,32,1,151,0.656063973903656,4.9277,4.9119
deferred,32,1,152,0.6355839967727661,4.8712,4.6293
deferred,32,1,153,0.7872639894485474,4.5786,4.5733
deferred,32,1,154,1.5808000564575195,4.6323,4.8586
deferred,32,1,155,0.6499199867248535,4.9139,4.8926
deferred,32,1,156,0.7892159819602966,4.8799,4.4448
deferred,32,1,157,1.735360026359558,4.3492,5.2347
deferred,32,1,158,0.6446080207824707,5.4704,4.6771
deferred,32,1,159,1.1364480257034302,4.4873,4.126
deferred,32,1,160,0.9029120206832886,4.0662,4.3646
deferred,32,1,161,0.931551992893219,4.4375,5.2859
deferred,32,1,162,1.0032320022583008,5.3492,4.8466
deferred,32,1,163,1.2060799598693848,4.799,4.2225
deferred,32,1,164,1.2396479845046997,4.1431,4.088
deferred,32,1,165,0.9972800016403198,4.1789,4.829
deferred,32,1,166,1.422271966934204,4.803,4.8587
deferred,32,1,167,1.9199039936065674,4.8268,4.3507
deferred,32,1,168,3.085088014602661,4.3048,5.1079
deferred,32,1,169,1.198848009109497,5.232,5.0351
deferred,32,1,170,1.949504017829895,4.9807,4.2762
deferred,32,1,171,1.4098880290985107,4.2204,3.9107
deferred,32,1,172,0.9869760274887085,3.9423,4.3398
deferred,32,1,173,3.0781118869781494,4.341,4.6114
deferred,32,1,174,0.9808319807052612,4.641,4.4337
deferred,32,1,175,0.97462397813797,4.3571,4.3003
deferred,32,1,176,0.977728009223938,4.3635,4.7827
deferred,32,1,177,0.9604480266571045,4.784,4.552
deferred,32,1,178,1.4577280282974243,4.4908,4.5023
deferred,32,1,179,1.8665920495986938,4.691,5.0698
deferred,32,1,180,0.9809600114822388,4.9992,4.634
deferred,32,1,181,1.6188479661941528,4.5715,4.3492
deferred,32,1,182,1.4917759895324707,4.2915,4.2431
deferred,32,1,183,1.2236160039901733,4.3635,4.6046
deferred,32,1,184,2.8599040508270264,4.605,4.3498
deferred,32,1,185,0.9746559858322144,4.2541,4.4334
deferred,32,1,186,1.780608057975769,4.4043,4.0888
deferred,32,1,187,1.8716800212860107,4.1693,4.6795
deferred,32,1,188,1.0012480020523071,4.7124,4.8291
deferred,32,1,189,1.2390079498291016,4.7816,4.7348
deferred,32,1,190,3.9084160327911377,4.7228,4.9047
deferred,32,1,191,1.770367980003357,4.96,4.8007
deferred,32,1,192,2.100192070007324,4.7726,4.9287
deferred,32,1,193,1.241919994354248,4.8849,4.6419
deferred,32,1,194,2.5771520137786865,4.6962,5.1237
deferred,32,1,195,1.4794559478759766,5.1122,4.0874
deferred,32,1,196,3.4793601036071777,4.0092,4.1998
deferred,32,1,197,1.411072015762329,4.2836,4.2396
deferred,32,1,198,1.0260159969329834,4.2087,4.9818
deferred,32,1,199,0.991104006767273,5.0104,4.3807
deferred,32,1,200,2.315040111541748,4.316,4.1025
deferred,32,1,201,1.8441599607467651,4.1359,4.4793
deferred,32,1,202,1.780608057975769,4.5342,4.3233
deferred,32,1,203,2.428607940673828,4.2236,4.4484
deferred,32,1,204,2.735840082168579,4.4729,3.7694
deferred,32,1,205,2.2343039512634277,3.7471,4.2475
deferred,32,1,206,0.9819200038909912,4.3108,4.5304
deferred,32,1,207,0.990015983581543,4.4944,4.2039
deferred,32,1,208,1.838879942893982,4.2147,4.0312
deferred,32,1,209,1.1077439785003662,4.0404,4.4359
deferred,32,1,210,1.9598079919815063,4.4638,4.876
deferred,32,1,211,0.9684479832649231,4.8187,4.4711
deferred,32,1,212,2.788127899169922,4.4838,4.5192
deferred,32,1,213,0.9623039960861206,4.578,4.7107
deferred,32,1,214,0.7995200157165527,4.6668,4.368
deferred,32,1,215,0.7902399897575378,4.3789,4.8514
deferred,32,1,216,0.9653760194778442,4.8483,5.3894
deferred,32,1,217,0.9561600089073181,5.441,6.4281
deferred,32,1,218,2.824928045272827,6.4115,4.4226
deferred,32,1,219,1.1127680540084839,4.3992,4.2564
deferred,32,1,220,1.8275519609451294,4.2739,5.617
deferred,32,1,221,0.8127999901771545,5.606,4.3581
deferred,32,1,222,1.356544017791748,4.3303,4.0931
deferred,32,1,223,1.6678080558776855,4.1306,4.3217
deferred,32,1,224,0.7790399789810181,4.3566,4.5055
deferred,32,1,225,0.7893760204315186,4.4031,4.4369
deferred,32,1,226,1.734112024307251,4.4458,4.3455
deferred,32,1,227,1.2517119646072388,4.4829,4.696
deferred,32,1,228,2.6314239501953125,4.6094,4.2297
deferred,32,1,229,0.7994880080223083,4.1625,4.4655
deferred,32,1,230,0.8014400005340576,4.4795,4.1679
deferred,32,1,231,0.8025919795036316,4.2078,5.0759
deferred,32,1,232,0.7943999767303467,5.058,4.7778
deferred,32,1,233,1.2838079929351807,4.7816,4.495
deferred,32,1,234,0.858847975730896,4.4948,4.8405
deferred,32,1,235,0.7727360129356384,4.998,5.7029
deferred,32,1,236,0.8046079874038696,5.5167,4.2679
deferred,32,1,237,0.8300480246543884,4.2883,4.5131
deferred,32,1,238,0.804639995098114,4.559,4.7916
deferred,32,1,239,1.0432319641113281,4.7468,4.1709
deferred,32,1,240,2.817631959915161,4.1635,3.9086
deferred,32,1,241,0.8209919929504395,3.8995,4.3856
deferred,32,1,242,0.8548160195350647,4.3848,4.6767
deferred,32,1,243,0.7820799946784973,4.7263,4.1578
deferred,32,1,244,1.196768045425415,4.1155,3.9132
deferred,32,1,245,2.7645440101623535,3.9908,4.4793
deferred,32,1,246,0.9469119906425476,4.4401,4.7544
deferred,32,1,247,1.9429759979248047,4.711,4.5145
deferred,32,1,248,0.7861440181732178,4.5278,4.2827
deferred,32,1,249,1.6770559549331665,4.2785,4.7102
deferred,32,1,250,2.379487991333008,4.7326,4.6319
deferred,32,1,251,0.7400959730148315,4.6129,4.6395
deferred,32,1,252,0.7655360102653503,4.6226,4.4349
deferred,32,1,253,0.7482560276985168,4.4999,4.705
deferred,32,1,254,0.7400640249252319,4.6307,4.5759
deferred,32,1,255,0.7360000014305115,4.6097,4.3771
deferred,32,1,256,0.7636160254478455,4.3655,4.3157
deferred,32,1,257,1.47324800491333,4.333,4.4596
deferred,32,1,258,1.0278400182724,4.46,4.1734
deferred,32,1,259,0.7380160093307495,4.1473,3.8708
deferred,32,1,260,0.7748479843139648,3.8454,4.482
deferred,32,1,261,0.7663679718971252,4.51,4.6531
deferred,32,1,262,0.7656639814376831,4.6887,4.2738
deferred,32,1,263,1.0718079805374146,4.2516,4.3141
deferred,32,1,264,1.5457919836044312,4.3276,5.6263
deferred,32,1,265,0.7390720248222351,5.6918,5.9598
deferred,32,1,266,1.410207986831665,5.9177,4.9815
deferred,32,1,267,0.7503039836883545,5.026,5.0445
deferred,32,1,268,0.7687360048294067,4.9645,4.5983
deferred,32,1,269,0.9049599766731262,4.6352,4.9104
deferred,32,1,270,0.7738239765167236,4.9016,5.7209
deferred,32,1,271,0.7494720220565796,5.7557,5.5032
deferred,32,1,272,0.9080320000648499,5.4454,4.3664
deferred,32,1,273,0.7951359748840332,4.3599,4.5964
deferred,32,1,274,0.9417920112609863,4.6794,5.4333
deferred,32,1,275,0.9007999897003174,5.3965,4.7224
deferred,32,1,276,1.2520639896392822,4.6791,5.0649
deferred,32,1,277,1.2950079441070557,5.1201,6.7371
deferred,32,1,278,2.4245760440826416,6.76,4.968
deferred,32,1,279,1.232319951057434,4.8811,4.9976
deferred,32,1,280,0.9202560186386108,5.0189,5.3904
deferred,32,1,281,2.12937593460083,5.425,4.6407
deferred,32,1,282,0.7482560276985168,4.6031,4.1629
deferred,32,1,283,0.7645120024681091,4.107,4.3036
deferred,32,1,284,0.750432014465332,4.3946,4.7272
deferred,32,1,285,0.7534719705581665,4.7303,4.5387
deferred,32,1,286,0.7667840123176575,4.4761,4.1691
deferred,32,1,287,1.41484797000885,4.1854,5.1926
deferred,32,1,288,0.7677119970321655,5.2303,4.9142
deferred,32,1,289,0.931551992893219,4.917,5.0656
deferred,32,1,290,0.9773759841918945,5.0354,5.7699
deferred,32,1,291,0.7645440101623535,5.8818,5.576
deferred,32,1,292,0.7380480170249939,5.5065,4.8113
deferred,32,1,293,0.8854399919509888,4.7506,4.7522
deferred,32,1,294,0.9285439848899841,4.8187,5.55
deferred,32,1,295,0.9224640130996704,5.5544,4.9555
deferred,32,1,296,1.5071040391921997,4.9373,4.419
deferred,32,1,297,0.9070079922676086,4.3702,4.9561
deferred,32,1,298,0.935808002948761,5.0157,4.3881
deferred,32,1,299,0.9092159867286682,4.3406,4.2452
deferred,32,1,300,1.3227839469909668,4.2304,4.1941
deferred,32,1,301,1.8018879890441895,4.1916,5.0299
deferred,32,1,302,1.5521600246429443,5.1074,4.7604
deferred,32,1,303,1.8451520204544067,4.6941,4.6501
deferred,32,1,304,0.9714239835739136,4.6168,4.8244
deferred,32,1,305,2.640671968460083,4.9388,5.4253
deferred,32,1,306,2.9007999897003174,5.3877,4.485
deferred,32,1,307,0.9623039960861206,4.4529,5.0992
deferred,32,1,308,2.478879928588867,5.1418,4.6352
deferred,32,1,309,2.7370240688323975,4.638,4.7752
deferred,32,1,310,0.9142079949378967,4.7191,4.9151
deferred,32,1,311,1.8910399675369263,4.8933,5.0676
deferred,32,1,312,3.0185599327087402,5.1863,5.284
deferred,32,1,313,2.626431941986084,5.322,5.126
deferred,32,1,314,0.9286720156669617,5.1041,4.4962
deferred,32,1,315,0.9183040261268616,4.3569,4.5511
deferred,32,1,316,0.9112640023231506,4.6092,4.673
deferred,32,1,317,1.3116799592971802,4.6547,4.9066
deferred,32,1,318,1.002303957939148,4.9273,5.2814
deferred,32,1,319,0.9552320241928101,5.2333,4.7455
deferred,32,1,320,0.9008319973945618,4.7951,4.5911
deferred,32,1,321,0.9245439767837524,4.5637,4.3582
deferred,32,1,322,1.8162879943847656,4.3416,4.604
deferred,32,1,323,0.9234880208969116,4.677,5.4103
deferred,32,1,324,1.313696026802063,5.3922,4.9019
deferred,32,1,325,1.8167999982833862,4.8959,5.4
deferred,32,1,326,0.9153599739074707,5.3711,4.7843
deferred,32,1,327,1.351423978805542,4.7702,4.4178
deferred,32,1,328,2.6192638874053955,4.3897,4.7893
deferred,32,1,329,1.2480319738388062,4.8289,4.3224
deferred,32,1,330,2.804543972015381,4.3398,4.128
deferred,32,1,331,0.9100480079650879,4.0751,3.883
deferred,32,1,332,1.7558399438858032,3.9035,4.6068
deferred,32,1,333,0.9122880101203918,4.5913,4.7713
deferred,32,1,334,0.9224960207939148,4.8681,4.572
deferred,32,1,335,1.6219199895858765,4.5479,4.4272
deferred,32,1,336,1.7886719703674316,4.409,4.5253
deferred,32,1,337,1.4978560209274292,4.47,4.0916
deferred,32,1,338,1.7805440425872803,4.1308,4.0752
deferred,32,1,339,1.3093760013580322,4.0815,4.2061
deferred,32,1,340,1.4271680116653442,4.1947,5.9084
deferred,32,1,341,2.9089279174804688,6.0386,5.4804
deferred,32,1,342,3.315551996231079,5.3488,4.9683
deferred,32,1,343,3.5828800201416016,4.9861,5.5262
deferred,32,1,344,1.297376036643982,5.506,4.6447
deferred,32,1,345,2.4537599086761475,4.6351,4.6809
deferred,32,1,346,1.138592004776001,4.6784,4.3911
deferred,32,1,347,3.103264093399048,4.4072,4.9989
deferred,32,1,348,2.677567958831787,5.0726,4.8543
deferred,32,1,349,0.91839998960495,4.7934,4.5594
deferred,32,1,350,2.1410880088806152,4.5587,5.2528
deferred,32,1,351,0.902944028377533,5.2921,4.5876
deferred,32,1,352,0.8814399838447571,4.5383,4.2336
deferred,32,1,353,0.9266240000724792,4.2412,4.3842
deferred,32,1,354,1.3013440370559692,4.4136,4.96
deferred,32,1,355,0.8979520201683044,4.8943,4.2701
deferred,32,1,356,1.462015986442566,4.3556,4.3176
deferred,32,1,357,1.8469760417938232,4.2447,5.0596
deferred,32,1,358,1.1907199621200562,5.0458,4.7126
deferred,32,1,359,1.2480000257492065,4.7193,4.5104
deferred,32,1,360,2.926431894302368,4.5063,4.1874
deferred,32,1,361,1.3779840469360352,4.2178,5.0361
deferred,32,1,362,2.6929919719696045,5.0234,4.9284
deferred,32,1,363,3.107680082321167,4.9605,4.6227
deferred,32,1,364,0.9470400214195251,4.5642,4.3397
deferred,32,1,365,0.9837440252304077,4.383,5.2024
deferred,32,1,366,0.9336640238761902,5.1977,5.0184
deferred,32,1,367,0.9122239947319031,5.0132,4.7368
deferred,32,1,368,0.9183040261268616,4.7555,5.4377
deferred,32,1,369,0.9018239974975586,5.3918,4.6452
deferred,32,1,370,1.3188480138778687,4.6609,4.5962
deferred,32,1,371,1.7293440103530884,4.6079,4.6863
deferred,32,1,372,1.1886399984359741,4.7237,4.3862
deferred,32,1,373,0.892799973487854,4.3053,4.0475
deferred,32,1,374,2.064255952835083,4.0668,3.8631
deferred,32,1,375,0.9419199824333191,3.898,4.2062
deferred,32,1,376,0.8937280178070068,4.1533,4.4851
deferred,32,1,377,0.9111679792404175,4.5293,4.538
deferred,32,1,378,0.9428799748420715,4.5947,4.6255
deferred,32,1,379,0.9336640238761902,4.6163,5.4903
deferred,32,1,380,0.9356799721717834,5.4218,4.6269
deferred,32,1,381,0.97462397813797,4.6581,4.2178
deferred,32,1,382,1.807136058807373,4.1849,5.0491
deferred,32,1,383,0.9522240161895752,5.0554,5.1479
deferred,32,1,384,0.9449599981307983,5.1771,4.364
deferred,32,1,385,1.7889280319213867,4.3249,4.0038
deferred,32,1,386,1.2827839851379395,4.0345,4.0222
deferred,32,1,387,2.9089601039886475,3.9809,4.3616
deferred,32,1,388,0.9305599927902222,4.3878,4.1075
deferred,32,1,389,1.3515839576721191,4.0762,3.7778
deferred,32,1,390,2.3549439907073975,3.7474,4.2862
deferred,32,1,391,1.5459840297698975,4.3708,4.8852
deferred,32,1,392,1.5214719772338867,4.8568,4.5378
deferred,32,1,393,0.9990720152854919,4.5257,4.6346
deferred,32,1,394,1.3901760578155518,4.6176,4.5729
deferred,32,1,395,2.7900800704956055,4.6032,4.2087
deferred,32,1,396,0.9511039853096008,4.1817,4.1413
deferred,32,1,397,0.9602879881858826,4.1514,4.658
deferred,32,1,398,1.296288013458252,4.6912,5.2031
deferred,32,1,399,0.9664639830589294,5.2165,4.7589
deferred,32,1,400,1.5511679649353027,4.781,4.6778
deferred,32,1,401,1.7733440399169922,4.5906,4.1976
deferred,32,1,402,0.9295679926872253,4.24,4.6236
deferred,32,1,403,1.6418880224227905,4.5992,4.2946
deferred,32,1,404,1.3441920280456543,4.3075,4.556
deferred,32,1,405,1.2766400575637817,4.579,5.9076
deferred,32,1,406,1.5234559774398804,5.9154,4.5934
deferred,32,1,407,1.3812479972839355,4.6027,4.6776
deferred,32,1,408,3.5007998943328857,4.6453,4.4311
deferred,32,1,409,2.9202239513397217,4.4677,4.3849
deferred,32,1,410,0.9797760248184204,4.3593,4.3663
deferred,32,1,411,0.9471039772033691,4.3507,4.3963
deferred,32,1,412,1.2541439533233643,4.4001,4.9388
deferred,32,1,413,0.9398400187492371,4.9534,4.2333
deferred,32,1,414,1.1117440462112427,4.2392,4.0034
deferred,32,1,415,2.575040102005005,3.9965,4.6786
deferred,32,1,416,0.9388160109519958,4.6624,4.6091
deferred,32,1,417,2.0141119956970215,4.608,4.5096
deferred,32,1,418,1.534783959388733,4.5149,3.9549
deferred,32,1,419,1.7354240417480469,3.8922,3.9836
deferred,32,1,420,0.9572160243988037,4.0447,4.5404
deferred,32,1,421,0.9653120040893555,4.5598,4.7631
deferred,32,1,422,1.4609919786453247,4.7764,4.5794
deferred,32,1,423,0.8076480031013489,4.55,4.7301
deferred,32,1,424,0.9141759872436523,4.748,4.276
deferred,32,1,425,2.678528070449829,4.2268,3.8612
deferred,32,1,426,1.2336640357971191,3.8539,4.0657
deferred,32,1,427,0.7789440155029297,4.1157,4.8382
deferred,32,1,428,0.7697920203208923,4.8407,4.2479
deferred,32,1,429,0.7820799946784973,4.2181,4.1178
deferred,32,1,430,1.1087039709091187,4.1013,3.9892
deferred,32,1,431,2.119231939315796,4.0061,4.2009
deferred,32,1,432,2.434880018234253,4.2478,4.1696
deferred,32,1,433,0.7635840177536011,4.1375,3.9181
deferred,32,1,434,0.9142720103263855,3.8579,4.0697
deferred,32,1,435,0.7820799946784973,4.1492,4.6035
deferred,32,1,436,0.7667199969291687,4.61,4.594
deferred,32,1,437,0.9192960262298584,4.5253,4.3351
deferred,32,1,438,1.229599952697754,4.3463,4.5011
deferred,32,1,439,1.1660480499267578,4.5595,4.5733
deferred,32,1,440,0.771776020526886,4.5317,3.9476
deferred,32,1,441,0.7625920176506042,3.8993,3.7023
deferred,32,1,442,0.7913920283317566,3.7303,4.2257
deferred,32,1,443,0.7790079712867737,4.2618,4.6402
deferred,32,1,444,1.0329920053482056,4.5976,4.3978
deferred,32,1,445,1.4054720401763916,4.4815,4.34
deferred,32,1,446,0.791263997554779,4.2548,4.4036
deferred,32,1,447,2.5412800312042236,4.4788,4.8324
deferred,32,1,448,0.7718080282211304,4.769,4.3114
deferred,32,1,449,1.3354239463806152,4.3034,4.1637
deferred,32,1,450,0.773855984210968,4.1644,4.8365
deferred,32,1,451,0.8036800026893616,4.881,4.577
deferred,32,1,452,0.7923200130462646,4.5219,4.3914
deferred,32,1,453,0.7809919714927673,4.4066,4.4035
deferred,32,1,454,2.328320026397705,4.4225,4.7032
deferred,32,1,455,0.9172160029411316,4.6741,4.4932
deferred,32,1,456,2.304703950881958,4.5179,4.3585
deferred,32,1,457,0.787168025970459,4.3574,4.3371
deferred,32,1,458,1.226464033126831,4.3492,5.2587
deferred,32,1,459,0.7646399736404419,5.3298,4.7545
deferred,32,1,460,1.1077439785003662,4.7377,4.5791
deferred,32,1,461,0.8006399869918823,4.5164,4.5974
deferred,32,1,462,0.7616000175476074,4.5772,4.7809
deferred,32,1,463,0.7656319737434387,4.8211,4.5473
deferred,32,1,464,0.953216016292572,4.5309,4.5103
deferred,32,1,465,1.012511968612671,4.5297,4.8104
deferred,32,1,466,0.9295039772987366,4.7646,4.232
deferred,32,1,467,2.2136640548706055,4.3101,4.072
deferred,32,1,468,1.1806080341339111,4.0045,3.8704
deferred,32,1,469,1.1784640550613403,3.8783,4.8293
deferred,32,1,470,0.9039360284805298,4.8106,4.5052
deferred,32,1,471,1.2848960161209106,4.5263,4.4168
deferred,32,1,472,0.9039679765701294,4.4146,4.6665
deferred,32,1,473,1.2870080471038818,4.6584,4.2684
deferred,32,1,474,1.5819200277328491,4.2893,4.2061
deferred,32,1,475,1.2992000579833984,4.1762,3.8988
deferred,32,1,476,1.7130240201950073,3.8966,4.1697
deferred,32,1,477,0.9060479998588562,4.168,4.1603
deferred,32,1,478,0.9184640049934387,4.1816,4.5305
deferred,32,1,479,1.4056960344314575,4.5175,4.2911
deferred,32,1,480,2.0805439949035645,4.2767,4.6972
deferred,32,1,481,1.5767359733581543,4.7571,4.6382
deferred,32,1,482,1.8011200428009033,4.6155,4.3233
deferred,32,1,483,1.246016025543213,4.2975,4.4258
deferred,32,1,484,1.509984016418457,4.4279,4.8285
deferred,32,1,485,0.9182720184326172,4.8915,4.3356
deferred,32,1,486,0.876416027545929,4.3008,4.0054
deferred,32,1,487,1.1416000127792358,3.9715,3.9756
deferred,32,1,488,1.481503963470459,4.0182,5.0503
deferred,32,1,489,0.914143979549408,5.173,5.1298
deferred,32,1,490,1.3913919925689697,5.0754,4.5373
deferred,32,1,491,2.7793281078338623,4.4286,4.3043
deferred,32,1,492,0.9121279716491699,4.425,4.9487
deferred,32,1,493,2.207520008087158,4.9083,4.2931
deferred,32,1,494,2.2301440238952637,4.295,4.8266
deferred,32,1,495,2.7931840419769287,4.8238,5.522
deferred,32,1,496,0.9225280284881592,5.7502,5.994
deferred,32,1,497,2.308896064758301,5.7925,5.3018
deferred,32,1,498,0.9356799721717834,5.2555,5.6795
deferred,32,1,499,0.9173439741134644,5.7295,4.9278
deferred,32,1,500,0.9091839790344238,14.4422,14.8728
deferred,32,1,501,1.9395519495010376,5.2885,4.6788
deferred,32,1,502,1.9607360363006592,4.6593,4.5289
deferred,32,1,503,0.8969280123710632,4.5705,4.6052
deferred,32,1,504,2.145087957382202,4.5749,4.5505
deferred,32,1,505,1.8920639753341675,4.5469,4.5376
deferred,32,1,506,2.853663921356201,4.5949,4.7958
deferred,32,1,507,2.9848320484161377,4.7885,4.2227
deferred,32,1,508,0.8607680201530457,4.1633,4.0184
deferred,32,1,509,1.5019199848175049,4.0069,4.0963
deferred,32,1,510,1.3912639617919922,4.1228,5.1376
deferred,32,1,511,0.7933120131492615,5.1927,4.3126
deferred,32,1,512,1.1363519430160522,4.2387,4.0028
deferred,32,1,513,3.230463981628418,3.9853,5.1268
deferred,32,1,514,1.1701760292053223,5.2952,5.3991
deferred,32,1,515,1.565567970275879,5.2878,4.5412
deferred,32,1,516,1.4374719858169556,4.476,4.4231
deferred,32,1,517,1.6319040060043335,4.4745,4.953
deferred,32,1,518,1.8162879943847656,4.977,4.6098
deferred,32,1,519,1.2541439533233643,4.5627,4.2125
deferred,32,1,520,0.8311039805412292,4.2062,4.1425
deferred,32,1,521,0.8567360043525696,4.198,5.4267
deferred,32,1,522,0.7871040105819702,5.4168,4.5678
deferred,32,1,523,1.1342719793319702,4.5418,4.5186
deferred,32,1,524,1.1578880548477173,4.5055,5.1498
deferred,32,1,525,0.7840960025787354,5.2185,4.708
deferred,32,1,526,0.776960015296936,4.6763,4.1901
deferred,32,1,527,1.3032640218734741,4.1281,4.7158
deferred,32,1,528,0.7646719813346863,4.7852,5.0139
deferred,32,1,529,0.8321279883384705,5.0024,4.3443
deferred,32,1,530,1.9709440469741821,4.3434,4.6271
deferred,32,1,531,1.4751360416412354,4.6003,4.6918
deferred,32,1,532,1.0432000160217285,4.8426,5.0218
deferred,32,1,533,2.6723520755767822,4.9591,4.1637
deferred,32,1,534,1.319648027420044,4.0401,4.0036
deferred,32,1,535,0.7994239926338196,4.0436,5.0751
deferred,32,1,536,0.8097280263900757,5.1143,4.4934
deferred,32,1,537,0.9602239727973938,4.4808,4.2002
deferred,32,1,538,0.8066239953041077,4.1402,4.1583
deferred,32,1,539,2.1602559089660645,4.2112,5.3358
deferred,32,1,540,0.9909759759902954,5.3922,4.9672
deferred,32,1,541,1.4926079511642456,4.8706,4.6087
deferred,32,1,542,1.9576319456100464,4.5991,4.8046
deferred,32,1,543,0.9570239782333374,4.9226,4.4975
deferred,32,1,544,0.960096001625061,4.4093,4.0655
deferred,32,1,545,1.3431999683380127,4.0244,4.3336
deferred,32,1,546,0.7902399897575378,4.3825,5.4101
deferred,32,1,547,1.3329919576644897,5.4649,4.3908
deferred,32,1,548,0.7841600179672241,4.3223,4.162
deferred,32,1,549,1.0093120336532593,4.1304,4.4336
deferred,32,1,550,0.7881919741630554,4.5255,5.6119
deferred,32,1,551,0.8015999794006348,5.5925,4.7093
deferred,32,1,552,1.1783679723739624,4.6468,4.2743
deferred,32,1,553,0.8281279802322388,4.3512,4.9438
deferred,32,1,554,1.1232320070266724,4.9265,4.3921
deferred,32,1,555,1.1179840564727783,4.431,4.4272
deferred,32,1,556,2.4738240242004395,4.3277,4.8927
deferred,32,1,557,1.144544005393982,5.0184,5.4739
deferred,32,1,558,1.5593279600143433,5.4555,4.4291
deferred,32,1,559,3.0225279331207275,4.3564,4.2365
deferred,32,1,560,0.845471978187561,4.2111,4.3635
deferred,32,1,561,0.8312640190124512,4.4459,4.2701
deferred,32,1,562,0.8312000036239624,4.215,4.3832
deferred,32,1,563,1.3871999979019165,4.3378,4.0471
deferred,32,1,564,0.894752025604248,4.1059,5.662
deferred,32,1,565,1.1384639739990234,5.7408,4.9158
deferred,32,1,566,1.0944960117340088,4.84,4.3421
deferred,32,1,567,2.3856000900268555,4.2946,4.4258
deferred,32,1,568,1.0863679647445679,4.5175,4.5339
deferred,32,1,569,1.8132480382919312,4.483,4.1923
deferred,32,1,570,1.2019200325012207,4.1591,3.9954
deferred,32,1,571,0.8446400165557861,3.9944,4.3848
deferred,32,1,572,0.8292160034179688,4.4529,5.0434
deferred,32,1,573,0.807807981967926,5.0081,4.6653
deferred,32,1,574,1.2162879705429077,4.6176,3.9748
deferred,32,1,575,2.3437440395355225,4.0077,4.2528
deferred,32,1,576,1.047327995300293,4.2796,4.3208
deferred,32,1,577,3.1966400146484375,4.3222,4.0059
deferred,32,1,578,0.8282560110092163,3.9417,4.0938
deferred,32,1,579,1.3605760335922241,4.1624,5.2149
deferred,32,1,580,0.8283200263977051,5.2172,4.3056
deferred,32,1,581,0.9962559938430786,4.2392,4.0422
deferred,32,1,582,0.8905919790267944,4.0545,4.5258
deferred,32,1,583,0.8220160007476807,4.6663,5.0077
deferred,32,1,584,1.1374080181121826,4.8918,4.0867
deferred,32,1,585,3.4936320781707764,4.0401,3.83
deferred,32,1,586,0.8619199991226196,3.871,4.9341
deferred,32,1,587,2.5074241161346436,4.9809,4.8382
deferred,32,1,588,0.8240960240364075,4.7911,4.1114
deferred,32,1,589,1.806048035621643,4.1371,3.8607
deferred,32,1,590,1.5428800582885742,3.8169,4.1707
deferred,32,1,591,0.814848005771637,4.2208,4.7365
deferred,32,1,592,1.2983039617538452,4.6669,4.573
deferred,32,1,593,1.6166720390319824,4.6067,4.3675
deferred,32,1,594,1.2971199750900269,4.4553,5.2156
deferred,32,1,595,1.1770880222320557,5.2736,4.6355
deferred,32,1,596,1.0168319940567017,4.4943,3.9617
deferred,32,1,597,1.2939200401306152,3.9616,4.3584
deferred,32,1,598,0.9952319860458374,4.3956,5.1589
deferred,32,1,599,0.9940800070762634,5.1096,4.4857
deferred,32,1,600,1.9483200311660767,4.539,4.683
deferred,32,1,601,0.9674559831619263,4.6459,4.9292
deferred,32,1,602,0.9968000054359436,4.9612,4.5889
deferred,32,1,603,1.0003199577331543,4.5202,4.4237
deferred,32,1,604,1.2408959865570068,4.5069,4.6154
deferred,32,1,605,2.4830079078674316,4.5724,4.6471
deferred,32,1,606,1.7539199590682983,4.6304,4.5925
deferred,32,1,607,3.2614080905914307,4.612,4.5407
deferred,32,1,608,1.5440000295639038,4.5702,4.6717
deferred,32,1,609,3.6531200408935547,4.6652,4.7167
deferred,32,1,610,1.6555839776992798,4.6654,4.2365
deferred,32,1,611,1.2234879732131958,4.2614,4.1806
deferred,32,1,612,1.230720043182373,4.2063,4.1201
deferred,32,1,613,1.0187840461730957,4.0882,4.4303
deferred,32,1,614,0.9992319941520691,4.3802,4.3694
deferred,32,1,615,1.3401919603347778,4.4129,4.4206
deferred,32,1,616,1.897279977798462,4.4305,4.6404
deferred,32,1,617,1.5460799932479858,4.6144,4.1392
deferred,32,1,618,1.002303957939148,4.1757,4.2611
deferred,32,1,619,1.0074880123138428,4.2379,4.3524
deferred,32,1,620,1.011680006980896,4.3537,4.1542
deferred,32,1,621,0.9848639965057373,4.1498,4.2054
deferred,32,1,622,0.9930880069732666,4.2904,4.0527
deferred,32,1,623,2.8004798889160156,3.9734,4.6904
deferred,32,1,624,1.6712000370025635,4.7243,4.6088
deferred,32,1,625,2.112191915512085,4.6158,4.4439
deferred,32,1,626,1.0412479639053345,4.4148,4.32
deferred,32,1,627,1.8705600500106812,4.2885,4.0358
deferred,32,1,628,1.186560034751892,4.024,4.0562
deferred,32,1,629,0.9932799935340881,4.0879,4.2589
deferred,32,1,630,0.9981759786605835,4.2336,4.0931
deferred,32,1,631,1.0268800258636475,4.0923,4.1528
deferred,32,1,632,1.0136959552764893,4.1387,4.6477
deferred,32,1,633,0.9963520169258118,4.7004,4.4729
deferred,32,1,634,1.9461760520935059,4.444,4.2128
deferred,32,1,635,2.8578240871429443,4.1813,4.1117
deferred,32,1,636,1.512287974357605,4.1923,4.2075
deferred,32,1,637,3.1999359130859375,4.1662,3.8623
deferred,32,1,638,1.0112639665603638,3.8623,3.6944
deferred,32,1,639,1.0086400508880615,3.6515,4.2588
deferred,32,1,640,1.3258559703826904,4.3299,4.7238
deferred,32,1,641,0.9930880069732666,4.7162,4.4443
deferred,32,1,642,2.330303907394409,4.3949,4.1488
deferred,32,1,643,1.4578239917755127,4.1705,4.3286
deferred,32,1,644,2.734816074371338,4.4166,4.9082
deferred,32,1,645,2.8751680850982666,4.9019,4.5732
deferred,32,1,646,1.5633920431137085,4.4691,4.2503
deferred,32,1,647,1.15392005443573,4.3314,4.9951
deferred,32,1,648,0.9133120179176331,5.0306,4.4964
deferred,32,1,649,0.917087972164154,4.4876,4.4082
deferred,32,1,650,0.9335359930992126,4.3211,4.5376
deferred,32,1,651,1.1200319528579712,4.6558,5.1086
deferred,32,1,652,0.9481279850006104,5.1647,4.9366
deferred,32,1,653,1.5555839538574219,4.7606,4.6064
deferred,32,1,654,2.0722239017486572,4.6822,5.0309
deferred,32,1,655,1.240928053855896,5.0825,4.5056
deferred,32,1,656,1.9873600006103516,4.4199,4.0853
deferred,32,1,657,1.2520320415496826,4.0423,4.4176
deferred,32,1,658,1.1682239770889282,4.5382,5.0199
deferred,32,1,659,3.0596799850463867,4.94,4.3878
deferred,32,1,660,1.3362239599227905,4.382,4.1669
deferred,32,1,661,1.7108800411224365,4.1535,4.9131
deferred,32,1,662,0.9111679792404175,4.9695,4.8787
deferred,32,1,663,0.9367679953575134,4.8098,3.8965
deferred,32,1,664,2.171839952468872,3.8601,3.7598
deferred,32,1,665,3.6975040435791016,3.8195,4.6053
deferred,32,1,666,1.3094079494476318,4.6204,4.7893
deferred,32,1,667,2.904831886291504,4.7521,4.2945
deferred,32,1,668,1.3646719455718994,4.2606,4.2324
deferred,32,1,669,0.9325439929962158,4.2801,4.3993
deferred,32,1,670,0.9172800183296204,4.418,4.0446
deferred,32,1,671,1.4017599821090698,3.9868,3.7581
deferred,32,1,672,1.274623990058899,3.7862,4.4548
deferred,32,1,673,1.2849279642105103,4.4967,4.5755
deferred,32,1,674,3.0033280849456787,4.5835,4.1454
deferred,32,1,675,0.9090560078620911,4.0615,3.9778
deferred,32,1,676,0.922432005405426,4.0051,3.8689
deferred,32,1,677,0.9203839898109436,3.8627,3.87
deferred,32,1,678,1.8236160278320312,3.8783,4.561
deferred,32,1,679,2.4614720344543457,4.5876,4.3759
deferred,32,1,680,2.1747519969940186,4.3514,4.3302
deferred,32,1,681,1.3186240196228027,4.387,5.0249
deferred,32,1,682,2.1061439514160156,4.9818,4.5962
deferred,32,1,683,0.8989760279655457,4.5976,4.299
deferred,32,1,684,0.9479680061340332,4.2714,4.483
deferred,32,1,685,0.9265919923782349,4.5529,4.8355
deferred,32,1,686,0.9286720156669617,4.7659,4.51
deferred,32,1,687,1.2528959512710571,4.587,4.5677
deferred,32,1,688,1.7538559436798096,4.5503,4.6452
deferred,32,1,689,1.1590399742126465,4.6153,4.8815
deferred,32,1,690,1.3084800243377686,4.9388,4.0638
deferred,32,1,691,1.2388160228729248,3.9793,3.8752
deferred,32,1,692,0.8773760199546814,3.8947,4.4443
deferred,32,1,693,0.8783680200576782,4.4374,4.2092
deferred,32,1,694,0.9049599766731262,4.236,4.1114
deferred,32,1,695,1.2418559789657593,4.119,4.4224
deferred,32,1,696,2.0386879444122314,4.3702,4.2697
deferred,32,1,697,2.5741119384765625,4.3395,4.3082
deferred,32,1,698,2.784991979598999,4.2726,4.4768
deferred,32,1,699,0.9163519740104675,4.449,4.4654
deferred,32,1,700,1.1668800115585327,4.4723,5.242
deferred,32,1,701,0.8590400218963623,5.2869,4.1785
deferred,32,1,702,1.284767985343933,4.1313,3.8213
deferred,32,1,703,2.8599040508270264,3.8377,4.224
deferred,32,1,704,1.481503963470459,4.225,4.8488
deferred,32,1,705,1.0884480476379395,4.8536,4.4665
deferred,32,1,706,0.8804159760475159,4.4473,4.325
deferred,32,1,707,1.571679949760437,4.302,4.2392
deferred,32,1,708,0.9541119933128357,4.3043,4.76
deferred,32,1,709,2.1132800579071045,4.7659,5.0098
deferred,32,1,710,0.8834559917449951,5.0816,5.0458
deferred,32,1,711,2.0517759323120117,4.9455,5.7387
deferred,32,1,712,1.4231040477752686,5.8365,4.508
deferred,32,1,713,1.2511039972305298,4.43,4.3089
deferred,32,1,714,0.8895999789237976,4.2888,4.7405
deferred,32,1,715,0.8743039965629578,4.7387,4.8363
deferred,32,1,716,0.8560000061988831,4.844,3.954
deferred,32,1,717,1.2551360130310059,3.9172,3.6474
deferred,32,1,718,2.4062399864196777,3.6208,4.3719
deferred,32,1,719,2.9270401000976562,4.458,4.7744
deferred,32,1,720,3.5142080783843994,4.771,4.9544
forward-plus,4,2,121,0.6800000071525574,4.1486,4.3252
forward-plus,4,2,122,0.8407679796218872,4.325,4.6039
forward-plus,4,2,123,0.6656960248947144,4.6115,4.795
forward-plus,4,2,124,0.6605439782142639,4.7983,4.4706
forward-plus,4,2,125,0.6739519834518433,4.5181,4.8189
forward-plus,4,2,126,1.5749759674072266,4.7841,4.8791
forward-plus,4,2,127,0.9308480024337769,4.89,4.5653
forward-plus,4,2,128,1.0690879821777344,4.5144,4.3916
forward-plus,4,2,129,1.2840319871902466,4.4271,4.5308
forward-plus,4,2,130,0.6739519834518433,4.5455,4.394
forward-plus,4,2,131,0.6666560173034668,4.3439,4.6993
forward-plus,4,2,132,0.6737920045852661,4.7401,4.3628
forward-plus,4,2,133,0.9319040179252625,4.3636,4.313
forward-plus,4,2,134,0.6707839965820312,4.3847,4.4301
forward-plus,4,2,135,1.493056058883667,4.3182,4.3564
forward-plus,4,2,136,1.061951994895935,4.4802,4.7267
forward-plus,4,2,137,0.8366400003433228,4.8422,5.4845
forward-plus,4,2,138,1.382431983947754,5.3787,4.412
forward-plus,4,2,139,0.7168319821357727,4.2585,4.3519
forward-plus,4,2,140,2.843679904937744,4.4696,4.9078
forward-plus,4,2,141,0.6553279757499695,4.9194,4.4885
forward-plus,4,2,142,0.6666880249977112,4.3956,4.0469
forward-plus,4,2,143,0.66566401720047,4.0741,4.2367
forward-plus,4,2,144,0.9830719828605652,4.1992,4.1757
forward-plus,4,2,145,1.5073599815368652,4.1769,4.2526
forward-plus,4,2,146,2.1688640117645264,4.2531,4.1652
forward-plus,4,2,147,2.152479887008667,4.1733,3.9686
forward-plus,4,2,148,1.04038405418396,3.9743,3.9617
forward-plus,4,2,149,0.6779199838638306,3.9147,4.0993
forward-plus,4,2,150,1.3874560594558716,4.1439,4.0375
forward-plus,4,2,151,0.8951039910316467,4.05,4.4195
forward-plus,4,2,152,1.7561919689178467,4.4248,4.0251
forward-plus,4,2,153,0.6779199838638306,3.9795,4.2715
forward-plus,4,2,154,0.6697279810905457,4.3342,4.4148
forward-plus,4,2,155,0.8837119936943054,4.3904,4.695
forward-plus,4,2,156,1.0528960227966309,4.7071,4.4866
forward-plus,4,2,157,0.8030080199241638,4.4375,5.0323
forward-plus,4,2,158,0.8355200290679932,5.0829,4.4483
forward-plus,4,2,159,0.7906879782676697,4.4398,4.2783
forward-plus,4,2,160,1.2913600206375122,4.2302,4.5248
forward-plus,4,2,161,1.7287039756774902,4.6213,4.6261
forward-plus,4,2,162,1.4725120067596436,4.5784,4.2275
forward-plus,4,2,163,2.0581440925598145,4.2029,3.9087
forward-plus,4,2,164,0.8632640242576599,3.858,3.9883
forward-plus,4,2,165,0.7977280020713806,4.1219,4.6277
forward-plus,4,2,166,0.8101440072059631,4.572,4.184
forward-plus,4,2,167,1.3477120399475098,4.1262,3.9334
forward-plus,4,2,168,0.8684800267219543,3.9456,4.1327
forward-plus,4,2,169,2.9953598976135254,4.289,4.9778
forward-plus,4,2,170,1.2525440454483032,4.8965,4.3411
forward-plus,4,2,171,0.8212800025939941,4.2624,4.1858
forward-plus,4,2,172,0.8152959942817688,4.2004,4.352
forward-plus,4,2,173,1.1060479879379272,4.3964,4.53
forward-plus,4,2,174,0.8202880024909973,4.5026,4.4117
forward-plus,4,2,175,1.2176320552825928,4.3742,4.4762
forward-plus,4,2,176,2.7589120864868164,4.5418,4.7
forward-plus,4,2,177,0.8172479867935181,4.6985,4.6576
forward-plus,4,2,178,3.5155839920043945,4.598,4.7337
forward-plus,4,2,179,2.8078720569610596,4.871,4.7648
forward-plus,4,2,180,1.7295360565185547,4.7145,4.9768
forward-plus,4,2,181,2.687903881072998,4.9397,4.5007
forward-plus,4,2,182,3.5624959468841553,4.4568,4.3923
forward-plus,4,2,183,2.8623039722442627,4.4243,7.0544
forward-plus,4,2,184,0.9810879826545715,7.1396,4.9922
forward-plus,4,2,185,1.3385920524597168,4.9115,4.3532
forward-plus,4,2,186,0.8263999819755554,4.3429,4.2457
forward-plus,4,2,187,1.4008320569992065,4.2851,4.9001
forward-plus,4,2,188,0.8409600257873535,4.8905,4.4176
forward-plus,4,2,189,1.338271975517273,4.3277,3.998
forward-plus,4,2,190,0.8243520259857178,4.0735,4.3893
forward-plus,4,2,191,1.826848030090332,4.3978,4.3969
forward-plus,4,2,192,1.4256319999694824,4.3836,4.2974
forward-plus,4,2,193,2.8375039100646973,4.2224,3.8444
forward-plus,4,2,194,0.8294399976730347,3.8917,4.2048
forward-plus,4,2,195,0.8326399922370911,4.2603,4.2536
forward-plus,4,2,196,0.8172479867935181,4.1999,4.0036
forward-plus,4,2,197,1.672160029411316,3.9858,3.7451
forward-plus,4,2,198,0.849951982498169,3.7563,4.274
forward-plus,4,2,199,2.6749119758605957,4.3104,4.6011
forward-plus,4,2,200,1.104032039642334,4.5781,4.1476
forward-plus,4,2,201,1.2186239957809448,4.1915,4.0076
forward-plus,4,2,202,0.8347520232200623,3.9531,5.5756
forward-plus,4,2,203,0.813152015209198,5.6397,4.4845
forward-plus,4,2,204,0.8170560002326965,4.4333,3.9812
forward-plus,4,2,205,1.1704319715499878,3.9493,3.9034
forward-plus,4,2,206,2.033600091934204,3.9798,5.1651
forward-plus,4,2,207,1.4468480348587036,5.133,4.676
forward-plus,4,2,208,1.2697279453277588,4.704,4.3418
forward-plus,4,2,209,0.8427519798278809,4.2932,14.1233
forward-plus,4,2,210,2.2049920558929443,14.1517,4.6017
forward-plus,4,2,211,0.8431040048599243,4.6317,5.0726
forward-plus,4,2,212,0.834496021270752,5.0575,4.5457
forward-plus,4,2,213,0.8111039996147156,4.5171,4.1729
forward-plus,4,2,214,1.0517120361328125,4.1155,3.9259
forward-plus,4,2,215,2.9316160678863525,4.0259,4.6579
forward-plus,4,2,216,0.800927996635437,4.6604,4.0859
forward-plus,4,2,217,3.25216007232666,4.002,3.9876
forward-plus,4,2,218,0.8714560270309448,3.9725,4.1298
forward-plus,4,2,219,0.8049280047416687,4.2398,4.5401
forward-plus,4,2,220,0.8078719973564148,4.4805,4.0822
forward-plus,4,2,221,1.5566719770431519,4.0667,3.8954
forward-plus,4,2,222,3.1295039653778076,3.9002,4.0978
forward-plus,4,2,223,2.3440639972686768,4.1637,4.6021
forward-plus,4,2,224,0.8129280209541321,4.5573,4.2926
forward-plus,4,2,225,1.2512320280075073,4.228,3.8007
forward-plus,4,2,226,1.0066879987716675,3.8251,4.3217
forward-plus,4,2,227,1.757248044013977,4.4378,4.4823
forward-plus,4,2,228,1.5195519924163818,4.3489,3.8796
forward-plus,4,2,229,1.3732800483703613,3.9093,3.8649
forward-plus,4,2,230,0.9880959987640381,3.8848,4.1896
forward-plus,4,2,231,0.7885119915008545,4.1916,5.2304
forward-plus,4,2,232,0.8303679823875427,5.2336,4.1804
forward-plus,4,2,233,1.4500160217285156,4.1647,4.0371
forward-plus,4,2,234,3.028991937637329,4.0159,4.4425
forward-plus,4,2,235,1.254464030265808,4.4864,4.3072
forward-plus,4,2,236,2.8015999794006348,4.2508,3.8752
forward-plus,4,2,237,0.8141440153121948,3.9045,3.7522
forward-plus,4,2,238,0.8519999980926514,3.7196,4.221
forward-plus,4,2,239,1.107103943824768,4.2465,4.1178
forward-plus,4,2,240,1.5400320291519165,4.1341,4.1674
forward-plus,4,2,241,3.5472960472106934,4.16,3.8628
forward-plus,4,2,242,0.9001280069351196,3.8256,3.881
forward-plus,4,2,243,0.8089280128479004,3.9285,5.1386
forward-plus,4,2,244,0.8018559813499451,5.1351,4.0846
forward-plus,4,2,245,1.2495039701461792,4.12,4.0627
forward-plus,4,2,246,3.4396800994873047,3.9659,4.0988
forward-plus,4,2,247,2.6728320121765137,4.1908,4.3429
forward-plus,4,2,248,1.342527985572815,4.3127,4.121
forward-plus,4,2,249,1.4397120475769043,4.1362,3.8363
forward-plus,4,2,250,0.7968639731407166,3.8016,4.2702
forward-plus,4,2,251,0.8080000281333923,4.3365,4.1105
forward-plus,4,2,252,1.4325759410858154,4.0408,4.0674
forward-plus,4,2,253,2.9010560512542725,4.0757,3.9002
forward-plus,4,2,254,0.8274239897727966,3.8728,3.826
forward-plus,4,2,255,0.7701119780540466,3.8964,4.6289
forward-plus,4,2,256,0.8172159790992737,4.6047,4.0898
forward-plus,4,2,257,1.4449280500411987,4.0404,3.829
forward-plus,4,2,258,0.814079999923706,3.8602,3.9707
forward-plus,4,2,259,1.4234880208969116,4.0208,4.7905
forward-plus,4,2,260,1.9579839706420898,4.7965,4.2959
forward-plus,4,2,261,0.8019199967384338,4.2265,3.9693
forward-plus,4,2,262,0.8028799891471863,3.9712,3.9601
forward-plus,4,2,263,2.3777918815612793,3.9833,4.4513
forward-plus,4,2,264,1.2064640522003174,4.416,4.2119
forward-plus,4,2,265,2.455712080001831,4.2515,3.8421
forward-plus,4,2,266,0.8192639946937561,3.8131,3.7983
forward-plus,4,2,267,2.421760082244873,3.935,5.5472
forward-plus,4,2,268,0.81004798412323,5.5144,5.1612
forward-plus,4,2,269,1.172544002532959,5.1038,4.1079
forward-plus,4,2,270,0.814079999923706,4.0545,4.3633
forward-plus,4,2,271,0.7671679854393005,4.3832,4.3085
forward-plus,4,2,272,1.4614399671554565,4.3202,3.9558
forward-plus,4,2,273,1.7398719787597656,3.9569,4.172
forward-plus,4,2,274,0.7937600016593933,4.1972,4.3913
forward-plus,4,2,275,0.78438401222229,4.3382,4.2642
forward-plus,4,2,276,0.8060479760169983,4.2874,3.8816
forward-plus,4,2,277,1.4890880584716797,3.8481,3.8844
forward-plus,4,2,278,2.504767894744873,3.915,4.4749
forward-plus,4,2,279,1.4399360418319702,4.4756,4.4284
forward-plus,4,2,280,1.4111360311508179,4.4394,4.2075
forward-plus,4,2,281,0.9739519953727722,4.2219,4.357
forward-plus,4,2,282,0.7763839960098267,4.3413,4.8339
forward-plus,4,2,283,0.785535991191864,4.8882,4.2868
forward-plus,4,2,284,0.7804480195045471,4.2666,4.0083
forward-plus,4,2,285,0.8223360180854797,3.9763,3.8026
forward-plus,4,2,286,0.8039680123329163,3.7831,4.2702
forward-plus,4,2,287,2.573375940322876,4.2766,4.1549
forward-plus,4,2,288,0.7752320170402527,4.14,4.0164
forward-plus,4,2,289,1.3957439661026,3.9776,3.8771
forward-plus,4,2,290,3.4060161113739014,3.9618,4.3894
forward-plus,4,2,291,1.3150080442428589,4.4511,4.3574
forward-plus,4,2,292,2.202687978744507,4.2879,4.2691
forward-plus,4,2,293,0.8019199967384338,4.2347,4.2661
forward-plus,4,2,294,0.7874879837036133,4.4846,4.7488
forward-plus,4,2,295,0.764959990978241,4.5868,4.2863
forward-plus,4,2,296,0.7885760068893433,4.2565,3.9478
forward-plus,4,2,297,0.7680960297584534,3.8889,4.3585
forward-plus,4,2,298,2.5928640365600586,4.5171,4.3286
forward-plus,4,2,299,1.1009600162506104,4.2628,4.1424
forward-plus,4,2,300,0.7690560221672058,4.0595,3.8007
forward-plus,4,2,301,0.7700799703598022,3.8449,3.6959
forward-plus,4,2,302,0.7977280020713806,3.7149,4.457
forward-plus,4,2,303,0.9258559942245483,4.4449,4.4383
forward-plus,4,2,304,2.0132479667663574,4.4233,3.9795
forward-plus,4,2,305,0.8407999873161316,3.9744,3.8455
forward-plus,4,2,306,0.822272002696991,3.8648,4.7114
forward-plus,4,2,307,0.7639679908752441,4.7219,4.3132
forward-plus,4,2,308,1.2064319849014282,4.3034,4.3
forward-plus,4,2,309,0.8110719919204712,4.2925,4.4369
forward-plus,4,2,310,1.0854079723358154,4.4445,4.702
forward-plus,4,2,311,0.783456027507782,4.6518,4.525
forward-plus,4,2,312,2.080832004547119,4.5811,4.4823
forward-plus,4,2,313,1.4234240055084229,4.4783,5.2757
forward-plus,4,2,314,0.9431679844856262,5.641,5.2315
forward-plus,4,2,315,1.6518080234527588,4.8256,4.191
forward-plus,4,2,316,0.8059520125389099,4.1984,4.2791
forward-plus,4,2,317,2.8487679958343506,4.345,4.9382
forward-plus,4,2,318,1.9477119445800781,4.8906,4.4554
forward-plus,4,2,319,1.1981120109558105,4.4568,4.1809
forward-plus,4,2,320,0.7854400277137756,4.1635,4.5951
forward-plus,4,2,321,0.8059520125389099,4.6762,4.6836
forward-plus,4,2,322,0.8059840202331543,4.6026,4.8211
forward-plus,4,2,323,1.1673920154571533,4.892,4.5829
forward-plus,4,2,324,2.015360116958618,4.5173,4.7939
forward-plus,4,2,325,0.7864959836006165,4.7798,4.7257
forward-plus,4,2,326,1.1059520244598389,4.823,4.7656
forward-plus,4,2,327,1.5022399425506592,4.6823,4.3872
forward-plus,4,2,328,2.029632091522217,4.4353,6.1378
forward-plus,4,2,329,0.7690879702568054,6.1784,4.6545
forward-plus,4,2,330,1.1132800579071045,4.5657,4.5404
forward-plus,4,2,331,1.9384640455245972,4.5854,5.7223
forward-plus,4,2,332,1.0999679565429688,5.794,4.3999
forward-plus,4,2,333,1.9467519521713257,4.2919,4.0355
forward-plus,4,2,334,0.7977920174598694,4.0467,4.065
forward-plus,4,2,335,2.9020800590515137,4.098,4.9712
forward-plus,4,2,336,0.7835519909858704,4.9097,4.6465
forward-plus,4,2,337,0.7752000093460083,4.6766,4.1936
forward-plus,4,2,338,0.7178879976272583,4.2153,4.3469
forward-plus,4,2,339,0.7137920260429382,4.3076,4.1694
forward-plus,4,2,340,1.114143967628479,4.1448,4.1894
forward-plus,4,2,341,0.7700480222702026,4.223,4.1454
forward-plus,4,2,342,2.6727359294891357,4.1956,5.1352
forward-plus,4,2,343,2.573280096054077,5.0816,4.634
forward-plus,4,2,344,0.695360004901886,4.6785,4.1552
forward-plus,4,2,345,0.710752010345459,4.112,4.1976
forward-plus,4,2,346,0.7363200187683105,4.2062,4.3038
forward-plus,4,2,347,0.7004799842834473,4.2705,3.9303
forward-plus,4,2,348,0.9912959933280945,3.9383,3.6328
forward-plus,4,2,349,0.8263999819755554,3.6165,3.6782
forward-plus,4,2,350,0.7137280106544495,3.6601,4.926
forward-plus,4,2,351,1.0527039766311646,5.0161,10.3334
forward-plus,4,2,352,0.7138559818267822,10.3253,5.4031
forward-plus,4,2,353,0.7301759719848633,5.4186,4.3613
forward-plus,4,2,354,0.695360004901886,4.2837,4.1811
forward-plus,4,2,355,1.0476800203323364,4.2101,4.1128
forward-plus,4,2,356,2.7637760639190674,4.2263,4.5756
forward-plus,4,2,357,1.235103964805603,4.488,4.4486
forward-plus,4,2,358,2.303999900817871,4.41,4.2094
forward-plus,4,2,359,0.7527999877929688,4.2139,4.2986
forward-plus,4,2,360,0.7485439777374268,4.3816,4.5236
forward-plus,4,2,361,0.7168639898300171,4.4103,4.4582
forward-plus,4,2,362,0.7034879922866821,4.5145,4.2542
forward-plus,4,2,363,0.9983999729156494,4.254,4.1505
forward-plus,4,2,364,2.0336639881134033,4.1994,4.4753
forward-plus,4,2,365,1.4479999542236328,4.3851,4.4839
forward-plus,4,2,366,2.369568109512329,4.5649,4.5374
forward-plus,4,2,367,0.9953920245170593,4.4945,4.8608
forward-plus,4,2,368,2.106368064880371,4.8522,4.2642
forward-plus,4,2,369,0.6912320256233215,4.2873,4.1676
forward-plus,4,2,370,1.0465600490570068,4.106,3.8573
forward-plus,4,2,371,0.7086079716682434,3.8851,4.2099
forward-plus,4,2,372,1.3006399869918823,4.1757,4.2963
forward-plus,4,2,373,2.479167938232422,4.3562,4.2382
forward-plus,4,2,374,0.7752640247344971,4.227,4.1411
forward-plus,4,2,375,0.6963840126991272,4.1479,4.4334
forward-plus,4,2,376,0.7424319982528687,4.3748,4.2426
forward-plus,4,2,377,0.6903359889984131,4.3033,4.1039
forward-plus,4,2,378,1.04038405418396,4.0993,3.6568
forward-plus,4,2,379,0.7301120162010193,3.5857,4.0743
forward-plus,4,2,380,1.166368007659912,4.158,4.4753
forward-plus,4,2,381,0.7024959921836853,4.5371,4.4346
forward-plus,4,2,382,0.7363200187683105,4.3464,4.0254
forward-plus,4,2,383,1.3957439661026,4.0336,4.7246
forward-plus,4,2,384,0.6011199951171875,4.7397,4.083
forward-plus,4,2,385,0.7086399793624878,4.0526,3.901
forward-plus,4,2,386,0.6594560146331787,3.8571,3.7249
forward-plus,4,2,387,2.126879930496216,3.8081,5.3239
forward-plus,4,2,388,0.6296319961547852,5.3819,4.2472
forward-plus,4,2,389,0.6103360056877136,4.1796,4.1128
forward-plus,4,2,390,0.6369600296020508,4.0443,3.8553
forward-plus,4,2,391,2.4166719913482666,3.9586,4.3456
forward-plus,4,2,392,0.5929279923439026,4.3233,4.1404
forward-plus,4,2,393,0.6062080264091492,4.088,3.8217
forward-plus,4,2,394,0.7249600291252136,3.7837,3.7195
forward-plus,4,2,395,0.8171839714050293,3.7534,4.2741
forward-plus,4,2,396,0.6185280084609985,4.3265,4.0829
forward-plus,4,2,397,0.7219840288162231,4.0066,3.8753
forward-plus,4,2,398,0.8755519986152649,3.9181,4.0325
forward-plus,4,2,399,0.5939840078353882,4.0117,4.4104
forward-plus,4,2,400,0.5898560285568237,4.4707,3.9697
forward-plus,4,2,401,0.5877760052680969,3.8827,3.7553
forward-plus,4,2,402,0.9072960019111633,3.7934,4.0086
forward-plus,4,2,403,0.5958399772644043,4.019,4.2432
forward-plus,4,2,404,0.5939520001411438,4.2585,4.2024
forward-plus,4,2,405,0.5837119817733765,4.1844,3.9597
forward-plus,4,2,406,0.72816002368927,3.943,3.9099
forward-plus,4,2,407,1.254464030265808,3.9218,4.1455
forward-plus,4,2,408,1.484768033027649,4.1328,4.1829
forward-plus,4,2,409,0.6112319827079773,4.225,4.0854
forward-plus,4,2,410,0.9277439713478088,4.0365,4.0675
forward-plus,4,2,411,0.634880006313324,4.1103,4.6575
forward-plus,4,2,412,0.6164479851722717,4.6359,4.4238
forward-plus,4,2,413,0.6052160263061523,4.4289,3.8923
forward-plus,4,2,414,0.9164800047874451,3.8665,4.0057
forward-plus,4,2,415,0.712768018245697,4.019,4.5453
forward-plus,4,2,416,0.6184960007667542,4.6301,4.5669
forward-plus,4,2,417,0.6124160289764404,4.5121,4.1569
forward-plus,4,2,418,0.5908799767494202,4.1429,4.2316
forward-plus,4,2,419,0.6144000291824341,4.1942,4.3017
forward-plus,4,2,420,0.6021440029144287,4.3854,4.5227
forward-plus,4,2,421,1.4981440305709839,4.483,3.9431
forward-plus,4,2,422,0.5867199897766113,3.8859,3.9737
forward-plus,4,2,423,0.6042559742927551,4.0895,4.429
forward-plus,4,2,424,0.6165760159492493,4.3616,4.3467
forward-plus,4,2,425,0.6000639796257019,4.3562,4.1142
forward-plus,4,2,426,0.650272011756897,4.0667,3.9564
forward-plus,4,2,427,0.6091520190238953,4.0188,4.3441
forward-plus,4,2,428,1.9251199960708618,4.3472,4.4313
forward-plus,4,2,429,0.8050879836082458,4.4073,4.1483
forward-plus,4,2,430,0.8172479867935181,4.0873,4.0381
forward-plus,4,2,431,1.7829760313034058,4.1379,4.359
forward-plus,4,2,432,0.815168023109436,4.3667,4.2674
forward-plus,4,2,433,0.9872320294380188,4.1912,4.0217
forward-plus,4,2,434,1.5249279737472534,4.0332,3.8572
forward-plus,4,2,435,0.8120959997177124,3.8816,4.5023
forward-plus,4,2,436,0.7905920147895813,4.5147,4.2677
forward-plus,4,2,437,0.7865920066833496,4.2243,4.346
forward-plus,4,2,438,1.193984031677246,4.386,4.1212
forward-plus,4,2,439,3.422271966934204,4.1441,4.4365
forward-plus,4,2,440,1.448032021522522,4.3822,4.4496
forward-plus,4,2,441,3.375296115875244,4.4888,4.1583
forward-plus,4,2,442,0.8756800293922424,4.1307,3.9314
forward-plus,4,2,443,2.48524808883667,3.9442,4.6593
forward-plus,4,2,444,0.7979199886322021,4.642,4.306
forward-plus,4,2,445,0.7772160172462463,4.3986,4.1162
forward-plus,4,2,446,2.341952085494995,4.0627,4.3661
forward-plus,4,2,447,2.6143999099731445,4.3204,4.6
forward-plus,4,2,448,1.6252800226211548,4.6552,4.2075
forward-plus,4,2,449,0.8203520178794861,4.2424,4.1985
forward-plus,4,2,450,0.7885760068893433,4.2168,4.5458
forward-plus,4,2,451,0.7731519937515259,4.4532,4.3628
forward-plus,4,2,452,0.8039360046386719,4.4175,4.088
forward-plus,4,2,453,1.7989120483398438,4.0552,4.0005
forward-plus,4,2,454,1.3189760446548462,4.0088,4.128
forward-plus,4,2,455,2.342047929763794,4.0762,4.261
forward-plus,4,2,456,0.81523197889328,4.3683,4.3366
forward-plus,4,2,457,1.0117759704589844,4.2859,4.4162
forward-plus,4,2,458,0.791808009147644,4.3449,4.5752
forward-plus,4,2,459,0.7946239709854126,4.6977,4.2535
forward-plus,4,2,460,1.129472017288208,4.188,4.2092
forward-plus,4,2,461,1.357983946800232,4.2212,4.5196
forward-plus,4,2,462,0.8028479814529419,4.461,4.2296
forward-plus,4,2,463,2.563136100769043,4.2619,4.1099
forward-plus,4,2,464,0.7792959809303284,4.0818,3.9581
forward-plus,4,2,465,1.1141760349273682,3.9263,4.3145
forward-plus,4,2,466,1.080448031425476,4.4135,4.3479
forward-plus,4,2,467,0.9360319972038269,4.3076,4.0202
forward-plus,4,2,468,2.4414079189300537,4.0287,3.9074
forward-plus,4,2,469,1.2709439992904663,3.8475,3.9991
forward-plus,4,2,470,1.0323519706726074,4.0784,4.5406
forward-plus,4,2,471,0.7639359831809998,4.5318,4.2306
forward-plus,4,2,472,0.7784000039100647,4.2411,3.9134
forward-plus,4,2,473,2.1063361167907715,3.8152,3.7623
forward-plus,4,2,474,0.7700480222702026,3.8346,3.9856
forward-plus,4,2,475,0.7773119807243347,3.963,4.2989
forward-plus,4,2,476,1.7911360263824463,4.2756,4.2428
forward-plus,4,2,477,1.2164160013198853,4.2879,4.1842
forward-plus,4,2,478,1.7386879920959473,4.1649,4.2749
forward-plus,4,2,479,1.2235840559005737,4.2826,4.0595
forward-plus,4,2,480,3.8697919845581055,4.0057,3.8399
forward-plus,4,2,481,1.2636480331420898,3.9222,4.1936
forward-plus,4,2,482,0.8255360126495361,4.1766,4.4021
forward-plus,4,2,483,1.1070079803466797,4.3692,4.0208
forward-plus,4,2,484,0.814303994178772,4.0451,4.0135
forward-plus,4,2,485,3.591104030609131,4.0446,4.0307
forward-plus,4,2,486,0.8325759768486023,3.9866,3.8691
forward-plus,4,2,487,0.8161919713020325,3.833,4.0154
forward-plus,4,2,488,1.8635200262069702,4.0584,3.9553
forward-plus,4,2,489,2.2200000286102295,3.9789,4.0566
forward-plus,4,2,490,0.8437119722366333,4.0281,4.0839
forward-plus,4,2,491,1.1160320043563843,4.0635,4.2708
forward-plus,4,2,492,0.8336319923400879,4.317,4.1415
forward-plus,4,2,493,0.8170560002326965,4.1112,4.0135
forward-plus,4,2,494,0.8418560028076172,4.0305,4.1486
forward-plus,4,2,495,1.3721920251846313,4.1557,4.1352
forward-plus,4,2,496,3.6096320152282715,4.1214,4.257
forward-plus,4,2,497,0.8425920009613037,4.2569,4.1402
forward-plus,4,2,498,0.8716480135917664,4.0824,4.2349
forward-plus,4,2,499,1.1091200113296509,4.352,4.7008
forward-plus,4,2,500,0.8159999847412109,4.6804,4.4315
forward-plus,4,2,501,1.8719040155410767,4.3597,4.1684
forward-plus,4,2,502,1.3968000411987305,4.2109,4.4013
forward-plus,4,2,503,1.1980799436569214,4.4667,4.2947
forward-plus,4,2,504,1.116096019744873,4.2052,3.8754
forward-plus,4,2,505,1.2604479789733887,3.8405,3.8024
forward-plus,4,2,506,0.8365439772605896,3.8401,4.2213
forward-plus,4,2,507,2.032576084136963,4.2571,4.479
forward-plus,4,2,508,2.796639919281006,4.4736,4.2151
forward-plus,4,2,509,1.9301120042800903,4.2081,4.0521
forward-plus,4,2,510,0.8437119722366333,4.0404,3.9509
forward-plus,4,2,511,0.8223040103912354,3.9971,4.3083
forward-plus,4,2,512,0.8232319951057434,4.2371,4.2239
forward-plus,4,2,513,1.4510400295257568,4.251,3.785
forward-plus,4,2,514,1.3957439661026,3.7511,3.8845
forward-plus,4,2,515,1.276095986366272,3.9595,4.3341
forward-plus,4,2,516,0.807968020439148,4.3029,3.9802
forward-plus,4,2,517,0.8049280047416687,3.9483,3.7368
forward-plus,4,2,518,0.826304018497467,3.7653,3.8355
forward-plus,4,2,519,0.838591992855072,3.8348,3.9218
forward-plus,4,2,520,0.8825280070304871,3.9142,4.1805
forward-plus,4,2,521,0.8252480030059814,4.2081,4.0504
forward-plus,4,2,522,1.2194880247116089,4.0008,4.2603
forward-plus,4,2,523,2.2098240852355957,4.2615,4.235
forward-plus,4,2,524,1.320863962173462,4.2839,4.595
forward-plus,4,2,525,3.8554561138153076,4.5955,4.1429
forward-plus,4,2,526,1.2021119594573975,4.1247,4.1297
forward-plus,4,2,527,0.8396160006523132,4.151,4.3054
forward-plus,4,2,528,0.8283519744873047,4.3043,4.3984
forward-plus,4,2,529,0.8180480003356934,4.3739,3.986
forward-plus,4,2,530,1.1457279920578003,3.9342,4.205
forward-plus,4,2,531,1.3720639944076538,4.2614,4.1053
forward-plus,4,2,532,2.7565760612487793,4.0785,4.0598
forward-plus,4,2,533,0.808896005153656,4.1846,4.2153
forward-plus,4,2,534,1.0546560287475586,4.0563,4.1387
forward-plus,4,2,535,0.8151999711990356,4.1964,4.0852
forward-plus,4,2,536,1.5164799690246582,4.0723,4.0023
forward-plus,4,2,537,3.9053759574890137,3.9598,3.9531
forward-plus,4,2,538,0.8437439799308777,4.0217,4.0473
forward-plus,4,2,539,0.8201280236244202,4.0074,4.1661
forward-plus,4,2,540,0.978879988193512,4.1874,4.349
forward-plus,4,2,541,1.336351990699768,4.3275,4.2121
forward-plus,4,2,542,1.741760015487671,4.2338,4.2806
forward-plus,4,2,543,0.8418239951133728,4.3424,4.4747
forward-plus,4,2,544,2.7534399032592773,4.4182,4.2382
forward-plus,4,2,545,0.8262720108032227,4.2372,4.0558
forward-plus,4,2,546,0.8223999738693237,4.0516,4.0384
forward-plus,4,2,547,1.8359359502792358,4.0588,4.3871
forward-plus,4,2,548,1.273792028427124,4.3617,4.2107
forward-plus,4,2,549,1.7325760126113892,4.2168,3.8391
forward-plus,4,2,550,1.2278720140457153,3.8178,3.7815
forward-plus,4,2,551,1.883072018623352,3.7621,4.18
forward-plus,4,2,552,0.8213120102882385,4.1838,4.4693
forward-plus,4,2,553,0.8068479895591736,4.5233,4.0297
forward-plus,4,2,554,2.0880000591278076,3.979,3.9982
forward-plus,4,2,555,2.023360013961792,4.0198,4.5846
forward-plus,4,2,556,2.718656063079834,4.6459,4.2231
forward-plus,4,2,557,0.8303679823875427,4.2028,4.0196
forward-plus,4,2,558,1.1713600158691406,3.9657,3.8926
forward-plus,4,2,559,3.0432639122009277,3.886,4.3742
forward-plus,4,2,560,1.2534719705581665,4.4387,4.4457
forward-plus,4,2,561,1.3670719861984253,4.4656,4.1824
forward-plus,4,2,562,0.8457599878311157,4.1409,3.8895
forward-plus,4,2,563,1.15939199924469,3.8343,4.8806
forward-plus,4,2,564,0.841920018196106,4.9572,4.5903
forward-plus,4,2,565,1.274783968925476,4.5985,4.1636
forward-plus,4,2,566,0.8449919819831848,4.0983,4.4796
forward-plus,4,2,567,1.7570559978485107,4.5875,4.3196
forward-plus,4,2,568,1.8625919818878174,4.2176,4.1408
forward-plus,4,2,569,2.884671926498413,4.1446,3.8822
forward-plus,4,2,570,0.8539519906044006,3.8484,3.944
forward-plus,4,2,571,2.45961594581604,4.0803,5.1936
forward-plus,4,2,572,0.8540480136871338,5.1856,4.5245
forward-plus,4,2,573,0.8479359745979309,4.4437,4.5213
forward-plus,4,2,574,0.8602240085601807,4.5932,4.8153
forward-plus,4,2,575,0.8091199994087219,4.8459,4.2843
forward-plus,4,2,576,1.3528000116348267,4.1741,4.0648
forward-plus,4,2,577,0.8295360207557678,4.0383,4.1602
forward-plus,4,2,578,2.085952043533325,4.284,4.6358
forward-plus,4,2,579,1.466431975364685,4.6228,4.3429
forward-plus,4,2,580,0.8050240278244019,4.2797,4.4334
forward-plus,4,2,581,0.8632640242576599,4.4322,4.4674
forward-plus,4,2,582,2.570240020751953,4.5202,5.1545
forward-plus,4,2,583,0.8592320084571838,5.1966,4.8559
forward-plus,4,2,584,1.4275200366973877,4.7179,4.4416
forward-plus,4,2,585,1.1737600564956665,4.4897,5.0152
forward-plus,4,2,586,0.8109440207481384,5.0456,5.1924
forward-plus,4,2,587,0.8612480163574219,5.1908,4.9742
forward-plus,4,2,588,0.8470079898834229,4.9569,5.2277
forward-plus,4,2,589,0.8313599824905396,5.2489,4.748
forward-plus,4,2,590,0.8315200209617615,4.746,4.4858
forward-plus,4,2,591,1.6475199460983276,4.4578,4.5602
forward-plus,4,2,592,1.7519680261611938,4.6387,5.5066
forward-plus,4,2,593,0.8253440260887146,6.3565,5.9546
forward-plus,4,2,594,1.5052160024642944,5.0271,4.4501
forward-plus,4,2,595,1.24726402759552,4.4125,4.4844
forward-plus,4,2,596,3.206144094467163,4.5795,5.1098
forward-plus,4,2,597,1.4273920059204102,5.0883,4.5513
forward-plus,4,2,598,0.8354880213737488,4.4856,4.4459
forward-plus,4,2,599,1.520576000213623,4.5129,4.4253
forward-plus,4,2,600,2.568416118621826,4.4414,4.5168
forward-plus,4,2,601,3.3331520557403564,4.5213,4.0932
forward-plus,4,2,602,0.8222079873085022,3.9606,3.9522
forward-plus,4,2,603,0.8091840147972107,4.0717,4.8324
forward-plus,4,2,604,0.8284159898757935,4.8402,4.6974
forward-plus,4,2,605,1.2195839881896973,4.7331,4.531
forward-plus,4,2,606,1.8512639999389648,4.4037,5.1485
forward-plus,4,2,607,0.826528012752533,5.2883,4.8218
forward-plus,4,2,608,0.9892479777336121,4.8183,4.5058
forward-plus,4,2,609,0.8630399703979492,4.3756,4.2859
forward-plus,4,2,610,1.3365119695663452,4.4323,4.8948
forward-plus,4,2,611,1.6724159717559814,4.88,5.1234
forward-plus,4,2,612,3.547168016433716,5.0901,4.4034
forward-plus,4,2,613,1.1590720415115356,4.3225,4.4845
forward-plus,4,2,614,1.2984639406204224,4.5748,4.8822
forward-plus,4,2,615,2.916383981704712,4.9648,5.231
forward-plus,4,2,616,0.7219200134277344,5.0749,4.6104
forward-plus,4,2,617,2.48524808883667,4.7326,5.0353
forward-plus,4,2,618,1.142240047454834,4.9845,4.5333
forward-plus,4,2,619,0.8499839901924133,4.5497,4.7799
forward-plus,4,2,620,0.6933119893074036,4.6504,4.7066
forward-plus,4,2,621,0.6871039867401123,4.8032,4.4375
forward-plus,4,2,622,0.7004479765892029,4.3925,4.1733
forward-plus,4,2,623,1.0219839811325073,4.1287,4.0011
forward-plus,4,2,624,1.2831039428710938,3.9827,4.2426
forward-plus,4,2,625,2.0500481128692627,4.3222,4.6073
forward-plus,4,2,626,1.3506560325622559,4.6028,4.5796
forward-plus,4,2,627,0.7239999771118164,4.5462,4.391
forward-plus,4,2,628,2.123840093612671,4.4552,6.0295
forward-plus,4,2,629,2.2088639736175537,6.0788,5.147
forward-plus,4,2,630,0.7598400115966797,5.0755,4.7925
forward-plus,4,2,631,3.0331199169158936,4.8441,5.1956
forward-plus,4,2,632,2.6726720333099365,5.1557,4.7512
forward-plus,4,2,633,0.7157440185546875,4.7255,4.5442
forward-plus,4,2,634,0.7363839745521545,4.5035,4.7153
forward-plus,4,2,635,0.6901760101318359,4.8089,4.5404
forward-plus,4,2,636,0.7056000232696533,4.4662,4.5828
forward-plus,4,2,637,0.9718400239944458,4.5799,4.0714
forward-plus,4,2,638,1.806399941444397,4.02,4.6071
forward-plus,4,2,639,0.6902080178260803,4.6898,4.438
forward-plus,4,2,640,2.094111919403076,4.4037,4.2773
forward-plus,4,2,641,1.2349439859390259,4.2992,4.4856
forward-plus,4,2,642,1.633247971534729,4.4812,5.8527
forward-plus,4,2,643,0.822272002696991,5.9707,4.8651
forward-plus,4,2,644,2.2426559925079346,4.8153,4.3382
forward-plus,4,2,645,0.7066239714622498,4.2165,4.4691
forward-plus,4,2,646,1.237023949623108,4.5558,4.5895
forward-plus,4,2,647,0.681119978427887,4.5773,4.3771
forward-plus,4,2,648,0.754751980304718,4.3341,4.2994
forward-plus,4,2,649,0.6830400228500366,4.3054,4.7669
forward-plus,4,2,650,0.6881920099258423,4.7973,4.5051
forward-plus,4,2,651,0.8110719919204712,4.4728,3.8904
forward-plus,4,2,652,1.1571520566940308,3.8428,4.1425
forward-plus,4,2,653,2.7792000770568848,4.212,4.7146
forward-plus,4,2,654,1.3763200044631958,4.7181,4.4275
forward-plus,4,2,655,0.7066239714622498,4.4677,4.4549
forward-plus,4,2,656,0.7465599775314331,4.3367,4.393
forward-plus,4,2,657,0.7251200079917908,4.496,5.1336
forward-plus,4,2,658,0.6828160285949707,5.1054,5.0701
forward-plus,4,2,659,0.9492160081863403,5.0615,4.1585
forward-plus,4,2,660,0.6420480012893677,4.0961,4.4992
forward-plus,4,2,661,0.636896014213562,4.5579,4.7577
forward-plus,4,2,662,0.6134399771690369,4.7781,4.5051
forward-plus,4,2,663,0.7895359992980957,4.435,4.3352
forward-plus,4,2,664,2.0839040279388428,4.3948,4.7231
forward-plus,4,2,665,1.8279039859771729,4.7444,4.5941
forward-plus,4,2,666,2.7411839962005615,4.6491,4.6504
forward-plus,4,2,667,0.6461120247840881,4.5305,4.489
forward-plus,4,2,668,0.6247040033340454,4.5426,4.7534
forward-plus,4,2,669,0.6103360056877136,4.7284,4.5858
forward-plus,4,2,670,0.6451200246810913,4.5346,4.3813
forward-plus,4,2,671,0.610368013381958,4.4832,4.738
forward-plus,4,2,672,0.6308479905128479,4.7377,5.2501
forward-plus,4,2,673,0.6083199977874756,5.2144,4.7702
forward-plus,4,2,674,0.6226239800453186,4.7233,4.8601
forward-plus,4,2,675,0.6308159828186035,4.9149,4.9703
forward-plus,4,2,676,0.6431040167808533,4.9493,4.9639
forward-plus,4,2,677,0.8642560243606567,4.9834,4.676
forward-plus,4,2,678,1.5984959602355957,4.6883,4.8699
forward-plus,4,2,679,0.6287680268287659,4.8453,4.7068
forward-plus,4,2,680,0.9800320267677307,4.7348,5.0394
forward-plus,4,2,681,0.654367983341217,4.9712,5.2392
forward-plus,4,2,682,0.7588160037994385,5.3066,4.5229
forward-plus,4,2,683,0.7404159903526306,4.5058,4.3099
forward-plus,4,2,684,1.3025599718093872,4.2803,4.3895
forward-plus,4,2,685,1.307647943496704,4.3881,4.441
forward-plus,4,2,686,1.234976053237915,4.4758,4.5432
forward-plus,4,2,687,0.5919359922409058,4.5731,4.3009
forward-plus,4,2,688,0.6267520189285278,4.1941,4.8489
forward-plus,4,2,689,0.6113920211791992,4.9795,4.8626
forward-plus,4,2,690,0.6420800089836121,4.7947,4.2127
forward-plus,4,2,691,0.6164799928665161,4.1839,3.8678
forward-plus,4,2,692,1.0189440250396729,3.8298,4.1086
forward-plus,4,2,693,2.243583917617798,4.1659,4.1743
forward-plus,4,2,694,0.6225919723510742,4.1803,4.0394
forward-plus,4,2,695,0.8447679877281189,4.0063,4.0992
forward-plus,4,2,696,0.6585279703140259,4.0889,5.3217
forward-plus,4,2,697,0.6646400094032288,5.4327,5.2185
forward-plus,4,2,698,0.6154879927635193,5.1608,4.5623
forward-plus,4,2,699,0.6390079855918884,4.5232,4.1587
forward-plus,4,2,700,1.3721920251846313,4.233,4.8975
forward-plus,4,2,701,1.003551959991455,4.8848,4.9274
forward-plus,4,2,702,0.5858880281448364,4.9382,4.5327
forward-plus,4,2,703,2.577440023422241,4.4271,4.6773
forward-plus,4,2,704,1.121440052986145,4.7988,4.5094
forward-plus,4,2,705,2.671679973602295,4.4493,4.1715
forward-plus,4,2,706,1.0608960390090942,4.1092,4.1192
forward-plus,4,2,707,3.1100480556488037,4.1615,5.001
forward-plus,4,2,708,0.7311040163040161,5.0644,4.5581
forward-plus,4,2,709,0.697376012802124,4.5278,4.2935
forward-plus,4,2,710,1.0455360412597656,4.217,4.0035
forward-plus,4,2,711,2.6941120624542236,4.1576,4.7436
forward-plus,4,2,712,0.7312639951705933,4.8754,5.1405
forward-plus,4,2,713,0.8837760090827942,4.9171,4.2787
forward-plus,4,2,714,1.1684479713439941,4.2327,4.04
forward-plus,4,2,715,1.5072959661483765,4.0869,5.1808
forward-plus,4,2,716,2.128959894180298,5.2269,5.2207
forward-plus,4,2,717,0.756767988204956,5.1401,4.5354
forward-plus,4,2,718,2.573375940322876,4.6125,5.9493
forward-plus,4,2,719,1.9681919813156128,6.0085,4.935
forward-plus,4,2,720,1.4071359634399414,4.8442,4.3159
deferred,4,2,121,0.8865280151367188,3.909,3.9388
deferred,4,2,122,0.8343039751052856,4.0004,4.4878
deferred,4,2,123,0.8179839849472046,4.4787,4.2546
deferred,4,2,124,1.2357759475708008,4.1925,3.8317
deferred,4,2,125,3.642240047454834,3.8797,4.4429
deferred,4,2,126,2.884511947631836,4.488,4.4564
deferred,4,2,127,2.5587520599365234,4.4312,4.1584
deferred,4,2,128,1.2440639734268188,4.1066,4.0808
deferred,4,2,129,0.83433598279953,4.1147,4.875
deferred,4,2,130,0.8445760011672974,4.8832,4.3608
deferred,4,2,131,1.180575966835022,4.3292,4.0834
deferred,4,2,132,0.8691520094871521,4.1085,4.2659
deferred,4,2,133,2.9423680305480957,4.3388,5.0747
deferred,4,2,134,0.9972800016403198,5.0954,4.6288
deferred,4,2,135,3.3496320247650146,4.5033,4.2138
deferred,4,2,136,0.9009919762611389,4.2396,4.1353
deferred,4,2,137,2.456480026245117,4.147,4.8246
deferred,4,2,138,0.8189759850502014,4.832,4.2181
deferred,4,2,139,0.8230080008506775,4.16,4.0505
deferred,4,2,140,0.8589119911193848,4.1145,4.8142
deferred,4,2,141,0.8332160115242004,4.9066,5.7889
deferred,4,2,142,0.8220800161361694,5.6742,4.7324
deferred,4,2,143,1.4436479806900024,4.7439,4.1243
deferred,4,2,144,2.319135904312134,4.1034,4.4267
deferred,4,2,145,1.5736639499664307,4.4843,4.8764
deferred,4,2,146,2.04585599899292,4.8121,4.7497
deferred,4,2,147,1.3719040155410767,4.7702,4.8818
deferred,4,2,148,2.0938880443573,4.9438,4.7106
deferred,4,2,149,2.9357120990753174,4.6175,4.3588
deferred,4,2,150,1.2480319738388062,4.3826,3.9595
deferred,4,2,151,0.8434879779815674,3.9441,4.4172
deferred,4,2,152,0.844543993473053,4.4476,4.129
deferred,4,2,153,1.3402559757232666,4.0711,3.8996
deferred,4,2,154,2.224832057952881,3.9542,3.8302
deferred,4,2,155,0.8640639781951904,3.8011,4.1599
deferred,4,2,156,0.8568320274353027,4.178,4.5607
deferred,4,2,157,0.8334400057792664,4.6254,4.353
deferred,4,2,158,0.908735990524292,4.2958,4.6965
deferred,4,2,159,0.8158720135688782,4.7536,4.745
deferred,4,2,160,0.8959360122680664,4.6932,4.721
deferred,4,2,161,1.2817920446395874,4.6951,4.3358
deferred,4,2,162,2.851583957672119,4.3318,4.8742
deferred,4,2,163,1.2429440021514893,5.0451,4.7441
deferred,4,2,164,1.3833279609680176,4.5706,4.0116
deferred,4,2,165,1.2624000310897827,4.0226,3.7076
deferred,4,2,166,1.4538880586624146,3.6981,3.9235
deferred,4,2,167,0.8385279774665833,3.9113,4.1001
deferred,4,2,168,1.2316479682922363,4.1444,3.9952
deferred,4,2,169,3.2019200325012207,3.989,3.7816
deferred,4,2,170,1.3187520503997803,3.7569,3.7715
deferred,4,2,171,1.6975359916687012,3.7344,4.4155
deferred,4,2,172,0.876416027545929,4.4983,4.433
deferred,4,2,173,1.206976056098938,4.4222,4.2265
deferred,4,2,174,2.521888017654419,4.1823,4.3435
deferred,4,2,175,1.896224021911621,4.4221,4.5107
deferred,4,2,176,2.2198081016540527,4.4757,4.118
deferred,4,2,177,0.8004800081253052,4.1016,4.4403
deferred,4,2,178,0.8199359774589539,4.4,4.8568
deferred,4,2,179,0.7901120185852051,5.0206,4.9002
deferred,4,2,180,0.7729600071907043,4.8192,4.3262
deferred,4,2,181,0.9962559938430786,4.3109,4.0685
deferred,4,2,182,0.7781440019607544,4.0614,5.7987
deferred,4,2,183,0.7452800273895264,5.8612,4.4812
deferred,4,2,184,0.77183997631073,4.4321,3.8754
deferred,4,2,185,1.4660799503326416,3.8016,4.3763
deferred,4,2,186,2.487071990966797,4.5579,5.1291
deferred,4,2,187,1.0647039413452148,5.0346,4.2245
deferred,4,2,188,0.8651840090751648,4.161,3.7488
deferred,4,2,189,0.8025280237197876,3.7048,4.0657
deferred,4,2,190,0.7759680151939392,4.1436,4.229
deferred,4,2,191,1.0453120470046997,4.2097,3.9431
deferred,4,2,192,2.5126399993896484,3.8939,3.7501
deferred,4,2,193,0.833184003829956,3.7785,4.0314
deferred,4,2,194,0.7730240225791931,4.0539,4.663
deferred,4,2,195,0.7769920229911804,4.6807,4.0682
deferred,4,2,196,0.7893120050430298,4.0072,4.2981
deferred,4,2,197,2.9017601013183594,4.3218,4.1481
deferred,4,2,198,0.7615039944648743,4.2066,4.3766
deferred,4,2,199,2.5116159915924072,4.3499,4.0257
deferred,4,2,200,0.7699199914932251,3.9707,3.913
deferred,4,2,201,0.8175039887428284,3.9543,4.4258
deferred,4,2,202,0.7688000202178955,4.5155,4.7888
deferred,4,2,203,0.7616000175476074,4.6931,4.2798
deferred,4,2,204,1.1404800415039062,4.2903,4.524
deferred,4,2,205,2.40118408203125,4.5011,4.8003
deferred,4,2,206,1.072864055633545,4.8384,4.0756
deferred,4,2,207,2.493216037750244,4.0185,3.9789
deferred,4,2,208,1.1709120273590088,4.0139,3.9803
deferred,4,2,209,1.5747840404510498,3.9691,4.2496
deferred,4,2,210,0.7647039890289307,4.2533,4.2606
deferred,4,2,211,1.104640007019043,4.2903,3.9955
deferred,4,2,212,3.2653119564056396,3.9539,3.7827
deferred,4,2,213,1.54367995262146,3.8042,4.1483
deferred,4,2,214,0.7841280102729797,4.109,4.0918
deferred,4,2,215,0.7810879945755005,4.1368,3.9453
deferred,4,2,216,1.6188160181045532,3.9334,3.9132
deferred,4,2,217,0.8178880214691162,3.874,4.0486
deferred,4,2,218,0.8078719973564148,4.1862,4.6569
deferred,4,2,219,0.7296640276908875,4.595,4.3023
deferred,4,2,220,1.072864055633545,4.3083,4.1413
deferred,4,2,221,0.7165120244026184,4.0888,4.4808
deferred,4,2,222,0.6981120109558105,4.6028,4.5599
deferred,4,2,223,1.0780479907989502,4.4858,3.9993
deferred,4,2,224,2.7379839420318604,3.9515,4.003
deferred,4,2,225,0.7062720060348511,4.003,4.4663
deferred,4,2,226,0.7062720060348511,4.4973,4.4885
deferred,4,2,227,0.6957759857177734,4.4945,4.2131
deferred,4,2,228,1.053439974784851,4.1706,4.0945
deferred,4,2,229,1.4697920083999634,4.1297,4.7361
deferred,4,2,230,0.684831976890564,4.7713,4.481
deferred,4,2,231,0.8363839983940125,4.4714,4.1094
deferred,4,2,232,0.7471359968185425,4.0272,4.0637
deferred,4,2,233,2.3640639781951904,4.1867,5.4555
deferred,4,2,234,0.7012159824371338,5.4342,4.1904
deferred,4,2,235,0.6950719952583313,4.0911,3.8976
deferred,4,2,236,0.7462080121040344,3.924,4.3046
deferred,4,2,237,0.7257279753684998,4.3677,4.3136
deferred,4,2,238,0.8210240006446838,4.2768,3.997
deferred,4,2,239,2.370016098022461,3.9428,3.9399
deferred,4,2,240,0.7420799732208252,3.9719,3.9628
deferred,4,2,241,0.68476802110672,4.0359,4.5875
deferred,4,2,242,0.6643519997596741,4.5492,4.0628
deferred,4,2,243,0.9918720126152039,3.9961,3.8698
deferred,4,2,244,0.9008960127830505,3.9251,4.2337
deferred,4,2,245,2.206399917602539,4.274,4.468
deferred,4,2,246,0.686847984790802,4.4177,4.2195
deferred,4,2,247,0.6816959977149963,4.206,3.8488
deferred,4,2,248,0.7032319903373718,3.826,4.1906
deferred,4,2,249,1.6709120273590088,4.2805,4.3811
deferred,4,2,250,0.8107839822769165,4.3042,4.0607
deferred,4,2,251,2.6303999423980713,4.0926,3.9129
deferred,4,2,252,0.7400959730148315,3.8777,4.5327
deferred,4,2,253,0.7031999826431274,4.5553,4.9021
deferred,4,2,254,0.6858239769935608,4.9257,4.1697
deferred,4,2,255,1.0472960472106934,4.1334,3.8176
deferred,4,2,256,2.2914559841156006,3.8111,4.1745
deferred,4,2,257,1.7712639570236206,4.196,4.3161
deferred,4,2,258,1.839743971824646,4.3252,3.9328
deferred,4,2,259,0.7073280215263367,3.8859,3.6633
deferred,4,2,260,0.697055995464325,3.645,4.1056
deferred,4,2,261,1.9965440034866333,4.185,4.2377
deferred,4,2,262,1.0544639825820923,4.2061,4.0673
deferred,4,2,263,0.9326080083847046,4.0664,3.8872
deferred,4,2,264,0.7084159851074219,3.8431,3.8641
deferred,4,2,265,0.9581760168075562,3.9281,4.6095
deferred,4,2,266,0.6846719980239868,4.6197,4.0793
deferred,4,2,267,1.3730560541152954,4.1138,3.9172
deferred,4,2,268,0.8424959778785706,3.8119,3.8207
deferred,4,2,269,1.1199359893798828,3.8945,4.6536
deferred,4,2,270,0.832319974899292,4.6463,4.2347
deferred,4,2,271,0.8599680066108704,4.1785,3.7933
deferred,4,2,272,0.989952027797699,3.8452,3.9983
deferred,4,2,273,1.7620799541473389,4.0147,4.3383
deferred,4,2,274,3.049344062805176,4.3359,4.2597
deferred,4,2,275,0.8271679878234863,4.2063,4.0014
deferred,4,2,276,0.8681600093841553,4.0041,3.8873
deferred,4,2,277,0.8250880241394043,3.9873,5.0038
deferred,4,2,278,0.832319974899292,4.9499,4.2158
deferred,4,2,279,1.3719359636306763,4.1862,3.8709
deferred,4,2,280,0.8679999709129333,3.8588,3.7947
deferred,4,2,281,1.428223967552185,3.8944,4.6182
deferred,4,2,282,0.8314239978790283,4.5224,4.2063
deferred,4,2,283,0.874239981174469,4.2163,4.4989
deferred,4,2,284,0.86627197265625,4.4806,4.0261
deferred,4,2,285,2.7225921154022217,4.1041,4.3476
deferred,4,2,286,1.4345920085906982,4.295,4.2234
deferred,4,2,287,2.8834240436553955,4.217,3.8538
deferred,4,2,288,0.856768012046814,3.8303,3.913
deferred,4,2,289,0.8406400084495544,3.9238,5.601
deferred,4,2,290,0.8384640216827393,5.7279,4.4652
deferred,4,2,291,1.5034879446029663,4.338,3.9291
deferred,4,2,292,3.1434879302978516,3.9202,4.1054
deferred,4,2,293,1.5542720556259155,4.1099,4.382
deferred,4,2,294,3.9288320541381836,4.4701,4.1125
deferred,4,2,295,1.3542399406433105,4.0313,4.5168
deferred,4,2,296,1.7206079959869385,4.4864,4.3743
deferred,4,2,297,0.8324159979820251,4.4526,4.3932
deferred,4,2,298,0.8708800077438354,4.3478,4.6356
deferred,4,2,299,1.2654720544815063,4.6264,4.1595
deferred,4,2,300,0.8218880295753479,4.1294,4.7817
deferred,4,2,301,1.8460160493850708,4.8498,4.1947
deferred,4,2,302,3.0757439136505127,4.1833,4.0316
deferred,4,2,303,1.268447995185852,4.0201,3.9979
deferred,4,2,304,0.8549439907073975,3.9723,4.7294
deferred,4,2,305,0.8559359908103943,4.7863,4.126
deferred,4,2,306,0.8322880268096924,4.0856,3.7262
deferred,4,2,307,0.8415039777755737,3.6925,3.8695
deferred,4,2,308,0.8220800161361694,3.928,4.0928
deferred,4,2,309,0.8189120292663574,4.0692,3.9929
deferred,4,2,310,0.8641600012779236,3.983,3.9745
deferred,4,2,311,1.6559360027313232,3.9445,3.8537
deferred,4,2,312,1.3872319459915161,3.9511,4.1251
deferred,4,2,313,3.3655359745025635,4.1427,4.469
deferred,4,2,314,0.79721599817276,4.4044,4.2335
deferred,4,2,315,1.065824031829834,4.2479,4.4268
deferred,4,2,316,1.528607964515686,4.4483,5.3333
deferred,4,2,317,2.6834559440612793,5.4309,6.1607
deferred,4,2,318,1.3791999816894531,6.0709,6.4918
deferred,4,2,319,0.9530879855155945,6.6768,6.205
deferred,4,2,320,0.7063040137290955,6.0392,5.5923
deferred,4,2,321,0.7369599938392639,5.5829,4.5007
deferred,4,2,322,0.7308800220489502,4.4814,5.5414
deferred,4,2,323,0.6970880031585693,5.6272,4.9506
deferred,4,2,324,0.9130880236625671,4.8345,5.2555
deferred,4,2,325,1.9707520008087158,5.2922,7.046
deferred,4,2,326,1.6297600269317627,7.178,9.8136
deferred,4,2,327,1.0903040170669556,9.7212,11.0544
deferred,4,2,328,2.029247999191284,11.0348,13.7876
deferred,4,2,329,1.1340479850769043,13.7723,6.6062
deferred,4,2,330,2.572000026702881,6.6081,7.9391
deferred,4,2,331,2.3948800563812256,7.9957,5.7152
deferred,4,2,332,1.4384640455245972,5.6301,5.3883
deferred,4,2,333,0.7134720087051392,5.469,6.701
deferred,4,2,334,0.7102400064468384,6.7188,5.8281
deferred,4,2,335,0.7687360048294067,5.811,5.9119
deferred,4,2,336,2.66428804397583,5.867,5.7566
deferred,4,2,337,0.7862399816513062,5.8555,33.9044
deferred,4,2,338,0.7104319930076599,33.8561,4.8389
deferred,4,2,339,0.7492799758911133,4.7382,4.5915
deferred,4,2,340,0.7492160201072693,4.7352,5.7706
deferred,4,2,341,0.7165120244026184,5.7801,8.0338
deferred,4,2,342,0.6334720253944397,8.0154,6.7606
deferred,4,2,343,0.5926079750061035,6.6818,8.755
deferred,4,2,344,1.2089920043945312,8.8723,4.7394
deferred,4,2,345,0.5761920213699341,4.6358,5.9676
deferred,4,2,346,0.5864319801330566,5.9906,5.1758
deferred,4,2,347,0.5812479853630066,5.0703,5.12
deferred,4,2,348,0.5844159722328186,5.1973,4.6672
deferred,4,2,349,0.5680320262908936,4.6353,4.4053
deferred,4,2,350,0.5687680244445801,4.3386,4.3276
deferred,4,2,351,2.4081599712371826,4.3914,4.4716
deferred,4,2,352,0.5905600190162659,4.6028,4.9186
deferred,4,2,353,0.5762240290641785,4.8089,4.8091
deferred,4,2,354,1.1304320096969604,4.7423,4.1252
deferred,4,2,355,0.7857599854469299,4.1479,4.8514
deferred,4,2,356,2.0537919998168945,4.9372,4.4448
deferred,4,2,357,0.6128320097923279,4.3393,4.0393
deferred,4,2,358,0.6100159883499146,4.0321,4.2239
deferred,4,2,359,0.5813760161399841,4.2717,4.7877
deferred,4,2,360,0.5782399773597717,4.7911,4.5002
deferred,4,2,361,0.599776029586792,4.4575,4.7673
deferred,4,2,362,0.6222720146179199,4.7749,5.8111
deferred,4,2,363,0.5905600190162659,5.8852,4.9909
deferred,4,2,364,0.574176013469696,4.9694,4.1627
deferred,4,2,365,0.5923519730567932,4.0778,4.1162
deferred,4,2,366,1.7524800300598145,4.1973,4.6012
deferred,4,2,367,1.7814719676971436,4.5951,4.4637
deferred,4,2,368,1.1002880334854126,4.4176,4.1454
deferred,4,2,369,0.6663039922714233,4.1581,4.6799
deferred,4,2,370,0.6263039708137512,4.7202,5.1767
deferred,4,2,371,0.5803200006484985,5.1533,4.5758
deferred,4,2,372,0.7236800193786621,4.593,4.6261
deferred,4,2,373,0.7503039836883545,4.6541,4.7996
deferred,4,2,374,0.6232960224151611,4.7774,4.778
deferred,4,2,375,0.5680320262908936,4.7342,4.0374
deferred,4,2,376,0.8608959913253784,4.0381,3.8418
deferred,4,2,377,1.1505600214004517,3.8326,5.0797
deferred,4,2,378,0.7779840230941772,5.2789,4.7539
deferred,4,2,379,1.9103039503097534,4.5225,3.8614
deferred,4,2,380,0.6110079884529114,3.8853,3.8773
deferred,4,2,381,0.5884799957275391,3.8998,5.0651
deferred,4,2,382,0.848800003528595,5.091,4.2666
deferred,4,2,383,0.8087360262870789,4.188,3.907
deferred,4,2,384,3.545056104660034,3.9428,4.0598
deferred,4,2,385,1.1660799980163574,4.1005,4.2361
deferred,4,2,386,0.7945600152015686,4.1639,3.9177
deferred,4,2,387,0.8496320247650146,3.944,3.6313
deferred,4,2,388,0.7873600125312805,3.6175,4.0204
deferred,4,2,389,1.6903680562973022,4.0761,4.2916
deferred,4,2,390,2.5962560176849365,4.2352,4.0719
deferred,4,2,391,0.8007040023803711,4.1063,3.9424
deferred,4,2,392,1.0535999536514282,3.9061,4.1197
deferred,4,2,393,0.8159360289573669,4.1409,4.5876
deferred,4,2,394,0.785152018070221,4.6215,4.0533
deferred,4,2,395,1.649440050125122,4.0107,3.7003
deferred,4,2,396,0.83024001121521,3.6886,3.8079
deferred,4,2,397,0.8322880268096924,3.8189,4.6532
deferred,4,2,398,0.7995200157165527,4.7182,4.4139
deferred,4,2,399,0.8017280101776123,4.3655,3.9237
deferred,4,2,400,0.8139520287513733,3.9347,3.8416
deferred,4,2,401,1.3534400463104248,3.8148,4.6201
deferred,4,2,402,2.5967040061950684,4.6553,4.1757
deferred,4,2,403,0.8005759716033936,4.1579,4.0822
deferred,4,2,404,1.2051520347595215,4.0775,4.0092
deferred,4,2,405,1.910591959953308,4.0196,6.0378
deferred,4,2,406,0.7751039862632751,6.0795,4.2607
deferred,4,2,407,1.2408959865570068,4.2039,3.9095
deferred,4,2,408,3.322688102722168,3.8723,4.2962
deferred,4,2,409,1.1609920263290405,4.401,4.4882
deferred,4,2,410,3.042912006378174,4.4462,3.968
deferred,4,2,411,1.466048002243042,3.9197,3.8551
deferred,4,2,412,1.5132479667663574,3.8871,5.1678
deferred,4,2,413,0.818943977355957,5.3019,4.7456
deferred,4,2,414,0.8292800188064575,4.6372,4.2291
deferred,4,2,415,1.2020479440689087,4.1797,4.0709
deferred,4,2,416,1.06985604763031,4.1001,4.8452
deferred,4,2,417,0.7954239845275879,4.8872,4.2789
deferred,4,2,418,2.3550078868865967,4.1935,4.1257
deferred,4,2,419,1.0871039628982544,4.1848,4.0268
deferred,4,2,420,0.9284480214118958,4.0239,4.7162
deferred,4,2,421,0.8068479895591736,4.7657,4.666
deferred,4,2,422,0.8210240006446838,4.578,4.1847
deferred,4,2,423,1.0360959768295288,4.2458,4.8023
deferred,4,2,424,1.1528960466384888,4.8037,5.0142
deferred,4,2,425,0.8159040212631226,4.9958,4.2271
deferred,4,2,426,2.109344005584717,4.1771,3.903
deferred,4,2,427,1.1620160341262817,3.9542,4.7387
deferred,4,2,428,0.9817600250244141,4.7814,5.0851
deferred,4,2,429,2.7112960815429688,5.0021,4.4334
deferred,4,2,430,1.1559040546417236,4.442,4.2468
deferred,4,2,431,0.7976319789886475,4.235,4.3413
deferred,4,2,432,0.7648320198059082,4.4186,4.46
deferred,4,2,433,0.7720000147819519,4.3723,4.4526
deferred,4,2,434,1.7385280132293701,4.4651,4.0945
deferred,4,2,435,2.1254079341888428,4.1281,5.0517
deferred,4,2,436,1.0730559825897217,5.1608,4.3713
deferred,4,2,437,1.591007947921753,4.2519,4.4241
deferred,4,2,438,0.7963520288467407,4.4137,4.6935
deferred,4,2,439,2.552608013153076,4.741,4.8805
deferred,4,2,440,1.1936639547348022,4.8449,4.2775
deferred,4,2,441,1.14956796169281,4.2637,4.1693
deferred,4,2,442,0.8221439719200134,4.1794,5.4925
deferred,4,2,443,1.4671679735183716,5.5541,5.322
deferred,4,2,444,0.7810879945755005,5.2615,4.2582
deferred,4,2,445,0.8180800080299377,4.373,4.8068
deferred,4,2,446,0.7984640002250671,4.7457,4.5521
deferred,4,2,447,0.8046079874038696,4.4897,4.3815
deferred,4,2,448,1.1497279405593872,4.4197,4.549
deferred,4,2,449,0.7787200212478638,4.5507,6.8712
deferred,4,2,450,0.8005759716033936,6.9979,5.1017
deferred,4,2,451,1.2428799867630005,4.918,4.8685
deferred,4,2,452,0.7728959918022156,4.917,5.4086
deferred,4,2,453,1.9459199905395508,5.4297,5.1305
deferred,4,2,454,1.471168041229248,5.0767,4.5376
deferred,4,2,455,0.811680018901825,4.5925,5.5191
deferred,4,2,456,1.09443199634552,5.549,6.1973
deferred,4,2,457,1.5358400344848633,6.1837,5.2083
deferred,4,2,458,1.312351942062378,5.1405,5.2477
deferred,4,2,459,0.7720000147819519,5.4428,5.9018
deferred,4,2,460,0.7862399816513062,5.7495,5.1803
deferred,4,2,461,1.882912039756775,5.1794,5.3536
deferred,4,2,462,1.5910719633102417,5.3301,5.0608
deferred,4,2,463,0.7688959836959839,5.1024,4.5364
deferred,4,2,464,0.8044480085372925,4.5424,4.4545
deferred,4,2,465,2.513375997543335,4.4429,4.9507
deferred,4,2,466,1.0493439435958862,4.946,4.6204
deferred,4,2,467,2.0146241188049316,4.6469,4.9855
deferred,4,2,468,3.2725439071655273,4.9654,5.4568
deferred,4,2,469,1.071552038192749,5.4181,5.0738
deferred,4,2,470,1.2756799459457397,5.1083,5.4031
deferred,4,2,471,1.6290240287780762,5.3836,5.4269
deferred,4,2,472,0.8281919956207275,5.4131,4.9918
deferred,4,2,473,0.8197119832038879,5.0238,4.5807
deferred,4,2,474,0.8170239925384521,4.5683,4.9963
deferred,4,2,475,1.983199954032898,5.043,4.8187
deferred,4,2,476,0.8037760257720947,4.7474,4.5221
deferred,4,2,477,1.2101759910583496,4.5475,5.1756
deferred,4,2,478,0.8354880213737488,5.2236,5.689
deferred,4,2,479,0.7965440154075623,5.6079,5.015
deferred,4,2,480,0.8230720162391663,5.0527,5.097
deferred,4,2,481,2.4317119121551514,5.1342,4.8313
deferred,4,2,482,1.449728012084961,4.819,4.9846
deferred,4,2,483,0.7985919713973999,4.9315,4.3796
deferred,4,2,484,1.1600639820098877,4.4049,4.5462
deferred,4,2,485,1.7017920017242432,4.5811,4.9966
deferred,4,2,486,1.1590720415115356,4.989,4.7723
deferred,4,2,487,2.8075520992279053,4.7305,4.3667
deferred,4,2,488,0.8557440042495728,4.3662,5.2801
deferred,4,2,489,0.9920960068702698,5.4406,5.3225
deferred,4,2,490,2.079456090927124,5.1496,4.8633
deferred,4,2,491,0.8620479702949524,4.9499,5.149
deferred,4,2,492,1.146623969078064,5.2884,5.0809
deferred,4,2,493,1.3003840446472168,4.9937,5.1959
deferred,4,2,494,1.408735990524292,5.0424,5.2218
deferred,4,2,495,0.7953600287437439,5.3866,6.2755
deferred,4,2,496,0.7984640002250671,6.2472,4.8309
deferred,4,2,497,1.1907520294189453,4.7033,4.4484
deferred,4,2,498,2.5397119522094727,4.5366,5.2491
deferred,4,2,499,0.8016960024833679,5.279,5.0446
deferred,4,2,500,0.7993919849395752,5.0603,4.9059
deferred,4,2,501,0.8177599906921387,4.7706,5.5717
deferred,4,2,502,1.8805439472198486,5.7256,6.1089
deferred,4,2,503,1.1181119680404663,6.0684,5.3034
deferred,4,2,504,0.8167359828948975,5.2107,5.0024
deferred,4,2,505,0.8189759850502014,5.1329,4.8512
deferred,4,2,506,0.8027200102806091,4.7524,4.6027
deferred,4,2,507,0.8170560002326965,4.5813,4.8005
deferred,4,2,508,0.8035839796066284,4.8052,5.2776
deferred,4,2,509,0.8158400058746338,5.2825,4.7746
deferred,4,2,510,1.2235840559005737,4.7699,4.5511
deferred,4,2,511,0.9080960154533386,4.5398,6.2881
deferred,4,2,512,2.3756160736083984,6.3692,5.1595
deferred,4,2,513,1.1396160125732422,5.0923,4.628
deferred,4,2,514,0.917248010635376,4.6306,5.1425
deferred,4,2,515,0.9171839952468872,5.1158,4.8683
deferred,4,2,516,0.8795199990272522,4.8941,5.1234
deferred,4,2,517,0.9069759845733643,5.1202,4.412
deferred,4,2,518,0.8700799942016602,4.486,5.0349
deferred,4,2,519,0.8763520121574402,4.9277,4.9378
deferred,4,2,520,1.3074239492416382,4.969,4.966
deferred,4,2,521,0.8845120072364807,4.9888,5.3101
deferred,4,2,522,0.8823999762535095,5.2779,5.1267
deferred,4,2,523,0.9019200205802917,5.1903,4.7729
deferred,4,2,524,0.8957759737968445,4.7111,4.9634
deferred,4,2,525,0.8660799860954285,4.9902,4.4622
deferred,4,2,526,0.8650879859924316,4.3937,4.1237
deferred,4,2,527,1.4016319513320923,4.1401,4.2573
deferred,4,2,528,2.7472000122070312,4.2639,5.1343
deferred,4,2,529,1.3162879943847656,5.1706,4.9437
deferred,4,2,530,1.3893120288848877,4.9195,4.9944
deferred,4,2,531,3.456671953201294,4.9791,4.874
deferred,4,2,532,1.5931199789047241,4.9176,4.9518
deferred,4,2,533,1.4898560047149658,4.9005,4.4617
deferred,4,2,534,1.8287039995193481,4.5354,4.1286
deferred,4,2,535,0.8707839846611023,4.0673,4.6458
deferred,4,2,536,1.1775360107421875,4.6972,4.5276
deferred,4,2,537,0.858847975730896,4.44,4.0807
deferred,4,2,538,1.3198720216751099,4.0956,3.9349
deferred,4,2,539,2.882431983947754,3.9323,4.8328
deferred,4,2,540,0.876255989074707,4.8502,4.6347
deferred,4,2,541,1.4906560182571411,4.6468,4.5849
deferred,4,2,542,1.9660160541534424,4.564,4.8302
deferred,4,2,543,1.3843200206756592,4.8939,4.9078
deferred,4,2,544,1.4876480102539062,4.8439,4.5785
deferred,4,2,545,1.6750400066375732,4.5925,4.6518
deferred,4,2,546,1.0913599729537964,4.6612,5.0309
deferred,4,2,547,2.81276798248291,5.0529,4.8233
deferred,4,2,548,3.119040012359619,4.7571,4.3821
deferred,4,2,549,0.9200000166893005,4.3867,4.6972
deferred,4,2,550,0.9008960127830505,4.7624,4.9377
deferred,4,2,551,0.8701760172843933,4.8889,4.3104
deferred,4,2,552,0.8342080116271973,4.3272,4.3133
deferred,4,2,553,0.8043839931488037,4.2948,4.568
deferred,4,2,554,1.9086719751358032,4.6064,4.8689
deferred,4,2,555,0.7964800000190735,4.8335,4.8333
deferred,4,2,556,1.169119954109192,4.9062,4.8417
deferred,4,2,557,0.9808639883995056,4.8883,6.6364
deferred,4,2,558,0.7953919768333435,6.5211,4.3367
deferred,4,2,559,0.8405119776725769,4.3467,4.1986
deferred,4,2,560,1.6495360136032104,4.231,5.2469
deferred,4,2,561,0.9511359930038452,5.2955,4.5753
deferred,4,2,562,1.3176319599151611,4.4743,4.4011
deferred,4,2,563,1.3432320356369019,4.4196,4.3412
deferred,4,2,564,2.2750399112701416,4.401,4.7897
deferred,4,2,565,2.631455898284912,4.7154,4.1115
deferred,4,2,566,1.3042559623718262,4.1204,4.3051
deferred,4,2,567,1.64137601852417,4.3224,4.4076
deferred,4,2,568,0.7933760285377502,4.4246,4.5011
deferred,4,2,569,0.8005759716033936,4.436,4.1657
deferred,4,2,570,1.7332799434661865,4.2254,3.978
deferred,4,2,571,1.2131520509719849,3.9298,4.1849
deferred,4,2,572,2.682687997817993,4.2795,4.6441
deferred,4,2,573,0.8657600283622742,4.6033,4.692
deferred,4,2,574,0.8381760120391846,4.6715,4.376
deferred,4,2,575,0.8332800269126892,4.4201,5.476
deferred,4,2,576,0.8087679743766785,5.4049,4.3078
deferred,4,2,577,0.7893760204315186,4.344,4.3319
deferred,4,2,578,0.8199040293693542,4.3196,4.4604
deferred,4,2,579,1.109887957572937,4.4835,4.9319
deferred,4,2,580,0.7996479868888855,4.8769,4.3673
deferred,4,2,581,1.664736032485962,4.3986,4.2116
deferred,4,2,582,0.8373759984970093,4.222,4.2473
deferred,4,2,583,2.9961600303649902,4.2431,5.0659
deferred,4,2,584,1.116927981376648,5.0766,4.1578
deferred,4,2,585,1.2121920585632324,4.1153,4.2615
deferred,4,2,586,0.8109440207481384,4.2714,4.7708
deferred,4,2,587,0.8086720108985901,4.769,5.1618
deferred,4,2,588,0.8209279775619507,5.2375,4.9866
deferred,4,2,589,1.6525440216064453,4.9627,4.8536
deferred,4,2,590,0.7799040079116821,4.8384,5.1219
deferred,4,2,591,0.8073920011520386,5.067,4.5819
deferred,4,2,592,1.2182079553604126,4.6079,4.5618
deferred,4,2,593,1.1262400150299072,4.5889,5.555
deferred,4,2,594,0.7975999712944031,5.5684,4.9486
deferred,4,2,595,0.8652480244636536,4.9471,4.6187
deferred,4,2,596,1.6442879438400269,4.5509,4.2686
deferred,4,2,597,1.4241600036621094,4.3361,4.2497
deferred,4,2,598,1.703711986541748,4.1831,4.6101
deferred,4,2,599,1.8050880432128906,4.6516,4.6482
deferred,4,2,600,0.830016016960144,4.6804,4.3118
deferred,4,2,601,1.0944000482559204,4.2749,4.3808
deferred,4,2,602,0.802623987197876,4.387,4.1201
deferred,4,2,603,1.2101759910583496,4.0834,4.1666
deferred,4,2,604,0.8415039777755737,4.2088,6.1817
deferred,4,2,605,0.7983999848365784,6.2125,5.1547
deferred,4,2,606,1.3085119724273682,5.1178,4.9373
deferred,4,2,607,0.8465279936790466,4.9512,6.3108
deferred,4,2,608,2.51475191116333,6.4451,4.5483
deferred,4,2,609,1.5367679595947266,4.3602,4.2346
deferred,4,2,610,1.0063680410385132,4.2585,4.3911
deferred,4,2,611,0.8087360262870789,4.4525,4.6775
deferred,4,2,612,0.805791974067688,4.5986,4.0675
deferred,4,2,613,2.582240104675293,4.0827,3.8098
deferred,4,2,614,0.8178880214691162,3.793,4.1623
deferred,4,2,615,1.3944640159606934,4.1949,4.4128
deferred,4,2,616,0.8108800053596497,4.3986,4.2257
deferred,4,2,617,1.2418559789657593,4.2186,4.4687
deferred,4,2,618,0.8044480085372925,4.4582,4.0996
deferred,4,2,619,2.298624038696289,4.1108,4.37
deferred,4,2,620,1.1579519510269165,4.3845,4.1988
deferred,4,2,621,3.2151999473571777,4.1851,3.9487
deferred,4,2,622,1.9412800073623657,4.095,6.9659
deferred,4,2,623,0.8148800134658813,6.9918,5.4405
deferred,4,2,624,1.2550079822540283,5.4489,4.2766
deferred,4,2,625,3.116895914077759,4.0909,4.2048
deferred,4,2,626,1.100767970085144,4.2107,4.5403
deferred,4,2,627,0.8342400193214417,4.5458,4.0281
deferred,4,2,628,1.238976001739502,4.0032,4.264
deferred,4,2,629,0.8077759742736816,4.2887,5.5033
deferred,4,2,630,0.8056319952011108,5.5019,4.2658
deferred,4,2,631,0.8056319952011108,4.2662,4.0321
deferred,4,2,632,1.8008639812469482,4.0109,4.0888
deferred,4,2,633,1.3299200534820557,4.1424,4.5524
deferred,4,2,634,2.337599992752075,4.5042,4.2379
deferred,4,2,635,0.7995520234107971,4.2597,3.9178
deferred,4,2,636,0.8269439935684204,3.8817,4.2243
deferred,4,2,637,0.8321920037269592,4.2858,5.7352
deferred,4,2,638,0.8465279936790466,5.8423,5.2335
deferred,4,2,639,1.0370559692382812,5.1142,4.2728
deferred,4,2,640,2.0876479148864746,4.2443,5.9537
deferred,4,2,641,0.58924800157547,5.9485,4.441
deferred,4,2,642,0.5731520056724548,4.4882,4.0648
deferred,4,2,643,0.5854079723358154,4.0247,4.6868
deferred,4,2,644,0.5804160237312317,4.6977,5.1852
deferred,4,2,645,0.5738880038261414,5.3265,5.2232
deferred,4,2,646,0.9858239889144897,5.1794,5.0666
deferred,4,2,647,0.5761600136756897,5.0302,5.6238
deferred,4,2,648,0.5629119873046875,5.5918,4.5126
deferred,4,2,649,0.8506559729576111,4.556,4.9816
deferred,4,2,650,0.7810239791870117,4.9833,5.6948
deferred,4,2,651,0.5700799822807312,5.7531,5.3121
deferred,4,2,652,0.5670080184936523,5.1637,4.4834
deferred,4,2,653,0.5905280113220215,4.5476,4.212
deferred,4,2,654,0.5680320262908936,4.2505,4.6946
deferred,4,2,655,0.56905597448349,4.6303,4.7242
deferred,4,2,656,0.7196159958839417,4.7489,4.4263
deferred,4,2,657,2.234015941619873,4.4107,4.9366
deferred,4,2,658,0.5668479800224304,5.0138,4.946
deferred,4,2,659,0.6765440106391907,4.8281,4.6834
deferred,4,2,660,0.5967360138893127,4.7387,5.0561
deferred,4,2,661,1.3807040452957153,5.0879,5.1203
deferred,4,2,662,0.5639359951019287,5.024,4.9356
deferred,4,2,663,0.8476160168647766,5.0002,4.8631
deferred,4,2,664,1.786463975906372,4.9035,4.7043
deferred,4,2,665,0.9827520251274109,4.6869,4.4218
deferred,4,2,666,0.6129279732704163,4.3205,3.9778
deferred,4,2,667,0.6027200222015381,3.9918,4.6685
deferred,4,2,668,0.5823360085487366,4.7258,5.0751
deferred,4,2,669,0.5669440031051636,5.0662,5.0907
deferred,4,2,670,0.6857600212097168,5.0438,5.9393
deferred,4,2,671,0.5977280139923096,6.2736,7.4601
deferred,4,2,672,0.5680639743804932,7.1752,4.2918
deferred,4,2,673,0.5894079804420471,4.2305,4.3422
deferred,4,2,674,0.7287999987602234,4.3946,4.2563
deferred,4,2,675,1.9341119527816772,4.2345,4.1024
deferred,4,2,676,0.5688959956169128,4.1293,4.0517
deferred,4,2,677,0.5853440165519714,3.9752,3.9525
deferred,4,2,678,0.6059520244598389,4.0124,4.553
deferred,4,2,679,0.5792639851570129,4.5732,4.7814
deferred,4,2,680,0.5414400100708008,4.721,4.5221
deferred,4,2,681,2.917056083679199,4.5424,4.7886
deferred,4,2,682,0.9726719856262207,4.8183,4.6331
deferred,4,2,683,2.5198400020599365,4.5904,3.8517
deferred,4,2,684,0.7329279780387878,3.8099,3.7201
deferred,4,2,685,0.7626879811286926,3.7494,4.0656
deferred,4,2,686,1.8041599988937378,4.0991,4.1772
deferred,4,2,687,0.9735999703407288,4.1723,3.9386
deferred,4,2,688,2.378495931625366,3.8867,3.7727
deferred,4,2,689,0.7533760070800781,3.838,3.8921
deferred,4,2,690,0.7401279807090759,3.9549,4.6926
deferred,4,2,691,0.7206079959869385,4.5902,4.1371
deferred,4,2,692,0.7371519804000854,4.1991,4.0898
deferred,4,2,693,0.7471680045127869,4.0679,3.9696
deferred,4,2,694,1.3305920362472534,3.9746,4.547
deferred,4,2,695,0.8056319952011108,4.5443,4.2703
deferred,4,2,696,0.7679039835929871,4.2451,3.8821
deferred,4,2,697,0.7697920203208923,3.8808,4.658
deferred,4,2,698,1.0432319641113281,4.656,4.3034
deferred,4,2,699,1.2643840312957764,4.3155,4.1936
deferred,4,2,700,3.014240026473999,4.1903,3.9721
deferred,4,2,701,1.1074559688568115,3.9441,3.8005
deferred,4,2,702,0.7411199808120728,3.7812,4.6555
deferred,4,2,703,0.7513920068740845,4.72,4.2134
deferred,4,2,704,1.1353600025177002,4.1926,4.4017
deferred,4,2,705,2.869920015335083,4.4211,4.7509
deferred,4,2,706,1.0369600057601929,4.7463,4.8311
deferred,4,2,707,0.9102399945259094,4.8633,4.562
deferred,4,2,708,1.1474560499191284,4.5044,4.1358
deferred,4,2,709,0.9048320055007935,4.1354,4.8504
deferred,4,2,710,2.375200033187866,4.9436,4.7347
deferred,4,2,711,1.0689280033111572,4.7661,4.2497
deferred,4,2,712,0.7439360022544861,4.1158,4.1554
deferred,4,2,713,0.7420799732208252,4.1751,4.8803
deferred,4,2,714,0.7566080093383789,4.9235,5.0384
deferred,4,2,715,1.09334397315979,5.0063,4.8609
deferred,4,2,716,0.7534400224685669,4.8253,5.2495
deferred,4,2,717,0.7617279887199402,5.3114,4.5807
deferred,4,2,718,0.785152018070221,4.5471,4.3896
deferred,4,2,719,0.7523519992828369,4.3911,4.7081
deferred,4,2,720,1.5655360221862793,4.7103,4.6085
forward,4,2,121,0.879360020160675,4.2098,4.032
forward,4,2,122,0.6376640200614929,4.0214,4.2384
forward,4,2,123,0.49324798583984375,4.2558,4.3152
forward,4,2,124,0.6427839994430542,4.2928,4.4979
forward,4,2,125,0.9018880128860474,4.5209,3.9872
forward,4,2,126,0.8373119831085205,3.9733,4.3691
forward,4,2,127,0.9805439710617065,4.3789,4.0505
forward,4,2,128,0.4902079999446869,3.9995,3.9425
forward,4,2,129,0.7788800001144409,3.9613,3.9844
forward,4,2,130,0.5311679840087891,4.0024,4.5455
forward,4,2,131,0.48713600635528564,4.5694,4.4841
forward,4,2,132,0.6079999804496765,4.4778,4.3084
forward,4,2,133,1.0480320453643799,4.2778,4.0631
forward,4,2,134,0.8096640110015869,4.1199,4.3542
forward,4,2,135,0.6099839806556702,4.3147,3.9692
forward,4,2,136,0.6243839859962463,4.0194,3.9247
forward,4,2,137,0.9264960289001465,3.884,3.9874
forward,4,2,138,0.6488959789276123,3.9355,4.2086
forward,4,2,139,0.7779520153999329,4.4455,4.6116
forward,4,2,140,0.5220479965209961,4.501,4.0228
forward,4,2,141,1.453536033630371,3.9358,3.9334
forward,4,2,142,0.7975360155105591,3.9284,4.3241
forward,4,2,143,0.7964800000190735,4.4269,4.296
forward,4,2,144,1.5910719633102417,4.2711,3.9879
forward,4,2,145,3.0370559692382812,3.9298,3.8096
forward,4,2,146,1.2112640142440796,3.7612,4.2886
forward,4,2,147,0.8007360100746155,4.4511,4.4793
forward,4,2,148,0.8159360289573669,4.4219,4.2136
forward,4,2,149,1.5931520462036133,4.1487,3.898
forward,4,2,150,1.3617279529571533,3.8821,3.8876
forward,4,2,151,2.49833607673645,3.8842,4.0479
forward,4,2,152,0.7872639894485474,4.0466,3.9711
forward,4,2,153,0.7984960079193115,3.9409,3.8089
forward,4,2,154,1.2206720113754272,3.8289,4.237
forward,4,2,155,1.2653759717941284,4.297,4.9673
forward,4,2,156,1.6544959545135498,4.9395,4.6853
forward,4,2,157,1.2296639680862427,4.6938,4.119
forward,4,2,158,0.7811200022697449,4.1087,4.1615
forward,4,2,159,0.7852159738540649,4.142,3.912
forward,4,2,160,0.7904639840126038,3.917,3.9504
forward,4,2,161,1.9965440034866333,3.9473,3.8157
forward,4,2,162,2.168735980987549,3.8139,4.1417
forward,4,2,163,0.9531520009040833,4.2228,4.299
forward,4,2,164,0.7923840284347534,4.2308,4.1047
forward,4,2,165,0.7975040078163147,4.1052,4.2745
forward,4,2,166,1.0586880445480347,4.3,4.458
forward,4,2,167,1.106719970703125,4.4588,5.2554
forward,4,2,168,0.7862399816513062,5.2554,4.0236
forward,4,2,169,1.9617919921875,3.9775,3.6608
forward,4,2,170,1.0032960176467896,3.6669,3.6717
forward,4,2,171,0.8015679717063904,3.6567,4.2477
forward,4,2,172,0.7862079739570618,4.2944,4.1895
forward,4,2,173,1.7274880409240723,4.1811,3.9324
forward,4,2,174,1.3618559837341309,3.9032,4.1771
forward,4,2,175,2.7922561168670654,4.2449,4.4447
forward,4,2,176,0.7914239764213562,4.4438,4.0072
forward,4,2,177,1.248128056526184,3.9294,3.7322
forward,4,2,178,0.8056640028953552,3.7154,3.8432
forward,4,2,179,2.2115840911865234,4.0037,4.5431
forward,4,2,180,1.1364799737930298,4.5165,4.1173
forward,4,2,181,2.382783889770508,4.0164,3.6301
forward,4,2,182,1.6637760400772095,3.5878,3.8489
forward,4,2,183,1.1743359565734863,3.8918,4.0537
forward,4,2,184,2.0876801013946533,4.0595,3.7077
forward,4,2,185,0.7791680097579956,3.6701,3.4898
forward,4,2,186,0.8078719973564148,3.498,3.4716
forward,4,2,187,1.3616960048675537,3.4707,3.988
forward,4,2,188,1.3147519826889038,4.0434,4.3233
forward,4,2,189,1.2719680070877075,4.2921,3.7186
forward,4,2,190,0.7533119916915894,3.7135,3.9935
forward,4,2,191,0.48204800486564636,4.0183,4.3878
forward,4,2,192,0.49324798583984375,4.3712,4.1962
forward,4,2,193,0.49427199363708496,4.2352,3.9992
forward,4,2,194,1.936959981918335,3.948,3.7387
forward,4,2,195,0.571071982383728,3.7902,4.7142
forward,4,2,196,0.8957120180130005,4.8892,5.2093
forward,4,2,197,0.4940800070762634,5.0625,4.25
forward,4,2,198,0.7758399844169617,4.1795,4.1068
forward,4,2,199,1.0462080240249634,4.1294,4.4333
forward,4,2,200,0.5024960041046143,4.4287,4.4239
forward,4,2,201,0.7564799785614014,4.4702,4.1439
forward,4,2,202,0.5116479992866516,4.0872,4.4134
forward,4,2,203,1.610368013381958,4.4424,4.6079
forward,4,2,204,0.49622398614883423,4.6387,3.9584
forward,4,2,205,0.5013120174407959,3.8927,3.9064
forward,4,2,206,0.6550400257110596,3.9036,4.0193
forward,4,2,207,0.8720319867134094,4.0264,4.9467
forward,4,2,208,0.5905280113220215,4.9845,4.2179
forward,4,2,209,1.9216639995574951,4.2097,3.9574
forward,4,2,210,0.4912320077419281,3.9011,4.2816
forward,4,2,211,0.5967680215835571,4.3587,5.0426
forward,4,2,212,0.48819199204444885,5.0294,4.1814
forward,4,2,213,0.7759039998054504,4.1684,4.395
forward,4,2,214,0.5065600275993347,4.3527,4.2446
forward,4,2,215,0.487199991941452,4.3279,4.2264
forward,4,2,216,0.8352000117301941,4.1972,3.9241
forward,4,2,217,0.9489920139312744,3.882,3.865
forward,4,2,218,0.5147200226783752,3.868,5.0938
forward,4,2,219,0.5311040282249451,5.3157,5.1032
forward,4,2,220,0.48713600635528564,5.1589,4.4306
forward,4,2,221,0.6601920127868652,4.1333,4.0098
forward,4,2,222,0.482015997171402,4.0847,4.9859
forward,4,2,223,0.5045120120048523,5.0108,4.4259
forward,4,2,224,0.6324800252914429,4.3911,4.4942
forward,4,2,225,1.0421119928359985,4.474,4.5572
forward,4,2,226,0.6919040083885193,4.605,4.589
forward,4,2,227,1.6704319715499878,4.5605,4.0136
forward,4,2,228,0.6274240016937256,3.9644,3.9062
forward,4,2,229,0.5014079809188843,3.9084,4.4058
forward,4,2,230,0.5280640125274658,4.4747,4.3238
forward,4,2,231,0.4768959879875183,4.2918,4.1122
forward,4,2,232,0.7308480143547058,4.049,3.8768
forward,4,2,233,0.641759991645813,3.905,3.9971
forward,4,2,234,0.4891839921474457,4.0485,4.546
forward,4,2,235,0.671455979347229,4.5424,4.4504
forward,4,2,236,1.062656044960022,4.4559,4.0524
forward,4,2,237,1.513152003288269,4.0165,4.2513
forward,4,2,238,0.8404800295829773,4.2971,4.2545
forward,4,2,239,2.2299840450286865,4.1824,3.959
forward,4,2,240,0.6684479713439941,4.0105,3.8281
forward,4,2,241,0.6694719791412354,3.8135,3.6093
forward,4,2,242,1.230720043182373,3.5637,3.8006
forward,4,2,243,1.6690239906311035,3.8251,4.19
forward,4,2,244,2.855776071548462,4.2441,4.5274
forward,4,2,245,0.7207040190696716,4.5543,4.1458
forward,4,2,246,0.6756160259246826,4.0693,4.677
forward,4,2,247,0.6654719710350037,4.7355,4.3523
forward,4,2,248,0.665503978729248,4.3044,4.0285
forward,4,2,249,1.2120319604873657,4.0021,4.5092
forward,4,2,250,0.9870079755783081,4.5748,5.0324
forward,4,2,251,0.8045759797096252,5.0266,4.1105
forward,4,2,252,2.651776075363159,4.0573,4.3345
forward,4,2,253,0.6755840182304382,4.3505,4.0979
forward,4,2,254,0.6888319849967957,4.1097,4.5175
forward,4,2,255,0.6858559846878052,4.5385,4.4036
forward,4,2,256,1.0258879661560059,4.3698,3.9831
forward,4,2,257,1.2142720222473145,3.9557,4.2992
forward,4,2,258,0.959231972694397,4.3552,4.3128
forward,4,2,259,2.216671943664551,4.2766,3.9983
forward,4,2,260,0.8753600120544434,4.0043,4.0017
forward,4,2,261,0.677727997303009,3.9527,4.1833
forward,4,2,262,0.6868799924850464,4.2399,4.3452
forward,4,2,263,0.8219839930534363,4.3431,4.0477
forward,4,2,264,0.8558400273323059,4.0098,4.1219
forward,4,2,265,1.6462080478668213,4.1506,4.3196
forward,4,2,266,0.6930239796638489,4.371,4.4839
forward,4,2,267,0.702239990234375,4.503,4.3149
forward,4,2,268,0.6837440133094788,4.2247,4.3343
forward,4,2,269,0.6735360026359558,4.4307,4.9961
forward,4,2,270,0.7154880166053772,4.9524,4.4626
forward,4,2,271,1.1547199487686157,4.4182,4.3853
forward,4,2,272,1.2017920017242432,4.4309,4.6188
forward,4,2,273,0.8506879806518555,4.6268,4.7106
forward,4,2,274,1.2213759422302246,4.7073,4.9669
forward,4,2,275,1.2194240093231201,4.9338,4.4791
forward,4,2,276,0.6859520077705383,4.5327,4.7634
forward,4,2,277,2.2556159496307373,4.7273,4.3261
forward,4,2,278,0.7300480008125305,4.3393,4.6893
forward,4,2,279,0.8883839845657349,4.6736,4.9784
forward,4,2,280,0.8261119723320007,5.0176,5.5117
forward,4,2,281,0.8496320247650146,5.5224,4.5448
forward,4,2,282,0.8557760119438171,4.4763,4.2981
forward,4,2,283,0.599776029586792,4.3432,5.0025
forward,4,2,284,0.6192640066146851,5.0212,4.2394
forward,4,2,285,0.5885440111160278,4.2236,4.6183
forward,4,2,286,1.0790079832077026,4.5583,4.2769
forward,4,2,287,1.2148799896240234,4.2947,5.0245
forward,4,2,288,0.5905600190162659,5.0779,4.6723
forward,4,2,289,1.2642560005187988,4.6071,4.0792
forward,4,2,290,0.6212480068206787,4.1665,4.6698
forward,4,2,291,1.7517119646072388,4.7378,5.018
forward,4,2,292,2.059936046600342,4.9845,4.5086
forward,4,2,293,0.6376960277557373,4.4012,4.3234
forward,4,2,294,0.6048960089683533,4.5011,5.2546
forward,4,2,295,1.0780160427093506,5.4013,5.0766
forward,4,2,296,0.5936319828033447,4.8832,4.2715
forward,4,2,297,1.0206719636917114,4.0993,4.1277
forward,4,2,298,0.5874559879302979,4.2434,4.1965
forward,4,2,299,0.5833920240402222,4.1921,3.9872
forward,4,2,300,2.0568959712982178,3.881,3.5499
forward,4,2,301,0.6059200167655945,3.5955,3.6453
forward,4,2,302,0.86080002784729,3.6554,4.3387
forward,4,2,303,0.6028159856796265,4.4047,4.4085
forward,4,2,304,0.7277759909629822,4.2844,3.6261
forward,4,2,305,0.9489279985427856,3.6779,3.4993
forward,4,2,306,0.599776029586792,3.4713,3.8478
forward,4,2,307,0.584447979927063,3.8412,4.2919
forward,4,2,308,0.6130880117416382,4.3829,3.938
forward,4,2,309,2.253216028213501,3.9043,3.851
forward,4,2,310,0.612064003944397,3.8023,3.9824
forward,4,2,311,0.5854719877243042,3.9468,4.5355
forward,4,2,312,0.6007360219955444,4.5891,4.5617
forward,4,2,313,0.6601600050926208,4.5587,4.455
forward,4,2,314,1.3432320356369019,4.4642,4.3018
forward,4,2,315,0.5772479772567749,4.3001,3.8818
forward,4,2,316,0.8240320086479187,3.8343,3.5259
forward,4,2,317,0.9317119717597961,3.5047,3.8175
forward,4,2,318,1.297152042388916,3.8128,4.5727
forward,4,2,319,0.8168960213661194,4.6842,4.7577
forward,4,2,320,0.5946879982948303,4.7546,4.3833
forward,4,2,321,1.182528018951416,4.3778,4.1045
forward,4,2,322,0.7431679964065552,4.1238,4.4111
forward,4,2,323,1.9432640075683594,4.3857,4.0346
forward,4,2,324,0.5885120034217834,3.9816,3.8564
forward,4,2,325,1.03603196144104,3.8295,3.9154
forward,4,2,326,1.0493119955062866,3.9581,4.3155
forward,4,2,327,0.8271359801292419,4.366,4.3536
forward,4,2,328,2.379456043243408,4.285,3.7449
forward,4,2,329,1.3432320356369019,3.7195,3.7818
forward,4,2,330,0.9274880290031433,3.8086,4.1473
forward,4,2,331,1.8715519905090332,4.191,4.2741
forward,4,2,332,1.068992018699646,4.2142,3.794
forward,4,2,333,2.1880319118499756,3.8142,3.8165
forward,4,2,334,0.9368640184402466,3.8299,3.8964
forward,4,2,335,1.6833280324935913,3.8941,4.9811
forward,4,2,336,0.7197440266609192,4.9884,4.6624
forward,4,2,337,1.4662400484085083,4.668,3.9034
forward,4,2,338,2.237247943878174,3.8709,4.1263
forward,4,2,339,2.137887954711914,4.1944,4.2666
forward,4,2,340,0.7360320091247559,4.1706,3.9418
forward,4,2,341,1.1117759943008423,3.9684,4.2314
forward,4,2,342,1.5492160320281982,4.2901,5.0207
forward,4,2,343,0.7237439751625061,4.9936,5.0921
forward,4,2,344,0.7145599722862244,5.1055,4.0891
forward,4,2,345,1.2715519666671753,4.0904,4.2227
forward,4,2,346,1.2090239524841309,4.2104,4.0536
forward,4,2,347,1.183519959449768,4.0209,4.0521
forward,4,2,348,0.7565119862556458,4.1216,4.1712
forward,4,2,349,0.7371519804000854,4.1135,4.2374
forward,4,2,350,0.7361599802970886,4.2731,5.2154
forward,4,2,351,0.7064319849014282,5.2373,4.7144
forward,4,2,352,1.1343679428100586,4.6846,4.2296
forward,4,2,353,1.9515520334243774,4.2022,4.1667
forward,4,2,354,0.7197759747505188,4.1935,4.5278
forward,4,2,355,1.3719680309295654,4.5593,4.1764
forward,4,2,356,2.939647912979126,4.2613,4.0126
forward,4,2,357,0.9048960208892822,3.8841,3.9927
forward,4,2,358,1.0063680410385132,3.9865,4.5131
forward,4,2,359,0.7013440132141113,4.534,4.1499
forward,4,2,360,1.7536319494247437,4.1337,3.9247
forward,4,2,361,1.1467519998550415,3.8826,5.6631
forward,4,2,362,2.15395188331604,5.7257,4.3362
forward,4,2,363,2.510591983795166,4.3172,3.8663
forward,4,2,364,1.0483520030975342,3.8417,3.8505
forward,4,2,365,0.7288960218429565,3.8337,4.4819
forward,4,2,366,0.7217919826507568,4.5405,4.0078
forward,4,2,367,1.5031039714813232,3.9691,3.8393
forward,4,2,368,2.5822079181671143,3.817,3.8535
forward,4,2,369,0.921504020690918,3.8833,3.8699
forward,4,2,370,0.7248640060424805,3.8813,4.21
forward,4,2,371,0.702239990234375,4.1981,3.9847
forward,4,2,372,1.7140799760818481,3.9465,3.5524
forward,4,2,373,0.9317439794540405,3.5917,3.6291
forward,4,2,374,0.7339199781417847,3.6,4.2021
forward,4,2,375,0.7217280268669128,4.2593,4.0204
forward,4,2,376,1.160863995552063,3.9623,4.0271
forward,4,2,377,0.8630719780921936,4.0856,4.389
forward,4,2,378,0.6774719953536987,4.4507,4.3556
forward,4,2,379,0.6612799763679504,4.2655,3.9104
forward,4,2,380,0.6603519916534424,3.9021,3.7541
forward,4,2,381,1.3320000171661377,3.7609,3.8788
forward,4,2,382,1.1485439538955688,3.9229,4.3241
forward,4,2,383,2.0087358951568604,4.302,4.2533
forward,4,2,384,0.6694719791412354,4.244,3.7619
forward,4,2,385,1.1979520320892334,3.7264,3.8101
forward,4,2,386,2.43068790435791,3.7965,4.2053
forward,4,2,387,0.6643199920654297,4.3219,4.2917
forward,4,2,388,2.1993279457092285,4.2401,3.7467
forward,4,2,389,0.8547199964523315,3.7055,3.514
forward,4,2,390,0.8671360015869141,3.4735,3.7311
forward,4,2,391,1.4916160106658936,3.8009,4.4768
forward,4,2,392,0.9162560105323792,4.5104,4.0797
forward,4,2,393,2.715424060821533,4.0198,3.6643
forward,4,2,394,0.8598719835281372,3.6286,3.8543
forward,4,2,395,0.6653760075569153,3.9298,4.1291
forward,4,2,396,0.6593599915504456,4.0993,3.9292
forward,4,2,397,1.59225594997406,3.9077,3.7561
forward,4,2,398,0.6654080152511597,3.7683,3.7133
forward,4,2,399,0.6756160259246826,3.7152,4.5062
forward,4,2,400,0.6704959869384766,4.5821,3.9142
forward,4,2,401,1.193824052810669,3.7996,3.8524
forward,4,2,402,1.149664044380188,3.9301,4.1815
forward,4,2,403,0.6735360026359558,4.2031,4.8338
forward,4,2,404,0.9091839790344238,4.7939,4.1288
forward,4,2,405,0.6684479713439941,4.1398,3.8327
forward,4,2,406,1.3115839958190918,3.7763,3.7187
forward,4,2,407,1.185696005821228,3.7699,4.1316
forward,4,2,408,1.099552035331726,4.1444,4.2811
forward,4,2,409,0.6838080286979675,4.2813,3.8058
forward,4,2,410,0.6725760102272034,3.7477,3.715
forward,4,2,411,0.906112015247345,3.7501,4.9997
forward,4,2,412,0.6622719764709473,5.0417,4.4631
forward,4,2,413,0.8957440257072449,4.4094,3.7148
forward,4,2,414,1.742527961730957,3.7013,4.2611
forward,4,2,415,1.7375680208206177,4.2895,6.0799
forward,4,2,416,0.8957440257072449,6.1259,4.7451
forward,4,2,417,2.5628480911254883,4.6637,3.8043
forward,4,2,418,0.9030719995498657,3.8053,4.3567
forward,4,2,419,0.6653439998626709,4.3716,4.1845
forward,4,2,420,0.6521279811859131,4.2052,3.7962
forward,4,2,421,1.3923840522766113,3.7555,3.4826
forward,4,2,422,0.6716160178184509,3.4987,3.5632
forward,4,2,423,0.6756160259246826,3.6126,4.5104
forward,4,2,424,0.6755520105361938,4.4974,3.9026
forward,4,2,425,0.6366720199584961,3.8539,3.6402
forward,4,2,426,0.8138239979743958,3.6169,3.4182
forward,4,2,427,1.367840051651001,3.446,3.5973
forward,4,2,428,0.6346560120582581,3.5991,4.257
forward,4,2,429,0.7667199969291687,4.2825,3.7113
forward,4,2,430,2.629215955734253,3.6613,3.4196
forward,4,2,431,0.6602240204811096,3.4393,3.5706
forward,4,2,432,0.6786559820175171,3.5911,4.1407
forward,4,2,433,0.7688000202178955,4.1159,3.8131
forward,4,2,434,2.6385281085968018,3.8245,3.7268
forward,4,2,435,0.6466559767723083,3.7164,3.562
forward,4,2,436,0.6417919993400574,3.583,4.3082
forward,4,2,437,0.6366720199584961,4.2932,3.9148
forward,4,2,438,1.9176959991455078,3.9271,3.5312
forward,4,2,439,1.0216959714889526,3.5221,3.5203
forward,4,2,440,0.644864022731781,3.4811,3.8233
forward,4,2,441,1.4824960231781006,3.901,4.1417
forward,4,2,442,0.832256019115448,4.1477,4.1144
forward,4,2,443,2.3742079734802246,4.0882,4.557
forward,4,2,444,0.6930879950523376,4.5682,4.7126
forward,4,2,445,2.1532158851623535,4.9954,4.6105
forward,4,2,446,0.643775999546051,4.2973,3.9533
forward,4,2,447,1.0185920000076294,3.9488,3.6839
forward,4,2,448,0.8968639969825745,3.6577,4.1241
forward,4,2,449,1.2377599477767944,4.3084,4.5504
forward,4,2,450,2.1758079528808594,4.4168,3.9873
forward,4,2,451,0.8240640163421631,3.9503,3.8928
forward,4,2,452,1.4927359819412231,3.9392,4.9581
forward,4,2,453,0.6377279758453369,4.9724,4.2343
forward,4,2,454,0.639743983745575,4.2194,3.9297
forward,4,2,455,1.35043203830719,3.8901,3.8599
forward,4,2,456,1.0892159938812256,3.9011,4.3988
forward,4,2,457,1.0054399967193604,4.4703,4.4737
forward,4,2,458,0.6407679915428162,4.3541,3.9288
forward,4,2,459,0.6508479714393616,3.9852,3.9742
forward,4,2,460,0.6715840101242065,3.9802,4.6801
forward,4,2,461,0.6479359865188599,4.7725,4.7763
forward,4,2,462,1.092352032661438,4.6792,4.1866
forward,4,2,463,1.1823999881744385,4.1921,3.7842
forward,4,2,464,0.6459199786186218,3.7825,4.4962
forward,4,2,465,0.6530879735946655,4.5604,4.7412
forward,4,2,466,0.6550719738006592,4.6459,4.4081
forward,4,2,467,1.5347199440002441,4.4919,4.7496
forward,4,2,468,0.6367040276527405,4.804,4.498
forward,4,2,469,0.6274880170822144,4.3465,4.0047
forward,4,2,470,1.5050560235977173,4.08,3.9243
forward,4,2,471,0.845471978187561,3.8956,4.1515
forward,4,2,472,1.0421760082244873,4.3546,4.749
forward,4,2,473,0.6479679942131042,4.5169,3.9066
forward,4,2,474,0.644864022731781,3.9646,4.0108
forward,4,2,475,0.646943986415863,3.9889,3.9772
forward,4,2,476,1.102720022201538,3.9122,4.2482
forward,4,2,477,1.1148799657821655,4.3423,4.21
forward,4,2,478,1.2131839990615845,4.1712,3.9366
forward,4,2,479,1.390015959739685,3.9456,4.704
forward,4,2,480,0.9141759872436523,4.6725,5.5625
forward,4,2,481,0.6439039707183838,5.6296,4.1112
forward,4,2,482,0.7719359993934631,4.0595,4.0607
forward,4,2,483,0.8935999870300293,4.0587,4.8886
forward,4,2,484,0.6469119787216187,4.9897,4.3951
forward,4,2,485,1.105728030204773,4.3021,4.0738
forward,4,2,486,0.6602240204811096,4.052,4.2531
forward,4,2,487,1.8295040130615234,4.2746,5.5295
forward,4,2,488,2.1246399879455566,5.5679,4.3307
forward,4,2,489,0.8680639863014221,4.2796,4.1102
forward,4,2,490,0.6796799898147583,4.1059,5.2285
forward,4,2,491,0.8527359962463379,5.391,5.4799
forward,4,2,492,0.8445760011672974,5.547,4.4137
forward,4,2,493,1.0821119546890259,4.186,3.9704
forward,4,2,494,0.8292160034179688,3.975,4.9542
forward,4,2,495,0.8250240087509155,4.9849,4.3522
forward,4,2,496,0.6356480121612549,4.3556,4.5097
forward,4,2,497,1.1201280355453491,4.497,5.286
forward,4,2,498,0.6550719738006592,5.2828,4.5557
forward,4,2,499,0.905888020992279,4.5831,4.5079
forward,4,2,500,2.4467520713806152,4.5002,4.6254
forward,4,2,501,0.6713600158691406,4.623,6.9344
forward,4,2,502,0.6419199705123901,6.9831,4.371
forward,4,2,503,1.2889920473098755,4.2896,4.1827
forward,4,2,504,1.1842880249023438,4.2084,4.3283
forward,4,2,505,1.0585600137710571,4.3345,4.3611
forward,4,2,506,0.8938239812850952,4.3286,4.0435
forward,4,2,507,0.8127999901771545,4.0139,3.9169
forward,4,2,508,1.41484797000885,3.9438,4.5793
forward,4,2,509,0.6419199705123901,4.5832,4.2324
forward,4,2,510,0.7810559868812561,4.251,3.9552
forward,4,2,511,2.9606399536132812,3.9516,4.0261
forward,4,2,512,0.6540799736976624,3.9715,4.1629
forward,4,2,513,0.6529920101165771,4.2133,4.198
forward,4,2,514,0.6366720199584961,4.163,3.936
forward,4,2,515,1.1518720388412476,3.9424,3.7158
forward,4,2,516,1.7166719436645508,3.6804,4.1479
forward,4,2,517,0.7964800000190735,4.3038,4.418
forward,4,2,518,0.513759970664978,4.3382,4.2612
forward,4,2,519,0.5158079862594604,4.1949,3.8067
forward,4,2,520,0.5700160264968872,3.8693,3.7899
forward,4,2,521,0.501471996307373,3.7607,4.2005
forward,4,2,522,0.7154240012168884,4.1994,3.9107
forward,4,2,523,0.5215359926223755,3.87,3.714
forward,4,2,524,0.7513279914855957,3.7287,3.5834
forward,4,2,525,0.9560959935188293,3.5927,3.9838
forward,4,2,526,1.6799039840698242,4.0295,3.9799
forward,4,2,527,0.5331839919090271,3.9058,3.8716
forward,4,2,528,0.7963839769363403,3.8905,3.6683
forward,4,2,529,0.8557119965553284,3.6816,4.0688
forward,4,2,530,0.7165120244026184,4.0808,4.154
forward,4,2,531,0.5443199872970581,4.1583,3.6942
forward,4,2,532,0.5217599868774414,3.6553,3.7295
forward,4,2,533,0.6601279973983765,3.8033,3.8474
forward,4,2,534,0.9069759845733643,3.794,4.2346
forward,4,2,535,1.0009599924087524,4.2774,3.8941
forward,4,2,536,0.656063973903656,3.8519,3.6843
forward,4,2,537,0.513759970664978,3.6425,3.7532
forward,4,2,538,1.3698240518569946,3.8199,3.9114
forward,4,2,539,0.5023679733276367,3.8987,3.8123
forward,4,2,540,0.5106880068778992,3.7904,3.6096
forward,4,2,541,0.6540480256080627,3.5714,3.3973
forward,4,2,542,0.879967987537384,3.4265,3.9445
forward,4,2,543,0.8967360258102417,4.0283,4.4904
forward,4,2,544,1.66048002243042,4.446,3.9466
forward,4,2,545,0.49535998702049255,3.9394,3.991
forward,4,2,546,0.5261120200157166,3.9766,3.9584
forward,4,2,547,0.5117440223693848,3.9943,4.2105
forward,4,2,548,0.7247359752655029,4.1579,3.7932
forward,4,2,549,0.49827200174331665,3.8039,3.6334
forward,4,2,550,0.6570559740066528,3.6249,3.8015
forward,4,2,551,0.5106880068778992,3.8446,4.2343
forward,4,2,552,0.6192319989204407,4.229,3.9597
forward,4,2,553,1.7618240118026733,3.9447,3.6255
forward,4,2,554,0.82915198802948,3.6183,3.5937
forward,4,2,555,0.5075520277023315,3.5498,3.8244
forward,4,2,556,0.88646399974823,3.9386,3.995
forward,4,2,557,1.4927040338516235,3.9154,3.5782
forward,4,2,558,0.8484479784965515,3.5703,3.4562
forward,4,2,559,0.5003839731216431,3.4222,3.9791
forward,4,2,560,0.5209280252456665,4.0634,4.2711
forward,4,2,561,0.5035520195960999,4.2448,3.7203
forward,4,2,562,0.5166720151901245,3.6773,3.4896
forward,4,2,563,0.5260800123214722,3.4986,3.7909
forward,4,2,564,1.1424959897994995,3.8415,3.8979
forward,4,2,565,1.6831680536270142,3.8692,3.6226
forward,4,2,566,0.5064640045166016,3.5831,3.4737
forward,4,2,567,0.9144960045814514,3.497,3.5347
forward,4,2,568,1.6974719762802124,3.5446,3.9695
forward,4,2,569,1.3953919410705566,4.0499,4.0927
forward,4,2,570,0.5126399993896484,4.0063,3.6203
forward,4,2,571,0.5106880068778992,3.6246,3.5382
forward,4,2,572,1.9535679817199707,3.5262,3.8042
forward,4,2,573,1.4713599681854248,3.8269,4.031
forward,4,2,574,0.7843199968338013,4.0549,3.7281
forward,4,2,575,0.7820799946784973,3.6839,3.4329
forward,4,2,576,1.9117439985275269,3.4266,3.4689
forward,4,2,577,0.7863360047340393,3.4672,3.6606
forward,4,2,578,0.7779520153999329,3.7399,4.1531
forward,4,2,579,0.7657600045204163,4.1606,4.8841
forward,4,2,580,0.7585920095443726,4.823,3.8839
forward,4,2,581,0.7645120024681091,3.8987,3.8463
forward,4,2,582,0.7595840096473694,3.8751,3.9723
forward,4,2,583,0.7708479762077332,3.9387,3.9574
forward,4,2,584,0.7749760150909424,3.918,3.6272
forward,4,2,585,1.4733439683914185,3.6514,3.6587
forward,4,2,586,1.8428800106048584,3.659,3.9641
forward,4,2,587,2.401087999343872,4.01,3.9694
forward,4,2,588,0.7626879811286926,3.895,3.6211
forward,4,2,589,1.5911040306091309,3.6423,3.6022
forward,4,2,590,1.306399941444397,3.609,3.8372
forward,4,2,591,1.0647679567337036,3.8241,3.8171
forward,4,2,592,0.7636799812316895,3.8287,3.7688
forward,4,2,593,0.9345279932022095,3.7619,3.4246
forward,4,2,594,1.1917120218276978,3.4125,3.3608
forward,4,2,595,0.7667840123176575,3.3693,4.147
forward,4,2,596,0.7586879730224609,4.1913,3.9314
forward,4,2,597,1.0698879957199097,3.9179,3.6379
forward,4,2,598,2.5504000186920166,3.5857,3.4139
forward,4,2,599,0.7608000040054321,3.4641,3.9159
forward,4,2,600,0.7669119834899902,3.947,4.1156
forward,4,2,601,1.259328007698059,4.086,3.7105
forward,4,2,602,3.0492799282073975,3.6699,3.7205
forward,4,2,603,0.7688320279121399,3.7742,4.0641
forward,4,2,604,0.773855984210968,4.0413,4.0046
forward,4,2,605,0.7658560276031494,4.004,3.7126
forward,4,2,606,1.9156800508499146,3.6732,3.404
forward,4,2,607,1.009376049041748,3.4412,3.8609
forward,4,2,608,0.7626559734344482,3.8761,4.293
forward,4,2,609,0.7678719758987427,4.2684,3.7812
forward,4,2,610,1.4896639585494995,3.7922,3.5239
forward,4,2,611,1.20905601978302,3.5093,3.4021
forward,4,2,612,0.7790719866752625,3.4022,3.9176
forward,4,2,613,0.7636799812316895,3.9332,4.0774
forward,4,2,614,0.7748799920082092,4.1071,3.6647
forward,4,2,615,3.0410239696502686,3.6176,3.3812
forward,4,2,616,1.0063999891281128,3.3629,3.6877
forward,4,2,617,1.5429120063781738,3.7424,4.2224
forward,4,2,618,1.4232959747314453,4.2371,4.0387
forward,4,2,619,2.2742080688476562,4.0313,3.6722
forward,4,2,620,0.9829440116882324,3.62,3.6834
forward,4,2,621,1.621791958808899,3.6929,4.3313
forward,4,2,622,1.0953600406646729,4.5071,4.3537
forward,4,2,623,0.499455988407135,4.2407,3.8216
forward,4,2,624,1.8766720294952393,3.7807,3.7349
forward,4,2,625,0.5045760273933411,3.7954,4.1321
forward,4,2,626,0.5106880068778992,4.0609,4.1937
forward,4,2,627,0.5015040040016174,4.1773,3.8918
forward,4,2,628,0.7226880192756653,3.9114,3.9007
forward,4,2,629,0.5055040121078491,3.9812,4.5503
forward,4,2,630,0.9192320108413696,4.5229,4.2745
forward,4,2,631,0.5034239888191223,4.2158,3.7766
forward,4,2,632,0.7881919741630554,3.7665,3.5959
forward,4,2,633,0.9796800017356873,3.6006,4.2759
forward,4,2,634,0.5065919756889343,4.371,4.3758
forward,4,2,635,0.5136319994926453,4.2921,3.5932
forward,4,2,636,0.7851200103759766,3.5654,3.9581
forward,4,2,637,0.5106880068778992,4.0233,4.1624
forward,4,2,638,0.5117120146751404,4.1244,4.5174
forward,4,2,639,0.501471996307373,4.5565,3.9316
forward,4,2,640,0.512607991695404,3.8816,3.704
forward,4,2,641,0.5084480047225952,3.7255,3.9644
forward,4,2,642,0.5003520250320435,3.9252,4.0038
forward,4,2,643,0.5167999863624573,4.0989,3.7732
forward,4,2,644,0.9684159755706787,3.7592,3.889
forward,4,2,645,0.5361599922180176,3.8163,3.6736
forward,4,2,646,0.5086079835891724,3.7414,5.0091
forward,4,2,647,0.5035520195960999,4.9943,4.0984
forward,4,2,648,0.509663999080658,4.0637,3.8344
forward,4,2,649,0.5168319940567017,3.8299,4.2197
forward,4,2,650,0.873088002204895,4.3462,4.8259
forward,4,2,651,0.99481600522995,4.7467,3.9196
forward,4,2,652,0.5004479885101318,3.8584,3.5905
forward,4,2,653,0.5116479992866516,3.6407,3.7123
forward,4,2,654,0.8680639863014221,3.7199,4.1452
forward,4,2,655,0.9734079837799072,4.1507,4.0588
forward,4,2,656,0.5137280225753784,3.9975,3.6366
forward,4,2,657,0.6385599970817566,3.6418,3.7634
forward,4,2,658,0.5239999890327454,3.7689,4.067
forward,4,2,659,0.5147839784622192,4.1118,4.2161
forward,4,2,660,1.6504319906234741,4.1669,3.9241
forward,4,2,661,0.7841280102729797,3.941,3.7834
forward,4,2,662,0.5076159834861755,3.7427,4.4077
forward,4,2,663,0.5137919783592224,4.4352,4.2212
forward,4,2,664,0.5076159834861755,4.2478,3.8936
forward,4,2,665,1.0615999698638916,3.8715,3.8403
forward,4,2,666,1.2172160148620605,3.8922,4.0837
forward,4,2,667,0.5106239914894104,4.0263,4.2323
forward,4,2,668,0.5106559991836548,4.2504,3.7564
forward,4,2,669,0.7820479869842529,3.7461,3.5787
forward,4,2,670,0.6745280027389526,3.5472,3.8025
forward,4,2,671,0.5413439869880676,3.941,4.6003
forward,4,2,672,0.5086399912834167,4.5488,4.088
forward,4,2,673,0.7533760070800781,4.045,4.2184
forward,4,2,674,0.9059839844703674,4.1836,4.2114
forward,4,2,675,1.343392014503479,4.3358,4.368
forward,4,2,676,2.1480960845947266,4.2981,3.8862
forward,4,2,677,0.6848000288009644,3.8649,3.527
forward,4,2,678,0.9008960127830505,3.4781,3.7441
forward,4,2,679,1.2367039918899536,3.8079,4.2763
forward,4,2,680,0.8232640027999878,4.3141,4.2544
forward,4,2,681,2.3929920196533203,4.1673,3.7202
forward,4,2,682,0.8925439715385437,3.7515,3.9687
forward,4,2,683,0.6797119975090027,4.002,4.577
forward,4,2,684,0.6776639819145203,4.5833,4.0048
forward,4,2,685,1.321727991104126,3.9259,3.7134
forward,4,2,686,1.2777279615402222,3.7479,3.7137
forward,4,2,687,0.9050559997558594,3.7086,4.4036
forward,4,2,688,0.7021440267562866,4.4158,4.2441
forward,4,2,689,0.6916800141334534,4.3521,4.3711
forward,4,2,690,1.4897600412368774,4.3108,3.9507
forward,4,2,691,1.846176028251648,3.8956,3.9492
forward,4,2,692,1.1537599563598633,3.9375,4.0034
forward,4,2,693,0.6992639899253845,4.0181,3.7613
forward,4,2,694,0.690015971660614,3.7397,3.6309
forward,4,2,695,1.272544026374817,3.6316,4.0663
forward,4,2,696,1.290079951286316,4.1136,4.1944
forward,4,2,697,0.7156800031661987,4.1991,3.9245
forward,4,2,698,0.7155200242996216,3.8755,3.7897
forward,4,2,699,0.6950399875640869,3.8543,3.9624
forward,4,2,700,1.3503999710083008,3.9344,4.043
forward,4,2,701,2.4379520416259766,4.0269,4.0354
forward,4,2,702,0.7176640033721924,4.0467,3.7036
forward,4,2,703,0.7012479901313782,3.6546,4.2203
forward,4,2,704,2.5363519191741943,4.3386,4.3621
forward,4,2,705,1.1620160341262817,4.3089,3.991
forward,4,2,706,1.257215976715088,3.9464,3.8333
forward,4,2,707,0.6981760263442993,3.8703,3.7236
forward,4,2,708,0.7072960138320923,3.6861,4.8956
forward,4,2,709,0.7288320064544678,4.9788,4.0173
forward,4,2,710,0.6993280053138733,3.9324,3.8015
forward,4,2,711,0.7196800112724304,3.914,3.7791
forward,4,2,712,1.1077760457992554,3.693,4.201
forward,4,2,713,0.6930239796638489,4.1927,3.9258
forward,4,2,714,0.6940159797668457,3.9321,3.8589
forward,4,2,715,1.083135962486267,3.8497,3.8733
forward,4,2,716,0.7217599749565125,3.9075,4.5663
forward,4,2,717,1.0155839920043945,4.6089,4.8148
forward,4,2,718,2.8558080196380615,4.7759,4.1812
forward,4,2,719,0.6858239769935608,4.2057,4.1531
forward,4,2,720,0.6970239877700806,4.1013,4.666
deferred,32,2,121,1.013535976409912,4.6465,4.3816
deferred,32,2,122,0.8791999816894531,4.3734,4.9495
deferred,32,2,123,0.8578879833221436,5.0116,5.024
deferred,32,2,124,0.8762879967689514,4.9312,4.5858
deferred,32,2,125,1.6412160396575928,4.611,4.7618
deferred,32,2,126,0.8559679985046387,4.7988,4.8256
deferred,32,2,127,0.847648024559021,4.7755,4.4514
deferred,32,2,128,1.2132480144500732,4.4666,4.3665
deferred,32,2,129,2.5874240398406982,4.3671,5.2887
deferred,32,2,130,0.8773120045661926,5.3542,4.7708
deferred,32,2,131,1.1641279458999634,4.6944,4.6427
deferred,32,2,132,1.82259202003479,4.6993,4.5826
deferred,32,2,133,2.5719358921051025,4.5545,4.6274
deferred,32,2,134,2.6621758937835693,4.6723,4.2739
deferred,32,2,135,2.3335039615631104,4.2423,4.6867
deferred,32,2,136,0.88755202293396,4.6723,4.9219
deferred,32,2,137,0.8743039965629578,4.9726,4.798
deferred,32,2,138,0.8903679847717285,4.713,4.6688
deferred,32,2,139,0.8721280097961426,4.6826,4.0936
deferred,32,2,140,1.9728959798812866,4.1497,4.6867
deferred,32,2,141,1.005344033241272,4.6578,4.1989
deferred,32,2,142,1.3064639568328857,4.1445,4.5277
deferred,32,2,143,2.9771199226379395,4.5721,5.3026
deferred,32,2,144,0.8650239706039429,5.4324,4.9488
deferred,32,2,145,1.2664320468902588,4.8407,4.6893
deferred,32,2,146,1.0544960498809814,4.6721,4.6022
deferred,32,2,147,1.1630079746246338,4.6532,4.9532
deferred,32,2,148,1.9770560264587402,4.9377,4.7128
deferred,32,2,149,2.557663917541504,4.6267,4.3747
deferred,32,2,150,0.8352320194244385,4.443,4.9282
deferred,32,2,151,2.1521921157836914,4.9444,4.9911
deferred,32,2,152,1.0134719610214233,5.0238,4.6886
deferred,32,2,153,0.7829440236091614,4.5696,4.4828
deferred,32,2,154,0.7626240253448486,4.5894,4.9356
deferred,32,2,155,0.7636160254478455,4.8972,5.2026
deferred,32,2,156,1.1127680540084839,5.1743,5.2024
deferred,32,2,157,1.5029759407043457,5.2809,5.0988
deferred,32,2,158,0.7544320225715637,5.0896,4.4744
deferred,32,2,159,0.7523840069770813,4.4225,4.5453
deferred,32,2,160,0.8220160007476807,4.4827,4.3178
deferred,32,2,161,1.5561599731445312,4.4097,5.0932
deferred,32,2,162,0.7646399736404419,5.131,4.6389
deferred,32,2,163,1.1404160261154175,4.5636,4.8421
deferred,32,2,164,1.7375359535217285,4.8661,5.7704
deferred,32,2,165,0.7582079768180847,5.8784,5.4561
deferred,32,2,166,0.9991359710693359,5.344,4.6306
deferred,32,2,167,0.7871999740600586,4.567,4.6217
deferred,32,2,168,0.7830719947814941,4.6934,4.9863
deferred,32,2,169,0.7861760258674622,4.9875,4.8477
deferred,32,2,170,0.7969920039176941,4.8236,4.8319
deferred,32,2,171,0.7626240253448486,4.8136,4.9649
deferred,32,2,172,0.7523840069770813,5.0354,4.6859
deferred,32,2,173,0.7552639842033386,4.6207,4.3327
deferred,32,2,174,0.7687680125236511,4.2869,4.1826
deferred,32,2,175,0.7779520153999329,4.2463,4.3241
deferred,32,2,176,0.7677119970321655,4.3428,4.1441
deferred,32,2,177,1.1261440515518188,4.0853,4.5281
deferred,32,2,178,1.4896639585494995,4.5113,4.6607
deferred,32,2,179,0.7719359993934631,4.8458,4.5164
deferred,32,2,180,0.7646399736404419,4.366,3.9615
deferred,32,2,181,1.272544026374817,3.9142,3.9031
deferred,32,2,182,0.8046079874038696,3.9413,4.1272
deferred,32,2,183,0.7625920176506042,4.2028,4.3542
deferred,32,2,184,0.769760012626648,4.2876,4.3556
deferred,32,2,185,1.3029119968414307,4.333,4.0932
deferred,32,2,186,1.7260799407958984,4.1173,4.7732
deferred,32,2,187,0.7534080147743225,4.9438,5.3355
deferred,32,2,188,0.9777600169181824,5.1889,4.2828
deferred,32,2,189,0.9865919947624207,4.2226,4.1582
deferred,32,2,190,2.8988161087036133,4.2303,4.8362
deferred,32,2,191,1.81222403049469,4.8263,4.593
deferred,32,2,192,4.545472145080566,4.5383,4.7056
deferred,32,2,193,3.3442559242248535,4.8074,5.56
deferred,32,2,194,1.596351981163025,5.6891,5.5128
deferred,32,2,195,2.487071990966797,5.3442,4.1979
deferred,32,2,196,1.0146880149841309,4.1329,4.1808
deferred,32,2,197,2.499392032623291,4.2453,4.4848
deferred,32,2,198,0.9891200065612793,4.4596,3.9096
deferred,32,2,199,1.000223994255066,3.8573,4.1812
deferred,32,2,200,2.4391040802001953,4.2241,4.5152
deferred,32,2,201,1.4896960258483887,4.563,4.859
deferred,32,2,202,1.5459519624710083,4.9201,5.2068
deferred,32,2,203,1.0085760354995728,5.1236,4.8783
deferred,32,2,204,2.2465600967407227,4.8788,4.9235
deferred,32,2,205,1.3443200588226318,4.9572,4.8391
deferred,32,2,206,2.4113919734954834,4.7921,4.3064
deferred,32,2,207,1.0061759948730469,4.2705,4.4339
deferred,32,2,208,1.4672960042953491,4.5384,5.8366
deferred,32,2,209,1.637279987335205,5.7931,4.8078
deferred,32,2,210,1.584928035736084,4.7498,4.5902
deferred,32,2,211,2.9437758922576904,4.6517,4.8453
deferred,32,2,212,2.806688070297241,4.8182,4.4948
deferred,32,2,213,0.9757440090179443,4.4864,4.2017
deferred,32,2,214,0.9849600195884705,4.1621,4.2407
deferred,32,2,215,0.9827839732170105,4.2886,4.6979
deferred,32,2,216,0.9706559777259827,4.711,4.5215
deferred,32,2,217,1.4559040069580078,4.4598,4.2809
deferred,32,2,218,3.8018879890441895,4.3103,4.6121
deferred,32,2,219,0.9664319753646851,4.6613,4.9135
deferred,32,2,220,1.6300159692764282,4.8929,4.5621
deferred,32,2,221,1.755071997642517,4.5246,4.6166
deferred,32,2,222,0.9941120147705078,4.6243,4.191
deferred,32,2,223,2.980832099914551,4.2621,5.0019
deferred,32,2,224,3.857248067855835,5.0456,5.2818
deferred,32,2,225,1.0155839920043945,5.2091,4.5984
deferred,32,2,226,1.7612160444259644,4.6734,5.9425
deferred,32,2,227,2.862015962600708,5.8745,4.2558
deferred,32,2,228,0.9879680275917053,4.2004,4.3853
deferred,32,2,229,0.9888960123062134,4.3808,4.6614
deferred,32,2,230,0.9891520142555237,4.7169,4.9504
deferred,32,2,231,0.8159999847412109,4.9421,4.7179
deferred,32,2,232,1.5500799417495728,4.6562,4.6435
deferred,32,2,233,1.06278395652771,4.6975,4.2866
deferred,32,2,234,0.9419519901275635,4.2807,4.1679
deferred,32,2,235,1.4231359958648682,4.1061,3.8185
deferred,32,2,236,0.8312000036239624,3.8562,4.5086
deferred,32,2,237,1.3759679794311523,4.5506,4.681
deferred,32,2,238,0.8325120210647583,4.7339,4.626
deferred,32,2,239,0.8076800107955933,4.5357,4.703
deferred,32,2,240,0.8486719727516174,4.7754,5.3934
deferred,32,2,241,0.8025919795036316,5.3584,4.2847
deferred,32,2,242,0.8353599905967712,4.2384,3.873
deferred,32,2,243,0.8117120265960693,3.8403,4.439
deferred,32,2,244,1.8602240085601807,4.5101,5.0526
deferred,32,2,245,0.7923200130462646,5.1156,4.6851
deferred,32,2,246,2.003743886947632,4.5595,4.5042
deferred,32,2,247,2.9848639965057373,4.5645,4.7635
deferred,32,2,248,1.0206719636917114,4.7551,5.4203
deferred,32,2,249,2.1101760864257812,5.4681,4.4177
deferred,32,2,250,1.0378880500793457,4.3167,4.4191
deferred,32,2,251,1.3237760066986084,4.5237,6.2391
deferred,32,2,252,1.763808012008667,6.2225,4.4601
deferred,32,2,253,1.4721599817276,4.4149,4.3825
deferred,32,2,254,0.8352320194244385,4.3946,4.9998
deferred,32,2,255,2.4450559616088867,5.0327,4.9737
deferred,32,2,256,1.2971199750900269,4.968,4.3505
deferred,32,2,257,0.8505600094795227,4.3156,4.7248
deferred,32,2,258,2.440608024597168,4.7807,5.8706
deferred,32,2,259,2.9693760871887207,5.8513,4.9078
deferred,32,2,260,0.8374080061912537,4.8481,4.9051
deferred,32,2,261,1.2418559789657593,5.0262,6.1128
deferred,32,2,262,1.460960030555725,6.0425,4.8148
deferred,32,2,263,1.429919958114624,4.7837,4.19
deferred,32,2,264,0.8250880241394043,4.1662,4.3208
deferred,32,2,265,2.4583680629730225,4.3989,5.3121
deferred,32,2,266,3.323551893234253,5.384,5.3149
deferred,32,2,267,0.8650559782981873,5.3645,4.6024
deferred,32,2,268,1.8767039775848389,4.4485,5.7167
deferred,32,2,269,2.961087942123413,5.7757,4.9152
deferred,32,2,270,1.0503679513931274,4.9518,5.1485
deferred,32,2,271,3.2414400577545166,5.0241,5.0447
deferred,32,2,272,1.3483519554138184,5.0917,4.3169
deferred,32,2,273,1.1701760292053223,4.3228,4.3189
deferred,32,2,274,0.7861440181732178,4.2779,5.0311
deferred,32,2,275,0.8087999820709229,5.0288,4.6148
deferred,32,2,276,0.8025919795036316,4.643,4.3487
deferred,32,2,277,0.9479680061340332,4.3382,4.4856
deferred,32,2,278,0.8261119723320007,4.4691,5.2846
deferred,32,2,279,0.8035839796066284,5.3205,5.1272
deferred,32,2,280,1.1609920263290405,5.1092,5.293
deferred,32,2,281,1.722208023071289,5.3413,5.945
deferred,32,2,282,2.4184000492095947,5.9997,5.41
deferred,32,2,283,1.0175360441207886,5.4325,5.0756
deferred,32,2,284,0.8118720054626465,5.091,4.6833
deferred,32,2,285,0.8046079874038696,4.5186,4.5594
deferred,32,2,286,0.7984640002250671,4.5924,4.2246
deferred,32,2,287,0.8506879806518555,4.1806,4.588
deferred,32,2,288,1.6268800497055054,4.6362,4.649
deferred,32,2,289,1.3556159734725952,4.6078,4.3281
deferred,32,2,290,1.1722240447998047,4.3966,4.2493
deferred,32,2,291,1.283903956413269,4.2257,4.7135
deferred,32,2,292,0.9756479859352112,4.7122,5.1166
deferred,32,2,293,1.4036799669265747,5.0884,4.5042
deferred,32,2,294,1.1752959489822388,4.4975,3.9952
deferred,32,2,295,0.7861440181732178,3.9713,4.5222
deferred,32,2,296,0.7995520234107971,4.52,4.8086
deferred,32,2,297,0.7933440208435059,4.8423,4.4274
deferred,32,2,298,1.4712320566177368,4.401,3.9531
deferred,32,2,299,2.3467519283294678,3.973,4.7664
deferred,32,2,300,1.0759999752044678,4.7702,4.6404
deferred,32,2,301,1.6698880195617676,4.6375,4.4162
deferred,32,2,302,1.2948479652404785,4.3946,4.7345
deferred,32,2,303,1.793503999710083,4.7775,4.7555
deferred,32,2,304,2.3457279205322266,4.7644,4.2355
deferred,32,2,305,0.7995200157165527,4.1971,4.2993
deferred,32,2,306,1.5449919700622559,4.3097,4.8154
deferred,32,2,307,0.8035839796066284,4.795,4.7538
deferred,32,2,308,0.8066880106925964,4.7721,4.462
deferred,32,2,309,1.1619199514389038,4.4522,4.7448
deferred,32,2,310,1.0595840215682983,4.7949,5.1152
deferred,32,2,311,0.8036479949951172,5.0711,4.7472
deferred,32,2,312,1.3853119611740112,4.7472,4.549
deferred,32,2,313,2.9600958824157715,4.5867,4.4291
deferred,32,2,314,1.0749119520187378,4.3873,4.2673
deferred,32,2,315,1.3741120100021362,4.2698,4.389
deferred,32,2,316,1.166592001914978,4.3732,4.8359
deferred,32,2,317,1.43721604347229,4.9257,5.5123
deferred,32,2,318,3.0092480182647705,5.4054,4.4959
deferred,32,2,319,1.7448320388793945,4.5248,4.4276
deferred,32,2,320,1.7959359884262085,4.4061,4.5931
deferred,32,2,321,0.8918079733848572,4.631,4.8937
deferred,32,2,322,0.9079359769821167,4.8585,4.8652
deferred,32,2,323,1.2481600046157837,4.8919,4.5047
deferred,32,2,324,0.9019200205802917,4.5187,5.4072
deferred,32,2,325,0.879360020160675,5.4044,4.9428
deferred,32,2,326,1.3198399543762207,4.9302,4.3299
deferred,32,2,327,1.1363840103149414,4.3506,4.3774
deferred,32,2,328,1.8111040592193604,4.3926,4.6796
deferred,32,2,329,0.8885759711265564,4.6509,4.8389
deferred,32,2,330,2.358975887298584,4.8313,4.4956
deferred,32,2,331,3.510143995285034,4.4876,4.5629
deferred,32,2,332,1.2255359888076782,4.5525,4.5439
deferred,32,2,333,3.1711039543151855,4.5672,4.3327
deferred,32,2,334,2.05401611328125,4.3534,4.0515
deferred,32,2,335,2.062079906463623,3.9942,4.57
deferred,32,2,336,0.9049919843673706,4.6318,5.3685
deferred,32,2,337,1.3113600015640259,5.3741,4.9987
deferred,32,2,338,1.1538879871368408,4.9793,4.4744
deferred,32,2,339,0.8823360204696655,4.4961,4.9533
deferred,32,2,340,0.9204800128936768,4.9339,4.0954
deferred,32,2,341,3.1055679321289062,4.0496,3.8083
deferred,32,2,342,2.710207939147949,3.8161,4.7009
deferred,32,2,343,2.4541120529174805,4.7134,4.424
deferred,32,2,344,2.644767999649048,4.4692,4.1451
deferred,32,2,345,1.2735999822616577,4.1035,4.4128
deferred,32,2,346,1.3464000225067139,4.3898,4.8976
deferred,32,2,347,0.8825920224189758,4.8969,4.5963
deferred,32,2,348,0.877344012260437,4.621,4.3841
deferred,32,2,349,2.3857920169830322,4.3612,4.1411
deferred,32,2,350,2.3047680854797363,4.1575,4.7251
deferred,32,2,351,1.4867839813232422,4.7605,4.6676
deferred,32,2,352,2.6764800548553467,4.6746,4.4238
deferred,32,2,353,2.267551898956299,4.3703,4.5406
deferred,32,2,354,1.2256319522857666,4.5411,5.195
deferred,32,2,355,3.2029120922088623,5.2286,4.481
deferred,32,2,356,1.1180479526519775,4.5967,4.7488
deferred,32,2,357,2.4747519493103027,4.6059,5.944
deferred,32,2,358,2.8443520069122314,5.9733,4.4556
deferred,32,2,359,0.7963839769363403,4.414,3.8654
deferred,32,2,360,0.8209919929504395,3.8491,4.0527
deferred,32,2,361,0.8076800107955933,4.0602,4.673
deferred,32,2,362,0.7954239845275879,4.7071,4.5076
deferred,32,2,363,1.7569279670715332,4.474,4.4889
deferred,32,2,364,2.5372159481048584,4.5199,5.1659
deferred,32,2,365,0.925216019153595,5.1556,4.665
deferred,32,2,366,1.7405439615249634,4.6869,4.3919
deferred,32,2,367,0.9858239889144897,4.3523,4.2514
deferred,32,2,368,2.17574405670166,4.2662,4.6821
deferred,32,2,369,0.8216959834098816,4.7248,4.5068
deferred,32,2,370,1.1559360027313232,4.4377,4.4344
deferred,32,2,371,1.6605119705200195,4.4454,4.668
deferred,32,2,372,0.7984640002250671,4.6903,4.9404
deferred,32,2,373,0.7913600206375122,4.9707,4.5496
deferred,32,2,374,1.2930879592895508,4.5062,4.2325
deferred,32,2,375,1.6155519485473633,4.2115,4.6605
deferred,32,2,376,1.206112027168274,4.7143,4.7013
deferred,32,2,377,1.4404480457305908,4.692,4.3181
deferred,32,2,378,0.9424319863319397,4.321,4.3187
deferred,32,2,379,2.7205119132995605,4.3,4.9675
deferred,32,2,380,1.0565119981765747,5.021,4.2726
deferred,32,2,381,0.7912960052490234,4.2041,3.9865
deferred,32,2,382,0.8025599718093872,3.9842,4.3116
deferred,32,2,383,2.0303680896759033,4.3139,4.3711
deferred,32,2,384,1.0975040197372437,4.4183,4.1201
deferred,32,2,385,0.9735680222511292,4.0796,4.54
deferred,32,2,386,0.8281599879264832,4.5172,4.6613
deferred,32,2,387,1.494879961013794,4.7452,5.0381
deferred,32,2,388,1.1046719551086426,5.0658,4.2783
deferred,32,2,389,1.145311951637268,4.2012,3.9607
deferred,32,2,390,0.7984319925308228,3.9323,5.0986
deferred,32,2,391,0.7995839715003967,5.1799,4.6637
deferred,32,2,392,0.8261119723320007,4.6064,4.4489
deferred,32,2,393,0.9857919812202454,4.4143,4.3761
deferred,32,2,394,2.121471881866455,4.4291,4.3082
deferred,32,2,395,1.0944960117340088,4.3554,4.1202
deferred,32,2,396,0.9572160243988037,4.0498,4.1423
deferred,32,2,397,1.0053119659423828,4.1143,4.413
deferred,32,2,398,0.8178240060806274,4.473,5.0843
deferred,32,2,399,0.8005120158195496,5.1273,4.586
deferred,32,2,400,1.1435840129852295,4.5482,4.3426
deferred,32,2,401,0.8025599718093872,4.2664,4.5136
deferred,32,2,402,0.8169280290603638,4.6351,4.6628
deferred,32,2,403,0.7842239737510681,4.5866,4.488
deferred,32,2,404,0.7931200265884399,4.4631,4.4285
deferred,32,2,405,2.161407947540283,4.4776,4.5526
deferred,32,2,406,0.920415997505188,4.5446,4.8191
deferred,32,2,407,2.4429759979248047,4.8148,4.4465
deferred,32,2,408,0.8394560217857361,4.4214,4.5611
deferred,32,2,409,2.6599678993225098,4.6699,5.4736
deferred,32,2,410,2.969791889190674,5.4179,4.6539
deferred,32,2,411,0.7881919741630554,4.6079,5.0645
deferred,32,2,412,2.457472085952759,5.1468,4.8925
deferred,32,2,413,0.7841280102729797,4.8712,4.2882
deferred,32,2,414,0.7565119862556458,4.2722,4.002
deferred,32,2,415,0.8159679770469666,3.9665,4.6219
deferred,32,2,416,0.7819520235061646,4.6539,5.1153
deferred,32,2,417,0.7984319925308228,5.1289,4.7908
deferred,32,2,418,0.9488959908485413,4.7405,4.7132
deferred,32,2,419,1.7200640439987183,4.7646,4.6044
deferred,32,2,420,0.7858560085296631,4.583,4.6293
deferred,32,2,421,1.8613760471343994,4.618,4.4682
deferred,32,2,422,0.832256019115448,4.4183,4.0324
deferred,32,2,423,2.732703924179077,4.1776,4.8943
deferred,32,2,424,2.3447039127349854,4.8551,4.6583
deferred,32,2,425,1.2377279996871948,4.586,4.8279
deferred,32,2,426,0.9775999784469604,4.8257,5.0947
deferred,32,2,427,2.4543681144714355,5.1618,5.0281
deferred,32,2,428,0.7869759798049927,5.0054,4.6974
deferred,32,2,429,0.8187519907951355,4.6239,4.7195
deferred,32,2,430,1.3678079843521118,4.805,5.7445
deferred,32,2,431,2.377568006515503,5.806,5.0224
deferred,32,2,432,1.0338879823684692,4.9848,5.0967
deferred,32,2,433,2.063136100769043,5.0966,5.6579
deferred,32,2,434,2.3714559078216553,5.6403,4.5033
deferred,32,2,435,1.3022719621658325,4.4794,4.4156
deferred,32,2,436,0.9816640019416809,4.3752,5.5913
deferred,32,2,437,2.5136640071868896,5.692,5.3115
deferred,32,2,438,2.8781440258026123,5.2511,4.8321
deferred,32,2,439,0.8178560137748718,4.8344,4.9761
deferred,32,2,440,2.1838719844818115,4.9766,5.485
deferred,32,2,441,2.719167947769165,5.5003,4.5911
deferred,32,2,442,0.8045759797096252,4.5658,4.3133
deferred,32,2,443,1.3258240222930908,4.3154,5.0285
deferred,32,2,444,0.8784639835357666,4.9869,4.2139
deferred,32,2,445,1.0679359436035156,4.2932,4.1547
deferred,32,2,446,1.0534720420837402,4.0896,4.3429
deferred,32,2,447,2.3242239952087402,4.3785,4.5283
deferred,32,2,448,1.0626879930496216,4.5316,4.6816
deferred,32,2,449,1.3821439743041992,4.648,4.5751
deferred,32,2,450,1.4549440145492554,4.5829,5.028
deferred,32,2,451,0.8435199856758118,5.0333,4.7331
deferred,32,2,452,1.022752046585083,4.7275,4.4198
deferred,32,2,453,1.086303949356079,4.3811,4.2858
deferred,32,2,454,2.4224960803985596,4.2963,4.9582
deferred,32,2,455,0.8823360204696655,5.0003,4.8317
deferred,32,2,456,1.1896640062332153,4.8032,4.4741
deferred,32,2,457,1.9003839492797852,4.486,4.7664
deferred,32,2,458,0.8435519933700562,4.7642,4.8806
deferred,32,2,459,0.8353599905967712,4.8813,4.1708
deferred,32,2,460,2.281951904296875,4.1472,3.8457
deferred,32,2,461,1.4949439764022827,3.8567,3.9699
deferred,32,2,462,2.5208001136779785,3.9458,4.2394
deferred,32,2,463,0.8353279829025269,4.2796,4.3274
deferred,32,2,464,1.3852159976959229,4.3141,4.5152
deferred,32,2,465,0.9869120121002197,4.4821,4.4641
deferred,32,2,466,0.8568639755249023,4.5207,4.7374
deferred,32,2,467,0.83542400598526,4.7788,4.7476
deferred,32,2,468,1.5295679569244385,4.7248,4.5905
deferred,32,2,469,2.5986878871917725,4.5337,4.7415
deferred,32,2,470,1.3903679847717285,4.8397,4.3934
deferred,32,2,471,3.5475521087646484,4.3684,4.3441
deferred,32,2,472,1.043328046798706,4.2966,4.2737
deferred,32,2,473,2.888416051864624,4.3842,5.4329
deferred,32,2,474,2.5628159046173096,5.3539,4.6082
deferred,32,2,475,0.903007984161377,4.5886,4.7072
deferred,32,2,476,2.940704107284546,4.6687,4.7892
deferred,32,2,477,0.8436160087585449,4.809,4.6429
deferred,32,2,478,0.8404480218887329,4.7448,4.6796
deferred,32,2,479,0.8395519852638245,4.6162,4.5656
deferred,32,2,480,1.6227200031280518,4.5046,4.6508
deferred,32,2,481,0.844543993473053,4.6901,4.6305
deferred,32,2,482,1.1943680047988892,4.618,4.4616
deferred,32,2,483,2.6549439430236816,4.4163,4.574
deferred,32,2,484,1.0933760404586792,4.6344,4.6597
deferred,32,2,485,1.9382400512695312,4.6319,4.4563
deferred,32,2,486,0.9090880155563354,4.4585,4.6961
deferred,32,2,487,2.6824960708618164,4.7503,4.6655
deferred,32,2,488,0.7738239765167236,4.6699,4.1106
deferred,32,2,489,1.0165120363235474,4.043,4.128
deferred,32,2,490,1.7937599420547485,4.1088,4.7089
deferred,32,2,491,0.7995520234107971,4.7735,5.0012
deferred,32,2,492,0.7820479869842529,5.0116,4.5855
deferred,32,2,493,1.658400058746338,4.5671,4.8098
deferred,32,2,494,2.135744094848633,4.7831,5.5578
deferred,32,2,495,0.77702397108078,5.6998,5.4756
deferred,32,2,496,1.1291840076446533,5.3989,4.9899
deferred,32,2,497,0.7953600287437439,4.9762,5.6394
deferred,32,2,498,0.7677440047264099,5.662,4.964
deferred,32,2,499,1.5253759622573853,4.9185,4.936
deferred,32,2,500,1.6125439405441284,4.9642,5.2161
deferred,32,2,501,0.8001599907875061,5.1855,4.7405
deferred,32,2,502,0.9561600089073181,4.7606,4.9606
deferred,32,2,503,0.9787200093269348,4.9348,4.9466
deferred,32,2,504,1.8101760149002075,4.9948,4.5773
deferred,32,2,505,0.948032021522522,4.5103,4.441
deferred,32,2,506,1.2959359884262085,4.4553,4.1544
deferred,32,2,507,1.5049599409103394,4.1639,5.1286
deferred,32,2,508,0.8127999901771545,5.1469,5.4057
deferred,32,2,509,0.8024320006370544,5.4087,5.0955
deferred,32,2,510,1.003167986869812,5.135,5.2735
deferred,32,2,511,0.8050240278244019,5.3118,5.7393
deferred,32,2,512,0.7809919714927673,5.6262,5.1703
deferred,32,2,513,0.8025599718093872,5.2081,5.1535
deferred,32,2,514,0.8004159927368164,5.1688,5.428
deferred,32,2,515,0.8046079874038696,5.3695,5.133
deferred,32,2,516,0.8168320059776306,5.1789,5.1301
deferred,32,2,517,2.281280040740967,5.1694,5.3374
deferred,32,2,518,2.3181118965148926,5.3314,4.7866
deferred,32,2,519,1.1875200271606445,4.699,4.762
deferred,32,2,520,0.7624639868736267,4.845,5.3593
deferred,32,2,521,1.0073280334472656,5.3629,4.6041
deferred,32,2,522,0.77702397108078,4.5696,4.3973
deferred,32,2,523,0.8126720190048218,4.3431,4.5268
deferred,32,2,524,0.7687680125236511,4.6416,5.2768
deferred,32,2,525,0.7859519720077515,5.1913,4.8207
deferred,32,2,526,1.2582080364227295,4.7839,4.4927
deferred,32,2,527,1.514143943786621,4.5464,5.2927
deferred,32,2,528,0.9247360229492188,5.3324,5.4708
deferred,32,2,529,1.1396479606628418,5.4266,4.5073
deferred,32,2,530,1.1609280109405518,4.4459,4.3092
deferred,32,2,531,0.9275199770927429,4.373,4.782
deferred,32,2,532,0.9295679926872253,4.7682,4.5889
deferred,32,2,533,2.195359945297241,4.5411,4.4072
deferred,32,2,534,2.9027199745178223,4.5234,5.0489
deferred,32,2,535,0.9254400134086609,5.0253,4.9228
deferred,32,2,536,1.7866560220718384,4.8797,4.5059
deferred,32,2,537,4.113183975219727,4.4423,4.4729
deferred,32,2,538,2.4892160892486572,4.556,5.4933
deferred,32,2,539,1.3340480327606201,5.5368,4.7769
deferred,32,2,540,4.3660478591918945,4.6917,4.3754
deferred,32,2,541,1.4630080461502075,4.3491,4.8901
deferred,32,2,542,3.1473920345306396,4.9904,5.2382
deferred,32,2,543,0.9511680006980896,5.2003,4.125
deferred,32,2,544,1.296064019203186,4.0842,4.1573
deferred,32,2,545,0.9244480133056641,4.1895,5.5848
deferred,32,2,546,0.9346879720687866,5.5765,4.7759
deferred,32,2,547,1.544927954673767,4.7452,4.2602
deferred,32,2,548,0.9735680222511292,4.2634,4.7245
deferred,32,2,549,0.9133120179176331,4.8384,4.7085
deferred,32,2,550,2.0252480506896973,4.6052,4.1155
deferred,32,2,551,1.1261759996414185,4.0973,4.5954
deferred,32,2,552,1.9494080543518066,4.6186,4.7873
deferred,32,2,553,2.5761280059814453,4.8368,4.8858
deferred,32,2,554,1.5971519947052002,4.8242,4.364
deferred,32,2,555,1.3678719997406006,4.323,4.9019
deferred,32,2,556,1.334015965461731,5.0537,5.0805
deferred,32,2,557,1.1302080154418945,4.9821,4.376
deferred,32,2,558,1.5900479555130005,4.3459,4.27
deferred,32,2,559,0.9428160190582275,4.2557,4.8353
deferred,32,2,560,0.9274880290031433,4.8969,4.5815
deferred,32,2,561,1.1374399662017822,4.5422,4.3231
deferred,32,2,562,1.148800015449524,4.2892,4.431
deferred,32,2,563,2.1215999126434326,4.4988,4.7918
deferred,32,2,564,1.3279680013656616,4.79,4.4919
deferred,32,2,565,2.9468801021575928,4.4684,4.3905
deferred,32,2,566,1.3546240329742432,4.3718,4.0592
deferred,32,2,567,0.9337599873542786,4.0877,4.3891
deferred,32,2,568,1.0022720098495483,4.3928,3.9854
deferred,32,2,569,1.171231985092163,3.9293,3.8137
deferred,32,2,570,2.1092159748077393,3.8615,4.28
deferred,32,2,571,1.4241600036621094,4.3723,4.7468
deferred,32,2,572,2.237215995788574,4.6842,4.4955
deferred,32,2,573,1.3668160438537598,4.4286,3.8352
deferred,32,2,574,1.1097919940948486,3.854,4.0846
deferred,32,2,575,0.8936640024185181,4.1193,4.946
deferred,32,2,576,0.8893759846687317,4.9621,4.8716
deferred,32,2,577,1.511199951171875,4.8002,4.6564
deferred,32,2,578,0.9049599766731262,4.7646,5.6999
deferred,32,2,579,0.9080320000648499,5.7743,4.2964
deferred,32,2,580,1.5091520547866821,4.1137,4.2897
deferred,32,2,581,2.608704090118408,4.319,4.6934
deferred,32,2,582,1.3770560026168823,4.7435,4.9533
deferred,32,2,583,1.9084800481796265,4.9071,4.4565
deferred,32,2,584,1.609503984451294,4.4221,4.2562
deferred,32,2,585,1.6167360544204712,4.3255,4.9214
deferred,32,2,586,2.3856639862060547,4.9163,4.9567
deferred,32,2,587,3.129120111465454,4.9031,4.3881
deferred,32,2,588,1.1189759969711304,4.4157,4.5988
deferred,32,2,589,3.0534720420837402,4.6133,5.6378
deferred,32,2,590,2.661151885986328,5.6732,4.7442
deferred,32,2,591,1.2336640357971191,4.6498,4.3865
deferred,32,2,592,1.1834880113601685,4.4368,5.1563
deferred,32,2,593,0.8907840251922607,5.1637,4.5842
deferred,32,2,594,1.1160320043563843,4.5669,4.4471
deferred,32,2,595,0.9049599766731262,4.4088,4.3285
deferred,32,2,596,1.2021119594573975,4.3998,4.9885
deferred,32,2,597,0.8894720077514648,4.9822,4.5371
deferred,32,2,598,2.090751886367798,4.4703,4.3252
deferred,32,2,599,1.730463981628418,4.3845,4.9325
deferred,32,2,600,1.0317120552062988,5.0143,4.8527
deferred,32,2,601,1.7355200052261353,4.7419,4.37
deferred,32,2,602,1.2983360290527344,4.3366,4.1728
deferred,32,2,603,0.8691200017929077,4.2536,5.0406
deferred,32,2,604,2.7604799270629883,5.0551,4.8442
deferred,32,2,605,0.907039999961853,4.7616,4.3954
deferred,32,2,606,0.8988479971885681,4.4112,4.4083
deferred,32,2,607,0.8977919816970825,4.4609,5.034
deferred,32,2,608,0.8783680200576782,5.0268,4.6378
deferred,32,2,609,1.2961599826812744,4.6132,4.3247
deferred,32,2,610,1.1783360242843628,4.3182,4.6338
deferred,32,2,611,1.228543996810913,4.6411,4.5964
deferred,32,2,612,1.6165440082550049,4.5803,4.466
deferred,32,2,613,1.9830080270767212,4.4859,4.6892
deferred,32,2,614,3.0582399368286133,4.7588,4.9226
deferred,32,2,615,2.8596479892730713,4.8667,4.3811
deferred,32,2,616,1.4139200448989868,4.3314,4.0252
deferred,32,2,617,1.0657600164413452,4.0484,4.6854
deferred,32,2,618,0.8700799942016602,4.7012,4.5763
deferred,32,2,619,0.8558400273323059,4.5615,4.2134
deferred,32,2,620,1.2246079444885254,4.1781,4.0887
deferred,32,2,621,3.360192060470581,4.1792,4.9162
deferred,32,2,622,1.49891197681427,5.0215,4.5047
deferred,32,2,623,1.6700160503387451,4.3351,4.38
deferred,32,2,624,0.8783360123634338,4.3794,4.2971
deferred,32,2,625,2.322240114212036,4.3292,4.7171
deferred,32,2,626,0.8568320274353027,4.6991,4.5507
deferred,32,2,627,0.9091519713401794,4.5063,4.2671
deferred,32,2,628,1.6442240476608276,4.2916,4.5313
deferred,32,2,629,0.8498240113258362,4.6004,5.0724
deferred,32,2,630,1.3494080305099487,5.0223,4.6018
deferred,32,2,631,1.2715519666671753,4.6177,4.8233
deferred,32,2,632,1.7345600128173828,4.8814,5.1429
deferred,32,2,633,0.8610560297966003,5.0991,4.633
deferred,32,2,634,1.2591999769210815,4.5652,4.4148
deferred,32,2,635,1.8440320491790771,4.4556,4.8498
deferred,32,2,636,0.8465920090675354,4.8977,5.8022
deferred,32,2,637,0.8517119884490967,5.7659,4.4661
deferred,32,2,638,1.605407953262329,4.4142,4.333
deferred,32,2,639,1.7148799896240234,4.3841,4.7235
deferred,32,2,640,2.3129920959472656,4.7433,4.142
deferred,32,2,641,0.8538560271263123,4.0897,3.7524
deferred,32,2,642,0.8650559782981873,3.7766,4.5505
deferred,32,2,643,0.8754240274429321,4.5836,5.287
deferred,32,2,644,0.8558080196380615,5.3213,4.7428
deferred,32,2,645,1.2870399951934814,4.6436,4.446
deferred,32,2,646,1.6401599645614624,4.5036,4.7552
deferred,32,2,647,0.8498240113258362,4.9916,5.384
deferred,32,2,648,0.8641600012779236,5.1247,4.3897
deferred,32,2,649,2.768671989440918,4.4227,4.7937
deferred,32,2,650,0.8763200044631958,4.9189,5.2465
deferred,32,2,651,1.016543984413147,5.1532,4.2937
deferred,32,2,652,0.8764479756355286,4.1804,3.7544
deferred,32,2,653,0.8762239813804626,3.8291,4.5497
deferred,32,2,654,2.57094407081604,4.5995,5.1038
deferred,32,2,655,2.945823907852173,5.1355,5.0132
deferred,32,2,656,0.9090560078620911,4.9126,4.6324
deferred,32,2,657,3.813119888305664,4.6703,5.4819
deferred,32,2,658,2.144864082336426,5.4833,4.6165
deferred,32,2,659,0.9632959961891174,4.5512,4.4787
deferred,32,2,660,1.457919955253601,4.4842,4.5539
deferred,32,2,661,0.7657279968261719,4.5725,4.6344
deferred,32,2,662,0.8117759823799133,4.6152,4.3935
deferred,32,2,663,1.1404800415039062,4.3481,4.2215
deferred,32,2,664,1.798848032951355,4.2617,4.8312
deferred,32,2,665,0.7728639841079712,4.8814,4.7281
deferred,32,2,666,0.9561280012130737,4.6649,4.3198
deferred,32,2,667,0.8159999847412109,4.3385,4.2828
deferred,32,2,668,2.3016960620880127,4.3043,4.7527
deferred,32,2,669,0.7800319790840149,4.7742,4.4046
deferred,32,2,670,0.8025599718093872,4.3254,4.314
deferred,32,2,671,1.476256012916565,4.3536,4.6913
deferred,32,2,672,0.8087999820709229,4.7397,4.8659
deferred,32,2,673,0.7738879919052124,4.8381,4.3837
deferred,32,2,674,1.1159039735794067,4.325,4.1051
deferred,32,2,675,2.222815990447998,4.1362,4.7104
deferred,32,2,676,0.9766079783439636,4.721,4.471
deferred,32,2,677,2.333375930786133,4.4355,4.2489
deferred,32,2,678,0.7994880080223083,4.2631,4.1998
deferred,32,2,679,0.8282240033149719,4.1971,4.9801
deferred,32,2,680,0.7831040024757385,5.0377,4.2623
deferred,32,2,681,0.7841600179672241,4.1913,4.0059
deferred,32,2,682,2.129631996154785,4.0262,3.9699
deferred,32,2,683,1.2960319519042969,4.0018,4.118
deferred,32,2,684,2.209376096725464,4.0807,4.5304
deferred,32,2,685,0.7892799973487854,4.5406,4.2044
deferred,32,2,686,0.8156800270080566,4.1882,4.7048
deferred,32,2,687,1.3523839712142944,4.8172,5.395
deferred,32,2,688,0.7738879919052124,5.2933,4.5033
deferred,32,2,689,1.1230720281600952,4.5491,4.3446
deferred,32,2,690,0.7841280102729797,4.2967,4.2517
deferred,32,2,691,0.785152018070221,4.2578,4.032
deferred,32,2,692,1.3872640132904053,4.0492,3.8903
deferred,32,2,693,1.2039040327072144,3.8761,3.8845
deferred,32,2,694,0.9661759734153748,3.88,4.8058
deferred,32,2,695,0.789247989654541,4.8187,4.7059
deferred,32,2,696,0.7842559814453125,4.7202,4.5606
deferred,32,2,697,0.7790079712867737,4.5451,4.3531
deferred,32,2,698,0.784063994884491,4.3595,4.6569
deferred,32,2,699,0.7789760231971741,4.628,4.5093
deferred,32,2,700,1.6708799600601196,4.5418,3.9926
deferred,32,2,701,0.7820479869842529,3.9652,4.0916
deferred,32,2,702,2.603775978088379,4.1137,5.1119
deferred,32,2,703,2.316960096359253,5.133,4.6053
deferred,32,2,704,1.1640959978103638,4.5847,4.3669
deferred,32,2,705,1.5674879550933838,4.3582,4.6214
deferred,32,2,706,0.7697920203208923,4.6127,4.8303
deferred,32,2,707,0.8159040212631226,4.8733,4.4858
deferred,32,2,708,0.9797120094299316,4.4409,4.3039
deferred,32,2,709,0.8261119723320007,4.3007,5.9431
deferred,32,2,710,0.7756800055503845,6.0975,4.9637
deferred,32,2,711,0.9725120067596436,4.9571,4.7235
deferred,32,2,712,0.7882239818572998,4.6499,4.7941
deferred,32,2,713,0.7646719813346863,4.7398,4.6939
deferred,32,2,714,0.7820799946784973,4.7086,4.5974
deferred,32,2,715,1.3249280452728271,4.5776,4.2378
deferred,32,2,716,1.5571520328521729,4.3075,4.4807
deferred,32,2,717,2.059999942779541,4.4105,4.0314
deferred,32,2,718,0.773855984210968,4.0369,4.1883
deferred,32,2,719,0.7848320007324219,4.1583,4.2274
deferred,32,2,720,0.7626559734344482,4.2399,4.3208
forward-plus,32,2,121,1.0281280279159546,4.0743,4.0417
forward-plus,32,2,122,1.549280047416687,4.128,5.0239
forward-plus,32,2,123,0.8908799886703491,5.0287,5.0168
forward-plus,32,2,124,1.093567967414856,4.9658,4.2747
forward-plus,32,2,125,0.6471359729766846,4.2596,4.3117
forward-plus,32,2,126,0.7741439938545227,4.3606,4.8454
forward-plus,32,2,127,0.6625919938087463,4.8408,4.1337
forward-plus,32,2,128,0.6584960222244263,4.0659,4.1136
forward-plus,32,2,129,0.6574079990386963,4.1523,4.3954
forward-plus,32,2,130,0.66457599401474,4.4109,4.6035
forward-plus,32,2,131,0.7864320278167725,4.5783,4.0812
forward-plus,32,2,132,1.0894399881362915,4.1038,4.0048
forward-plus,32,2,133,1.2718080282211304,3.9883,4.1403
forward-plus,32,2,134,0.6728000044822693,4.1588,4.4472
forward-plus,32,2,135,0.6636160016059875,4.3992,4.0269
forward-plus,32,2,136,0.6441280245780945,4.0488,3.8992
forward-plus,32,2,137,1.799232006072998,3.9141,4.5636
forward-plus,32,2,138,0.6359360218048096,4.6065,4.1947
forward-plus,32,2,139,0.6470720171928406,4.0954,3.7682
forward-plus,32,2,140,0.6531839966773987,3.7878,3.9496
forward-plus,32,2,141,0.6604800224304199,3.9486,3.9699
forward-plus,32,2,142,0.654367983341217,3.9888,4.1603
forward-plus,32,2,143,0.6368640065193176,4.1823,4.0103
forward-plus,32,2,144,0.6327679753303528,3.9743,3.828
forward-plus,32,2,145,0.6554239988327026,3.8128,4.0713
forward-plus,32,2,146,0.6646400094032288,4.0755,4.2581
forward-plus,32,2,147,0.6390079855918884,4.3545,4.6188
forward-plus,32,2,148,0.6368319988250732,4.5784,4.1427
forward-plus,32,2,149,0.647167980670929,4.0715,4.1457
forward-plus,32,2,150,0.6584640145301819,4.2107,4.2576
forward-plus,32,2,151,0.6449919939041138,4.2754,4.077
forward-plus,32,2,152,0.6439679861068726,4.0112,3.8605
forward-plus,32,2,153,0.6492800116539001,3.8919,4.0949
forward-plus,32,2,154,0.8837119936943054,4.1282,4.5018
forward-plus,32,2,155,0.6399040222167969,4.4897,4.4959
forward-plus,32,2,156,0.6409599781036377,4.51,3.7645
forward-plus,32,2,157,0.6891840100288391,3.6711,4.0558
forward-plus,32,2,158,0.6277440190315247,4.1376,4.0098
forward-plus,32,2,159,1.254304051399231,3.9638,3.8795
forward-plus,32,2,160,0.6419199705123901,3.8457,4.0814
forward-plus,32,2,161,0.7127360105514526,4.1506,4.0159
forward-plus,32,2,162,0.8048959970474243,4.029,5.4688
forward-plus,32,2,163,0.6757439970970154,5.4708,4.0747
forward-plus,32,2,164,0.6573439836502075,4.0255,3.8941
forward-plus,32,2,165,0.6738560199737549,3.9001,4.3884
forward-plus,32,2,166,0.6431360244750977,4.4785,4.2551
forward-plus,32,2,167,0.8815360069274902,4.1458,4.1502
forward-plus,32,2,168,0.6480640172958374,4.1901,4.261
forward-plus,32,2,169,0.654367983341217,4.2409,4.2174
forward-plus,32,2,170,0.652351975440979,4.212,4.8392
forward-plus,32,2,171,0.6778560280799866,4.8383,4.2009
forward-plus,32,2,172,0.6378239989280701,4.2433,3.6782
forward-plus,32,2,173,1.602560043334961,3.6179,3.8321
forward-plus,32,2,174,0.6450240015983582,3.8409,4.1809
forward-plus,32,2,175,0.6368640065193176,4.2125,3.8406
forward-plus,32,2,176,0.6451519727706909,3.8787,3.8189
forward-plus,32,2,177,0.6523200273513794,3.7498,4.0104
forward-plus,32,2,178,0.8765760064125061,4.027,4.2846
forward-plus,32,2,179,0.7608640193939209,4.3944,4.0996
forward-plus,32,2,180,0.6409279704093933,4.0784,3.8412
forward-plus,32,2,181,0.6605439782142639,3.7444,3.6195
forward-plus,32,2,182,0.6451200246810913,3.6052,4.0593
forward-plus,32,2,183,0.6430079936981201,4.1647,3.9437
forward-plus,32,2,184,0.6327679753303528,3.8366,3.826
forward-plus,32,2,185,0.9728639721870422,3.8087,3.8928
forward-plus,32,2,186,0.6523200273513794,3.9503,4.6516
forward-plus,32,2,187,0.6359040141105652,4.7439,4.6464
forward-plus,32,2,188,0.8837440013885498,4.5519,4.0943
forward-plus,32,2,189,1.2604800462722778,4.057,3.6798
forward-plus,32,2,190,0.6410239934921265,3.699,4.3989
forward-plus,32,2,191,0.6338880062103271,4.4499,4.0999
forward-plus,32,2,192,0.6378880143165588,4.0208,3.841
forward-plus,32,2,193,1.3389760255813599,3.8638,3.8351
forward-plus,32,2,194,1.8421119451522827,3.8766,4.5538
forward-plus,32,2,195,0.6717759966850281,4.6342,5.0563
forward-plus,32,2,196,0.7730240225791931,4.9267,3.9657
forward-plus,32,2,197,0.6584640145301819,3.9826,3.6856
forward-plus,32,2,198,0.652351975440979,3.6911,4.0683
forward-plus,32,2,199,0.6409599781036377,4.073,3.8455
forward-plus,32,2,200,0.6593919992446899,3.7916,3.7565
forward-plus,32,2,201,0.6870399713516235,3.7987,4.0984
forward-plus,32,2,202,0.6840639710426331,4.087,3.7893
forward-plus,32,2,203,0.6482560038566589,3.7888,4.9966
forward-plus,32,2,204,0.6502079963684082,5.0475,4.303
forward-plus,32,2,205,0.6604800224304199,4.322,3.9996
forward-plus,32,2,206,1.114143967628479,3.9829,4.2713
forward-plus,32,2,207,0.6562880277633667,4.231,4.0708
forward-plus,32,2,208,0.6501439809799194,4.0722,3.8239
forward-plus,32,2,209,1.3044159412384033,3.81,3.912
forward-plus,32,2,210,0.7496960163116455,3.9011,4.3683
forward-plus,32,2,211,0.6666560173034668,4.4251,4.1186
forward-plus,32,2,212,0.6429439783096313,4.1204,3.8942
forward-plus,32,2,213,0.9529600143432617,3.8719,3.7566
forward-plus,32,2,214,0.6912320256233215,3.7027,4.0736
forward-plus,32,2,215,0.6901760101318359,4.1615,4.2471
forward-plus,32,2,216,0.6359999775886536,4.2033,4.146
forward-plus,32,2,217,0.6347839832305908,4.1423,3.6908
forward-plus,32,2,218,0.6717759966850281,3.6497,4.0151
forward-plus,32,2,219,0.6410880088806152,4.1332,4.8242
forward-plus,32,2,220,0.6369600296020508,4.7984,4.0649
forward-plus,32,2,221,0.6369600296020508,3.9822,4.0392
forward-plus,32,2,222,1.6783679723739624,4.0781,4.2563
forward-plus,32,2,223,0.6439679861068726,4.349,4.5451
forward-plus,32,2,224,0.6408960223197937,4.4668,4.0007
forward-plus,32,2,225,0.8723520040512085,3.9572,3.9522
forward-plus,32,2,226,0.6563839912414551,3.9825,4.1237
forward-plus,32,2,227,0.6533439755439758,4.1292,4.3813
forward-plus,32,2,228,0.6390399932861328,4.3984,4.2801
forward-plus,32,2,229,0.8836159706115723,4.2788,4.0522
forward-plus,32,2,230,0.7148799896240234,4.0324,4.2523
forward-plus,32,2,231,0.6328639984130859,4.3185,4.3084
forward-plus,32,2,232,0.6378560066223145,4.2486,3.914
forward-plus,32,2,233,0.6378560066223145,3.8974,3.6486
forward-plus,32,2,234,0.6502400040626526,3.6296,3.7753
forward-plus,32,2,235,0.7721279859542847,3.8277,4.2603
forward-plus,32,2,236,0.6389120221138,4.2292,3.7932
forward-plus,32,2,237,0.6419839859008789,3.7719,3.5969
forward-plus,32,2,238,1.1991679668426514,3.5961,3.958
forward-plus,32,2,239,0.7597439885139465,3.9725,4.2903
forward-plus,32,2,240,0.6810240149497986,4.3323,4.1285
forward-plus,32,2,241,0.633791983127594,4.1137,3.9142
forward-plus,32,2,242,0.6512960195541382,3.8742,3.6659
forward-plus,32,2,243,1.3476159572601318,3.6803,4.1328
forward-plus,32,2,244,0.6369600296020508,4.1781,4.0773
forward-plus,32,2,245,0.6347519755363464,4.0946,3.8275
forward-plus,32,2,246,0.6593279838562012,3.7256,3.7401
forward-plus,32,2,247,0.6963520050048828,3.7853,4.2713
forward-plus,32,2,248,0.6421120166778564,4.3176,4.2089
forward-plus,32,2,249,0.6378880143165588,4.2271,3.913
forward-plus,32,2,250,0.6378560066223145,3.8075,3.665
forward-plus,32,2,251,1.2554240226745605,3.6913,3.9861
forward-plus,32,2,252,0.6441280245780945,4.0269,4.3177
forward-plus,32,2,253,0.6307839751243591,4.3066,3.89
forward-plus,32,2,254,0.6573119759559631,3.8752,3.6697
forward-plus,32,2,255,0.6636160016059875,3.656,3.7701
forward-plus,32,2,256,0.6379839777946472,3.7911,4.1187
forward-plus,32,2,257,0.6451839804649353,4.095,3.8934
forward-plus,32,2,258,0.8508800268173218,3.9538,3.7965
forward-plus,32,2,259,0.6461759805679321,3.7418,3.7468
forward-plus,32,2,260,0.6461759805679321,3.7688,4.3135
forward-plus,32,2,261,0.6338559985160828,4.3246,4.0859
forward-plus,32,2,262,0.6472319960594177,4.0597,3.8564
forward-plus,32,2,263,1.2625279426574707,3.8595,4.1373
forward-plus,32,2,264,0.6798080205917358,4.1166,3.896
forward-plus,32,2,265,0.6553919911384583,3.9248,4.8473
forward-plus,32,2,266,0.6594880223274231,4.9096,4.1893
forward-plus,32,2,267,0.6738240122795105,4.2085,4.1607
forward-plus,32,2,268,0.7639039754867554,4.1094,4.6903
forward-plus,32,2,269,0.6544319987297058,4.7137,4.3328
forward-plus,32,2,270,0.7607359886169434,4.2835,4.1988
forward-plus,32,2,271,0.6615359783172607,4.1803,4.081
forward-plus,32,2,272,0.6912639737129211,4.0799,4.2154
forward-plus,32,2,273,0.6564480066299438,4.2275,4.5391
forward-plus,32,2,274,0.6380159854888916,4.5808,4.0494
forward-plus,32,2,275,0.6431360244750977,3.9701,3.8296
forward-plus,32,2,276,0.7813439965248108,3.8721,4.0675
forward-plus,32,2,277,0.8151040077209473,4.0758,4.1681
forward-plus,32,2,278,0.6531839966773987,4.1966,3.9121
forward-plus,32,2,279,0.6717439889907837,3.8286,3.8377
forward-plus,32,2,280,0.6902080178260803,3.9382,4.3885
forward-plus,32,2,281,0.7710719704627991,4.3538,4.0897
forward-plus,32,2,282,0.7883840203285217,4.0426,3.9159
forward-plus,32,2,283,0.7332479953765869,3.9332,3.8851
forward-plus,32,2,284,1.3097280263900757,3.8655,4.5432
forward-plus,32,2,285,0.6543359756469727,4.712,4.9085
forward-plus,32,2,286,0.6347839832305908,4.7496,3.9856
forward-plus,32,2,287,0.9983999729156494,4.0109,4.0417
forward-plus,32,2,288,1.3187520503997803,4.0672,4.3649
forward-plus,32,2,289,0.8303679823875427,4.4402,4.7106
forward-plus,32,2,290,0.6726719737052917,4.5832,3.9641
forward-plus,32,2,291,0.6451839804649353,3.9689,3.9371
forward-plus,32,2,292,0.6451839804649353,3.9774,4.5676
forward-plus,32,2,293,0.6471999883651733,4.5379,3.8896
forward-plus,32,2,294,0.635807991027832,3.8868,3.6917
forward-plus,32,2,295,0.6512640118598938,3.6709,3.806
forward-plus,32,2,296,0.7629119753837585,3.8135,4.2133
forward-plus,32,2,297,0.634880006313324,4.2147,4.036
forward-plus,32,2,298,0.6399679780006409,4.0539,3.8105
forward-plus,32,2,299,1.1080000400543213,3.8408,3.7955
forward-plus,32,2,300,1.2205439805984497,3.7278,4.2638
forward-plus,32,2,301,0.6369600296020508,4.3077,4.353
forward-plus,32,2,302,0.6328960061073303,4.389,3.8839
forward-plus,32,2,303,0.9460800290107727,3.816,3.6404
forward-plus,32,2,304,1.4847999811172485,3.6221,3.9433
forward-plus,32,2,305,0.647104024887085,3.9938,4.0129
forward-plus,32,2,306,0.6747519969940186,3.9828,3.7652
forward-plus,32,2,307,0.6420800089836121,3.7393,3.665
forward-plus,32,2,308,0.7004799842834473,3.7261,4.3497
forward-plus,32,2,309,0.6451839804649353,4.4057,4.5857
forward-plus,32,2,310,0.6522240042686462,4.5445,3.9946
forward-plus,32,2,311,0.9154239892959595,3.9302,4.1288
forward-plus,32,2,312,1.282047986984253,4.2186,4.5197
forward-plus,32,2,313,0.6359360218048096,4.493,4.4172
forward-plus,32,2,314,0.6378239989280701,4.3941,3.9981
forward-plus,32,2,315,0.9327359795570374,3.9457,3.8154
forward-plus,32,2,316,0.66975998878479,3.8452,4.1336
forward-plus,32,2,317,0.6440960168838501,4.1756,4.5739
forward-plus,32,2,318,0.6462079882621765,4.5247,4.0361
forward-plus,32,2,319,0.633791983127594,4.0607,3.9367
forward-plus,32,2,320,1.0291520357131958,3.9155,3.7684
forward-plus,32,2,321,0.652351975440979,3.8001,4.3627
forward-plus,32,2,322,0.7198079824447632,4.3247,4.031
forward-plus,32,2,323,0.6419199705123901,4.0455,4.2095
forward-plus,32,2,324,0.7506240010261536,4.2127,3.8468
forward-plus,32,2,325,1.2656320333480835,3.8325,4.3394
forward-plus,32,2,326,0.6286720037460327,4.4529,4.6878
forward-plus,32,2,327,0.6439999938011169,4.6066,3.978
forward-plus,32,2,328,0.6768959760665894,3.9577,3.9831
forward-plus,32,2,329,0.6472319960594177,3.9646,4.2171
forward-plus,32,2,330,0.6399359703063965,4.2548,3.9087
forward-plus,32,2,331,0.6358399987220764,3.8788,3.6413
forward-plus,32,2,332,0.6798080205917358,3.6562,3.7057
forward-plus,32,2,333,1.011680006980896,3.6816,3.8654
forward-plus,32,2,334,0.6390079855918884,3.9444,4.3166
forward-plus,32,2,335,0.6624320149421692,4.2933,4.0062
forward-plus,32,2,336,0.6656320095062256,3.949,3.7836
forward-plus,32,2,337,0.650272011756897,3.8343,4.2363
forward-plus,32,2,338,0.6441599726676941,4.2239,3.8904
forward-plus,32,2,339,0.6337599754333496,3.8511,3.7552
forward-plus,32,2,340,0.9667840003967285,3.7393,3.6219
forward-plus,32,2,341,0.6778879761695862,3.6605,3.9688
forward-plus,32,2,342,0.6451519727706909,4.0355,4.3248
forward-plus,32,2,343,0.6368319988250732,4.2527,4.0224
forward-plus,32,2,344,0.6368640065193176,4.042,3.7392
forward-plus,32,2,345,1.0343040227890015,3.7092,3.8894
forward-plus,32,2,346,0.6584640145301819,3.978,4.287
forward-plus,32,2,347,0.6430079936981201,4.1894,3.8714
forward-plus,32,2,348,0.6430079936981201,3.8782,3.6217
forward-plus,32,2,349,0.6349440217018127,3.6872,3.7056
forward-plus,32,2,350,1.357856035232544,3.6704,4.2715
forward-plus,32,2,351,0.8098880052566528,4.2858,4.0961
forward-plus,32,2,352,0.6449919939041138,4.0823,3.793
forward-plus,32,2,353,0.6400319933891296,3.7653,3.9931
forward-plus,32,2,354,0.6410560011863708,4.004,4.1666
forward-plus,32,2,355,0.6419199705123901,4.1979,4.0133
forward-plus,32,2,356,0.6440320014953613,4.1199,3.7747
forward-plus,32,2,357,0.9717119932174683,3.6368,3.6005
forward-plus,32,2,358,0.6564159989356995,3.5641,4.4021
forward-plus,32,2,359,0.6328960061073303,4.5034,4.1749
forward-plus,32,2,360,0.6369600296020508,4.1182,3.8608
forward-plus,32,2,361,0.6572800278663635,3.826,3.906
forward-plus,32,2,362,0.6799359917640686,3.9347,3.8015
forward-plus,32,2,363,0.6492800116539001,3.8079,4.1219
forward-plus,32,2,364,0.6348159909248352,4.18,4.0186
forward-plus,32,2,365,0.6532800197601318,3.9214,3.5633
forward-plus,32,2,366,0.6687039732933044,3.5999,3.9898
forward-plus,32,2,367,0.6636160016059875,4.0471,5.3881
forward-plus,32,2,368,0.6544640064239502,5.4542,4.8369
forward-plus,32,2,369,0.6768640279769897,4.7055,4.1308
forward-plus,32,2,370,0.6533439755439758,4.1871,4.3961
forward-plus,32,2,371,0.6388480067253113,4.382,4.0604
forward-plus,32,2,372,0.6378239989280701,4.0072,3.9314
forward-plus,32,2,373,0.9778559803962708,3.9577,3.8353
forward-plus,32,2,374,0.6564159989356995,3.8464,4.2435
forward-plus,32,2,375,0.6728000044822693,4.2365,4.7391
forward-plus,32,2,376,0.6308479905128479,4.766,4.1338
forward-plus,32,2,377,0.9472320079803467,4.1107,3.8127
forward-plus,32,2,378,1.0330560207366943,3.8538,4.1453
forward-plus,32,2,379,0.9277759790420532,4.1169,4.4498
forward-plus,32,2,380,0.6860160231590271,4.4576,4.0043
forward-plus,32,2,381,1.014847993850708,3.9658,3.9869
forward-plus,32,2,382,0.6328960061073303,4.0111,4.1873
forward-plus,32,2,383,1.2881920337677002,4.1481,3.8097
forward-plus,32,2,384,0.886784017086029,3.8494,4.0845
forward-plus,32,2,385,0.8243839740753174,4.0638,4.175
forward-plus,32,2,386,0.6338880062103271,4.2036,4.3082
forward-plus,32,2,387,0.6349120140075684,4.2545,3.9933
forward-plus,32,2,388,0.6787520051002502,4.036,3.8366
forward-plus,32,2,389,0.6347519755363464,3.8136,3.9468
forward-plus,32,2,390,0.66457599401474,3.9218,3.8489
forward-plus,32,2,391,0.6420480012893677,3.9111,4.3397
forward-plus,32,2,392,0.6318719983100891,4.3363,3.9118
forward-plus,32,2,393,0.6298239827156067,3.8716,3.7284
forward-plus,32,2,394,0.6574400067329407,3.7122,3.8096
forward-plus,32,2,395,0.6605439782142639,3.8605,4.0694
forward-plus,32,2,396,0.6400319933891296,4.0471,4.0136
forward-plus,32,2,397,0.6439679861068726,4.0251,3.7909
forward-plus,32,2,398,0.9789440035820007,3.7693,3.6473
forward-plus,32,2,399,0.6635839939117432,3.6517,4.2731
forward-plus,32,2,400,0.6584640145301819,4.3446,4.3186
forward-plus,32,2,401,0.6482560038566589,4.2428,3.8689
forward-plus,32,2,402,1.0261119604110718,3.8914,3.8942
forward-plus,32,2,403,1.4192960262298584,3.8925,4.1806
forward-plus,32,2,404,0.6451200246810913,4.207,4.0936
forward-plus,32,2,405,0.6604160070419312,4.0219,3.9922
forward-plus,32,2,406,0.9800320267677307,4.0212,3.8531
forward-plus,32,2,407,1.2575039863586426,3.862,4.4113
forward-plus,32,2,408,0.6482239961624146,4.4392,4.0003
forward-plus,32,2,409,0.6461759805679321,3.9843,3.8583
forward-plus,32,2,410,1.3034240007400513,3.8434,3.7558
forward-plus,32,2,411,0.6707519888877869,3.7426,4.2064
forward-plus,32,2,412,0.6533759832382202,4.216,4.1861
forward-plus,32,2,413,0.6337599754333496,4.2083,3.9106
forward-plus,32,2,414,0.8426880240440369,3.8845,3.6348
forward-plus,32,2,415,0.6615359783172607,3.5982,3.8655
forward-plus,32,2,416,0.6543359756469727,3.9245,4.5081
forward-plus,32,2,417,0.6420480012893677,4.5472,4.2585
forward-plus,32,2,418,0.6378560066223145,4.2534,4.1415
forward-plus,32,2,419,1.0393919944763184,4.0848,4.2333
forward-plus,32,2,420,0.6482560038566589,4.3212,4.4173
forward-plus,32,2,421,0.6716799736022949,4.3524,3.9502
forward-plus,32,2,422,0.6399359703063965,3.9173,3.7933
forward-plus,32,2,423,0.6625919938087463,3.832,4.474
forward-plus,32,2,424,0.6563839912414551,4.5635,5.0144
forward-plus,32,2,425,0.6502400040626526,4.9919,4.279
forward-plus,32,2,426,0.6941440105438232,4.2267,3.9058
forward-plus,32,2,427,0.6533439755439758,3.9103,4.201
forward-plus,32,2,428,0.7567999958992004,4.2315,4.7715
forward-plus,32,2,429,0.6491199731826782,4.7685,4.207
forward-plus,32,2,430,1.033247947692871,4.1162,3.8947
forward-plus,32,2,431,1.103935956954956,3.9601,4.8807
forward-plus,32,2,432,0.6420800089836121,4.9396,4.4628
forward-plus,32,2,433,0.6429439783096313,4.3414,4.043
forward-plus,32,2,434,1.0178879499435425,4.1286,4.1571
forward-plus,32,2,435,1.019808053970337,4.1496,4.4655
forward-plus,32,2,436,0.8416320085525513,4.4992,4.7764
forward-plus,32,2,437,0.6696959733963013,4.7132,4.3003
forward-plus,32,2,438,0.6636160016059875,4.3541,4.5253
forward-plus,32,2,439,0.66566401720047,4.547,4.938
forward-plus,32,2,440,0.6380159854888916,4.8432,4.1214
forward-plus,32,2,441,0.6511679887771606,4.1772,3.9838
forward-plus,32,2,442,1.0536960363388062,3.975,4.4261
forward-plus,32,2,443,0.7526400089263916,4.4864,4.7868
forward-plus,32,2,444,0.7770879864692688,4.6635,4.2006
forward-plus,32,2,445,0.6255679726600647,4.2828,3.9469
forward-plus,32,2,446,0.6379520297050476,3.856,3.8101
forward-plus,32,2,447,0.6553919911384583,3.8514,4.658
forward-plus,32,2,448,0.66566401720047,4.6555,4.0834
forward-plus,32,2,449,0.8242239952087402,4.0878,4.0642
forward-plus,32,2,450,0.6881279945373535,4.0369,4.2509
forward-plus,32,2,451,0.6707839965820312,4.2501,4.1656
forward-plus,32,2,452,0.6451200246810913,4.1766,4.1995
forward-plus,32,2,453,0.9922559857368469,4.1986,3.9266
forward-plus,32,2,454,0.8776000142097473,3.9076,4.1671
forward-plus,32,2,455,0.6400319933891296,4.2054,4.2332
forward-plus,32,2,456,0.689087986946106,4.2672,3.8876
forward-plus,32,2,457,0.6501759886741638,3.8321,4.1247
forward-plus,32,2,458,0.6881920099258423,4.0959,4.1444
forward-plus,32,2,459,0.6441599726676941,4.2198,4.412
forward-plus,32,2,460,0.6297280192375183,4.3841,4.0205
forward-plus,32,2,461,0.7699519991874695,4.0307,3.7474
forward-plus,32,2,462,0.6543999910354614,3.6733,3.8139
forward-plus,32,2,463,0.6604480147361755,3.9126,4.5098
forward-plus,32,2,464,0.6462079882621765,4.5,4.2293
forward-plus,32,2,465,0.6604480147361755,4.1999,4.6262
forward-plus,32,2,466,0.982047975063324,4.6337,6.4998
forward-plus,32,2,467,0.6768640279769897,6.6107,4.8216
forward-plus,32,2,468,0.7250239849090576,4.7311,4.5939
forward-plus,32,2,469,0.6943039894104004,4.5885,5.38
forward-plus,32,2,470,0.6850879788398743,5.4219,5.2264
forward-plus,32,2,471,0.9953920245170593,5.2882,5.0133
forward-plus,32,2,472,0.6728000044822693,4.9116,4.9208
forward-plus,32,2,473,0.6758720278739929,4.9302,5.435
forward-plus,32,2,474,1.328287959098816,5.4699,4.7101
forward-plus,32,2,475,0.7588480114936829,4.6752,4.9552
forward-plus,32,2,476,0.7690560221672058,4.9299,5.1987
forward-plus,32,2,477,2.5333759784698486,5.2331,4.9925
forward-plus,32,2,478,0.6533120274543762,4.9914,4.8461
forward-plus,32,2,479,0.6983680129051208,4.8688,4.8361
forward-plus,32,2,480,0.8540160059928894,4.7789,5.5277
forward-plus,32,2,481,0.6462079882621765,5.556,4.3703
forward-plus,32,2,482,1.1244159936904907,4.3305,4.1288
forward-plus,32,2,483,0.6338880062103271,4.1245,4.4649
forward-plus,32,2,484,1.7019519805908203,4.4709,4.2052
forward-plus,32,2,485,1.147007942199707,4.2129,4.1301
forward-plus,32,2,486,0.7045440077781677,4.1266,3.962
forward-plus,32,2,487,0.92876797914505,3.9365,4.2404
forward-plus,32,2,488,0.6431040167808533,4.2686,4.0404
forward-plus,32,2,489,1.1039040088653564,4.0649,3.8708
forward-plus,32,2,490,1.6086399555206299,3.8309,3.8435
forward-plus,32,2,491,0.6389120221138,3.8154,4.0629
forward-plus,32,2,492,0.6492800116539001,4.1318,4.6969
forward-plus,32,2,493,0.6287360191345215,4.6659,4.0742
forward-plus,32,2,494,0.9318400025367737,4.0433,3.7176
forward-plus,32,2,495,2.6675519943237305,3.7291,4.1466
forward-plus,32,2,496,1.1725120544433594,4.1853,4.1077
forward-plus,32,2,497,0.6347200274467468,4.0769,3.9101
forward-plus,32,2,498,0.9399999976158142,3.8642,3.7365
forward-plus,32,2,499,3.6352319717407227,3.774,4.3044
forward-plus,32,2,500,0.6420800089836121,4.3725,4.1302
forward-plus,32,2,501,0.6615039706230164,4.0608,3.9385
forward-plus,32,2,502,0.9594560265541077,3.9185,3.7461
forward-plus,32,2,503,0.6543999910354614,3.7608,3.8815
forward-plus,32,2,504,2.937920093536377,3.8951,4.0617
forward-plus,32,2,505,0.794655978679657,4.0415,4.0027
forward-plus,32,2,506,0.8161600232124329,4.0224,3.6458
forward-plus,32,2,507,1.0660159587860107,3.6213,3.735
forward-plus,32,2,508,2.8364479541778564,3.734,4.4737
forward-plus,32,2,509,0.6604800224304199,4.4874,4.1128
forward-plus,32,2,510,0.66975998878479,4.1807,4.2003
forward-plus,32,2,511,0.8837760090827942,4.2183,4.2976
forward-plus,32,2,512,1.182752013206482,4.2293,4.2438
forward-plus,32,2,513,0.667680025100708,4.281,4.1705
forward-plus,32,2,514,0.6318079829216003,4.1505,3.881
forward-plus,32,2,515,0.6420800089836121,3.8802,3.8714
forward-plus,32,2,516,1.0178240537643433,3.832,4.1154
forward-plus,32,2,517,1.150015950202942,4.2086,4.2816
forward-plus,32,2,518,0.7793279886245728,4.2173,3.7847
forward-plus,32,2,519,0.9236800074577332,3.7364,3.5974
forward-plus,32,2,520,4.181056022644043,3.5988,4.201
forward-plus,32,2,521,0.6390079855918884,4.2686,4.1944
forward-plus,32,2,522,0.647167980670929,4.146,3.7889
forward-plus,32,2,523,0.9226559996604919,3.7633,3.6147
forward-plus,32,2,524,3.6813440322875977,3.6286,4.2894
forward-plus,32,2,525,0.6533439755439758,4.339,5.1242
forward-plus,32,2,526,0.6718080043792725,5.1305,3.884
forward-plus,32,2,527,1.2308800220489502,3.8165,3.9413
forward-plus,32,2,528,0.9164800047874451,4.0034,4.4441
forward-plus,32,2,529,0.8202239871025085,4.4771,4.3632
forward-plus,32,2,530,0.7834879755973816,4.2711,3.7996
forward-plus,32,2,531,1.0035200119018555,3.8271,3.6139
forward-plus,32,2,532,2.5354559421539307,3.6123,4.6414
forward-plus,32,2,533,0.9983680248260498,4.7915,4.2181
forward-plus,32,2,534,0.6287360191345215,4.0559,3.8973
forward-plus,32,2,535,0.8038719892501831,3.897,3.9807
forward-plus,32,2,536,2.0183041095733643,3.9994,4.376
forward-plus,32,2,537,0.6318719983100891,4.4036,4.1304
forward-plus,32,2,538,0.6379839777946472,4.0759,3.7901
forward-plus,32,2,539,0.9696959853172302,3.8383,3.6229
forward-plus,32,2,540,0.6840639710426331,3.5822,4.1258
forward-plus,32,2,541,1.9732799530029297,4.1613,4.4268
forward-plus,32,2,542,0.6277440190315247,4.4406,4.0651
forward-plus,32,2,543,0.9359679818153381,4.043,3.8305
forward-plus,32,2,544,1.3957760334014893,3.8546,4.1412
forward-plus,32,2,545,0.7598400115966797,4.1048,4.1542
forward-plus,32,2,546,0.7649279832839966,4.1596,3.7701
forward-plus,32,2,547,0.6615039706230164,3.7905,3.6728
forward-plus,32,2,548,0.6553279757499695,3.6128,3.9631
forward-plus,32,2,549,1.3670719861984253,4.0342,4.5995
forward-plus,32,2,550,0.7803199887275696,4.6075,3.9279
forward-plus,32,2,551,0.6410239934921265,3.8749,4.0357
forward-plus,32,2,552,1.2513600587844849,4.031,4.3201
forward-plus,32,2,553,3.6721279621124268,4.3696,4.2014
forward-plus,32,2,554,1.772447943687439,4.2079,4.825
forward-plus,32,2,555,1.481727957725525,4.7732,4.2278
forward-plus,32,2,556,1.101855993270874,4.328,4.4245
forward-plus,32,2,557,2.5231680870056152,4.4248,5.2128
forward-plus,32,2,558,3.0445120334625244,5.1549,4.1632
forward-plus,32,2,559,1.056831955909729,4.091,3.9999
forward-plus,32,2,560,1.2739520072937012,4.0271,4.0608
forward-plus,32,2,561,4.265632152557373,4.1288,4.3022
forward-plus,32,2,562,1.612831950187683,4.2664,4.8704
forward-plus,32,2,563,1.362112045288086,4.8306,3.831
forward-plus,32,2,564,1.5381120443344116,3.8534,4.1746
forward-plus,32,2,565,1.8104959726333618,4.2052,4.2421
forward-plus,32,2,566,1.863711953163147,4.2048,3.8922
forward-plus,32,2,567,1.602720022201538,3.903,3.8413
forward-plus,32,2,568,2.3972160816192627,3.8529,4.223
forward-plus,32,2,569,2.834559917449951,4.2425,4.1851
forward-plus,32,2,570,1.2226879596710205,4.1224,3.8469
forward-plus,32,2,571,1.059872031211853,3.8595,3.8682
forward-plus,32,2,572,1.0354559421539307,3.8609,3.9839
forward-plus,32,2,573,1.7152960300445557,4.019,4.7479
forward-plus,32,2,574,1.9314240217208862,4.8775,4.8349
forward-plus,32,2,575,2.231328010559082,4.7124,3.9816
forward-plus,32,2,576,2.1371519565582275,3.9697,4.1005
forward-plus,32,2,577,2.97273588180542,4.0771,4.3452
forward-plus,32,2,578,1.4264960289001465,4.4186,3.8779
forward-plus,32,2,579,1.0712640285491943,3.8053,3.6693
forward-plus,32,2,580,1.5514559745788574,3.6638,4.1483
forward-plus,32,2,581,1.5873279571533203,4.1851,4.4665
forward-plus,32,2,582,1.073248028755188,4.5095,4.1153
forward-plus,32,2,583,1.4807679653167725,4.0425,3.8053
forward-plus,32,2,584,1.0855040550231934,3.7753,3.7994
forward-plus,32,2,585,1.7112319469451904,3.8768,4.4662
forward-plus,32,2,586,1.0537279844284058,4.4513,3.9866
forward-plus,32,2,587,1.4552960395812988,3.954,3.8417
forward-plus,32,2,588,0.9012479782104492,3.8282,4.0375
forward-plus,32,2,589,1.3978559970855713,4.1132,4.5081
forward-plus,32,2,590,0.8315200209617615,4.489,4.0383
forward-plus,32,2,591,1.0578559637069702,4.0129,3.7723
forward-plus,32,2,592,1.0793919563293457,3.7273,3.7495
forward-plus,32,2,593,1.6650880575180054,3.8096,4.5576
forward-plus,32,2,594,1.80239999294281,4.5666,4.0372
forward-plus,32,2,595,0.8745279908180237,3.9757,3.7776
forward-plus,32,2,596,1.081503987312317,3.8455,4.1873
forward-plus,32,2,597,2.4863359928131104,4.2177,4.7748
forward-plus,32,2,598,3.548192024230957,4.7556,4.0949
forward-plus,32,2,599,0.9871039986610413,4.0147,3.8272
forward-plus,32,2,600,1.251520037651062,3.8869,4.2844
forward-plus,32,2,601,3.7028160095214844,4.316,4.6041
forward-plus,32,2,602,2.186176061630249,4.6359,4.17
forward-plus,32,2,603,2.0438079833984375,4.0795,4.945
forward-plus,32,2,604,2.793407917022705,4.9766,4.7082
forward-plus,32,2,605,3.512320041656494,4.7799,4.9247
forward-plus,32,2,606,1.4773119688034058,4.821,4.6129
forward-plus,32,2,607,1.4016640186309814,4.6151,3.9165
forward-plus,32,2,608,3.5446720123291016,3.9369,4.4263
forward-plus,32,2,609,1.00655996799469,4.4299,4.8134
forward-plus,32,2,610,1.0085439682006836,4.759,3.8865
forward-plus,32,2,611,1.4345920085906982,3.918,3.6569
forward-plus,32,2,612,1.5748800039291382,3.6575,4.5877
forward-plus,32,2,613,3.332063913345337,4.6118,4.5442
forward-plus,32,2,614,1.3976960182189941,4.5315,4.0121
forward-plus,32,2,615,1.3681600093841553,3.9825,4.1373
forward-plus,32,2,616,0.983135998249054,4.1898,4.4035
forward-plus,32,2,617,1.0004160404205322,4.3552,4.3738
forward-plus,32,2,618,1.9209599494934082,4.4279,4.1239
forward-plus,32,2,619,1.7408000230789185,4.079,4.1156
forward-plus,32,2,620,1.355679988861084,4.1451,4.648
forward-plus,32,2,621,2.2232320308685303,4.6639,3.9593
forward-plus,32,2,622,1.0015039443969727,3.9658,3.9408
forward-plus,32,2,623,1.4295680522918701,3.8947,3.8251
forward-plus,32,2,624,2.533440113067627,3.7817,4.0036
forward-plus,32,2,625,2.154400110244751,4.0679,4.5775
forward-plus,32,2,626,2.67574405670166,4.5922,4.0042
forward-plus,32,2,627,2.355135917663574,3.9474,3.9011
forward-plus,32,2,628,1.0035200119018555,3.8887,4.4814
forward-plus,32,2,629,1.0157760381698608,4.5681,4.3488
forward-plus,32,2,630,2.4575679302215576,4.3229,4.0353
forward-plus,32,2,631,1.8432639837265015,3.9669,3.6196
forward-plus,32,2,632,1.4520000219345093,3.6502,4.1617
forward-plus,32,2,633,1.00655996799469,4.1988,4.3786
forward-plus,32,2,634,1.0179519653320312,4.3621,3.9795
forward-plus,32,2,635,3.2492480278015137,3.9489,4.1604
forward-plus,32,2,636,2.4668800830841064,4.2122,4.2843
forward-plus,32,2,637,3.4099841117858887,4.3026,4.4269
forward-plus,32,2,638,0.9902719855308533,4.3476,3.7076
forward-plus,32,2,639,2.068416118621826,3.7246,3.6165
forward-plus,32,2,640,2.8753600120544434,3.6291,4.1206
forward-plus,32,2,641,1.478559970855713,4.1445,4.1948
forward-plus,32,2,642,4.15231990814209,4.1827,3.8938
forward-plus,32,2,643,2.391103982925415,3.883,3.9122
forward-plus,32,2,644,1.6456960439682007,3.9475,4.7044
forward-plus,32,2,645,1.255295991897583,4.7392,4.3133
forward-plus,32,2,646,0.9728639721870422,4.2259,3.7898
forward-plus,32,2,647,1.4040640592575073,3.8457,3.691
forward-plus,32,2,648,1.0024640560150146,3.6343,3.8434
forward-plus,32,2,649,0.955456018447876,3.8493,4.5844
forward-plus,32,2,650,0.997439980506897,4.6195,3.95
forward-plus,32,2,651,1.2861759662628174,3.9104,3.7624
forward-plus,32,2,652,1.4275200366973877,3.7653,4.2666
forward-plus,32,2,653,2.517024040222168,4.3138,4.6827
forward-plus,32,2,654,2.286623954772949,4.7083,4.3331
forward-plus,32,2,655,1.2739200592041016,4.268,3.9023
forward-plus,32,2,656,0.982047975063324,3.8704,4.0804
forward-plus,32,2,657,1.042464017868042,4.157,4.3661
forward-plus,32,2,658,0.9257280230522156,4.3352,3.8442
forward-plus,32,2,659,2.7023680210113525,3.8135,3.7524
forward-plus,32,2,660,0.9943680167198181,3.7896,4.1651
forward-plus,32,2,661,0.8018239736557007,4.2141,4.6212
forward-plus,32,2,662,0.8049280047416687,4.631,4.1376
forward-plus,32,2,663,1.265663981437683,4.0294,3.8516
forward-plus,32,2,664,2.249824047088623,3.8857,4.3884
forward-plus,32,2,665,2.4453439712524414,4.4653,4.1855
forward-plus,32,2,666,0.7865599989891052,4.1344,3.7653
forward-plus,32,2,667,1.1766079664230347,3.7359,3.7534
forward-plus,32,2,668,2.8672640323638916,3.7459,4.0543
forward-plus,32,2,669,0.9226559996604919,4.1178,4.4633
forward-plus,32,2,670,2.6634879112243652,4.4363,4.016
forward-plus,32,2,671,0.7803199887275696,3.9587,3.84
forward-plus,32,2,672,0.8171839714050293,3.8643,4.2209
forward-plus,32,2,673,1.0485759973526,4.255,4.3614
forward-plus,32,2,674,0.7927039861679077,4.364,3.9489
forward-plus,32,2,675,3.107935905456543,3.9175,3.7347
forward-plus,32,2,676,0.9842240214347839,3.7391,4.2178
forward-plus,32,2,677,2.1146240234375,4.2781,6.1051
forward-plus,32,2,678,2.2794880867004395,6.052,4.1768
forward-plus,32,2,679,1.3517440557479858,4.1992,3.9551
forward-plus,32,2,680,0.807968020439148,3.943,4.4756
forward-plus,32,2,681,0.7956799864768982,4.4414,4.3769
forward-plus,32,2,682,1.4377599954605103,4.3893,3.9513
forward-plus,32,2,683,1.419327974319458,3.947,3.798
forward-plus,32,2,684,0.826367974281311,3.8189,4.2463
forward-plus,32,2,685,0.8161919713020325,4.2109,4.4771
forward-plus,32,2,686,0.8243839740753174,4.5232,4.1179
forward-plus,32,2,687,1.3261120319366455,4.0888,3.9435
forward-plus,32,2,688,1.776703953742981,4.0294,4.5285
forward-plus,32,2,689,0.9769279956817627,4.442,4.141
forward-plus,32,2,690,2.32041597366333,4.149,3.9126
forward-plus,32,2,691,1.2811839580535889,3.8963,4.0232
forward-plus,32,2,692,1.009727954864502,4.018,4.5606
forward-plus,32,2,693,0.807968020439148,4.6424,4.3668
forward-plus,32,2,694,1.5493760108947754,4.3255,3.8958
forward-plus,32,2,695,1.5945279598236084,3.8711,3.6917
forward-plus,32,2,696,1.0967999696731567,3.653,4.0449
forward-plus,32,2,697,2.110464096069336,4.1672,4.9284
forward-plus,32,2,698,0.9093760251998901,4.8751,4.0626
forward-plus,32,2,699,1.674239993095398,4.0202,3.7929
forward-plus,32,2,700,2.935839891433716,3.8305,4.7439
forward-plus,32,2,701,1.3189760446548462,4.8479,4.9052
forward-plus,32,2,702,2.0347518920898438,4.8228,4.472
forward-plus,32,2,703,1.466431975364685,4.4641,5.0962
forward-plus,32,2,704,0.8838080167770386,5.1495,5.6653
forward-plus,32,2,705,1.3754240274429321,5.7242,4.309
forward-plus,32,2,706,2.3030080795288086,4.1846,3.9286
forward-plus,32,2,707,0.9267839789390564,3.8818,4.1366
forward-plus,32,2,708,0.8776000142097473,4.1977,4.7011
forward-plus,32,2,709,0.9176639914512634,4.7057,4.5145
forward-plus,32,2,710,1.3855040073394775,4.4543,3.8467
forward-plus,32,2,711,2.9727039337158203,3.9924,4.4024
forward-plus,32,2,712,1.1409599781036377,4.3428,4.3145
forward-plus,32,2,713,2.9575040340423584,4.2599,4.1056
forward-plus,32,2,714,1.4305280447006226,4.0587,3.7337
forward-plus,32,2,715,1.6611520051956177,3.7566,4.3228
forward-plus,32,2,716,0.8632959723472595,4.3853,4.3378
forward-plus,32,2,717,1.1899199485778809,4.2592,4.0194
forward-plus,32,2,718,3.0598719120025635,4.0517,3.8124
forward-plus,32,2,719,1.0743680000305176,3.7867,3.8021
forward-plus,32,2,720,2.5960640907287598,3.8299,5.3458
deferred,4,3,121,2.9719040393829346,4.7341,5.4526
deferred,4,3,122,1.4559040069580078,5.4196,5.0315
deferred,4,3,123,0.7943360209465027,4.9799,4.9664
deferred,4,3,124,2.271967887878418,4.9141,5.104
deferred,4,3,125,2.9263360500335693,5.1229,4.6187
deferred,4,3,126,0.7708160281181335,4.6318,4.7794
deferred,4,3,127,0.7779840230941772,4.7719,4.3436
deferred,4,3,128,0.7472959756851196,4.3384,4.0326
deferred,4,3,129,0.7800319790840149,4.0082,4.2291
deferred,4,3,130,0.7729600071907043,4.2127,4.3403
deferred,4,3,131,2.1961920261383057,4.3629,4.3748
deferred,4,3,132,0.97980797290802,4.4054,4.3602
deferred,4,3,133,3.433151960372925,4.3213,4.2506
deferred,4,3,134,0.7707520127296448,4.251,4.4999
deferred,4,3,135,0.7627840042114258,4.4975,4.8344
deferred,4,3,136,0.7545920014381409,4.8722,4.5896
deferred,4,3,137,1.129248023033142,4.5525,4.2616
deferred,4,3,138,0.757535994052887,4.2597,5.0826
deferred,4,3,139,0.7390400171279907,5.1315,4.5673
deferred,4,3,140,0.7697280049324036,4.5283,4.354
deferred,4,3,141,1.159775972366333,4.3457,4.8022
deferred,4,3,142,1.0228480100631714,4.8366,4.8489
deferred,4,3,143,0.9848960041999817,4.8442,4.4177
deferred,4,3,144,1.9453439712524414,4.3831,4.3617
deferred,4,3,145,0.9520959854125977,4.3441,4.7356
deferred,4,3,146,2.4521920680999756,4.8863,5.2451
deferred,4,3,147,3.1802239418029785,5.1693,4.6343
deferred,4,3,148,0.9798719882965088,4.5987,4.5128
deferred,4,3,149,2.668287992477417,4.5115,5.2372
deferred,4,3,150,1.0002880096435547,5.3064,4.5722
deferred,4,3,151,1.3237119913101196,4.4796,4.2682
deferred,4,3,152,1.5704959630966187,4.2814,4.733
deferred,4,3,153,0.7560960054397583,4.7475,4.2898
deferred,4,3,154,0.9336000084877014,4.2869,3.9066
deferred,4,3,155,1.249951958656311,3.8828,3.7183
deferred,4,3,156,0.9489279985427856,3.698,4.4929
deferred,4,3,157,2.753312110900879,4.6365,5.0432
deferred,4,3,158,2.430720090866089,5.0269,4.7389
deferred,4,3,159,0.781216025352478,4.7121,5.2337
deferred,4,3,160,1.5439039468765259,5.2218,5.9984
deferred,4,3,161,1.5951039791107178,6.0309,5.2335
deferred,4,3,162,1.302240014076233,5.168,4.4982
deferred,4,3,163,1.8706560134887695,4.4514,4.9031
deferred,4,3,164,2.455359935760498,4.9923,4.8708
deferred,4,3,165,2.5044479370117188,4.8224,4.6225
deferred,4,3,166,2.3017280101776123,4.6235,4.5287
deferred,4,3,167,2.4584639072418213,4.4969,5.5758
deferred,4,3,168,0.7708799839019775,5.6562,4.3529
deferred,4,3,169,1.111456036567688,4.3208,4.1123
deferred,4,3,170,0.7729920148849487,4.0624,4.8474
deferred,4,3,171,0.7472320199012756,4.9384,4.7765
deferred,4,3,172,0.7504640221595764,4.7131,4.3653
deferred,4,3,173,0.9593279957771301,4.3437,4.6828
deferred,4,3,174,0.7514240145683289,4.7082,4.7079
deferred,4,3,175,1.000383973121643,4.7137,4.5043
deferred,4,3,176,1.2838720083236694,4.4801,4.4073
deferred,4,3,177,0.7668160200119019,4.4491,4.5621
deferred,4,3,178,2.4746880531311035,4.5111,4.5337
deferred,4,3,179,0.7820479869842529,4.6469,4.1272
deferred,4,3,180,1.1649919748306274,4.0118,3.7351
deferred,4,3,181,1.5377919673919678,3.7229,4.668
deferred,4,3,182,0.7471359968185425,4.7342,5.0384
deferred,4,3,183,0.7513599991798401,5.0261,4.5655
deferred,4,3,184,1.1312320232391357,4.5813,4.0106
deferred,4,3,185,0.9466879963874817,3.9386,4.1908
deferred,4,3,186,2.6529600620269775,4.2421,4.4414
deferred,4,3,187,0.7515199780464172,4.422,4.1434
deferred,4,3,188,0.749343991279602,4.1258,3.8856
deferred,4,3,189,1.8767679929733276,3.8851,4.1332
deferred,4,3,190,0.8895999789237976,4.1874,4.7967
deferred,4,3,191,1.1210240125656128,4.7651,4.3625
deferred,4,3,192,0.7524160146713257,4.3198,4.2809
deferred,4,3,193,2.1543359756469727,4.3342,4.811
deferred,4,3,194,2.16540789604187,4.8088,4.3478
deferred,4,3,195,1.1721919775009155,4.3027,4.3097
deferred,4,3,196,1.5408639907836914,4.3059,4.6756
deferred,4,3,197,0.9552000164985657,4.7624,5.0576
deferred,4,3,198,0.716543972492218,5.0439,4.4466
deferred,4,3,199,0.7431679964065552,4.3896,4.1633
deferred,4,3,200,0.7319679856300354,4.2279,4.9663
deferred,4,3,201,0.8937280178070068,5.0124,4.8552
deferred,4,3,202,0.8865280151367188,4.7877,4.1155
deferred,4,3,203,0.9509760141372681,4.0734,4.5444
deferred,4,3,204,0.8557440042495728,4.6569,5.1805
deferred,4,3,205,1.169152021408081,5.1603,4.925
deferred,4,3,206,0.7237120270729065,4.8544,4.7372
deferred,4,3,207,1.2009919881820679,4.7996,4.904
deferred,4,3,208,2.4450559616088867,4.8585,4.5024
deferred,4,3,209,0.7123839855194092,4.4862,4.312
deferred,4,3,210,0.7390080094337463,4.271,4.4879
deferred,4,3,211,0.7432000041007996,4.5683,5.0841
deferred,4,3,212,0.7278079986572266,5.0716,4.5297
deferred,4,3,213,1.156831979751587,4.4949,4.3082
deferred,4,3,214,0.7186239957809448,4.3279,4.6135
deferred,4,3,215,0.7206720113754272,4.6246,4.4152
deferred,4,3,216,1.015552043914795,4.3823,4.4848
deferred,4,3,217,1.2849600315093994,4.5034,4.4508
deferred,4,3,218,0.7195199728012085,4.5591,4.9194
deferred,4,3,219,2.0897281169891357,4.8723,4.3411
deferred,4,3,220,0.9980800151824951,4.3224,4.5628
deferred,4,3,221,0.7450879812240601,4.4777,4.6481
deferred,4,3,222,0.8937600255012512,4.7534,6.2837
deferred,4,3,223,2.299391984939575,6.2873,4.2248
deferred,4,3,224,0.7717440128326416,4.1113,4.183
deferred,4,3,225,0.7427520155906677,4.4318,13.3835
deferred,4,3,226,0.7297919988632202,14.5124,7.9282
deferred,4,3,227,2.313983917236328,6.6559,4.7105
deferred,4,3,228,0.712448000907898,4.6581,4.318
deferred,4,3,229,0.7868480086326599,4.3181,4.3016
deferred,4,3,230,0.7103999853134155,4.3217,5.1594
deferred,4,3,231,0.7023360133171082,5.1651,5.1181
deferred,4,3,232,0.7739840149879456,5.0612,4.9762
deferred,4,3,233,0.7144320011138916,5.0486,5.2832
deferred,4,3,234,0.7053120136260986,5.2417,4.7816
deferred,4,3,235,0.7029439806938171,4.7287,3.8258
deferred,4,3,236,1.5213119983673096,3.8535,4.6059
deferred,4,3,237,1.262976050376892,4.6988,4.55
deferred,4,3,238,1.323904037475586,4.4909,4.2496
deferred,4,3,239,1.30131196975708,4.2067,4.4854
deferred,4,3,240,0.8722559809684753,4.5125,4.2501
deferred,4,3,241,0.8650879859924316,4.2604,4.3901
deferred,4,3,242,0.852832019329071,4.3388,4.0344
deferred,4,3,243,1.2911039590835571,4.1036,4.2809
deferred,4,3,244,2.97760009765625,4.2547,4.8583
deferred,4,3,245,0.8691520094871521,4.9933,5.0462
deferred,4,3,246,1.0595840215682983,4.8864,4.6301
deferred,4,3,247,0.9571520090103149,4.6804,4.9038
deferred,4,3,248,1.8450239896774292,4.9738,5.1732
deferred,4,3,249,1.2275840044021606,5.0742,4.5825
deferred,4,3,250,1.2991360425949097,4.5883,4.5689
deferred,4,3,251,2.4533119201660156,4.5628,4.6899
deferred,4,3,252,0.8824319839477539,4.7672,7.033
deferred,4,3,253,1.299232006072998,6.9696,4.6904
deferred,4,3,254,0.8702080249786377,4.699,4.6387
deferred,4,3,255,0.8621439933776855,4.6615,4.2482
deferred,4,3,256,1.505087971687317,4.1894,4.0988
deferred,4,3,257,0.8906880021095276,4.066,4.0716
deferred,4,3,258,0.8968960046768188,4.0924,4.4317
deferred,4,3,259,0.8815680146217346,4.4759,5.0247
deferred,4,3,260,0.8804799914360046,4.9913,4.587
deferred,4,3,261,0.8926399946212769,4.5945,4.7137
deferred,4,3,262,0.9070720076560974,4.7497,4.8333
deferred,4,3,263,0.8661760091781616,4.864,4.5413
deferred,4,3,264,1.3648639917373657,4.4339,4.1304
deferred,4,3,265,2.8587839603424072,4.1693,4.7823
deferred,4,3,266,0.8845120072364807,4.8279,4.8099
deferred,4,3,267,1.690559983253479,4.751,4.4397
deferred,4,3,268,2.791327953338623,4.5197,4.6234
deferred,4,3,269,1.4353599548339844,4.6468,4.9868
deferred,4,3,270,1.3536959886550903,4.9252,4.8013
deferred,4,3,271,3.380000114440918,4.7466,4.4288
deferred,4,3,272,0.8946560025215149,4.4661,4.3724
deferred,4,3,273,0.9162560105323792,4.4085,4.9271
deferred,4,3,274,0.8774719834327698,4.9083,4.574
deferred,4,3,275,0.8823040127754211,4.5125,4.479
deferred,4,3,276,0.8680959939956665,4.5748,4.7382
deferred,4,3,277,0.8691840171813965,4.6813,4.3931
deferred,4,3,278,1.390463948249817,4.351,4.3401
deferred,4,3,279,1.9555840492248535,4.361,4.4579
deferred,4,3,280,0.876416027545929,4.5346,5.0051
deferred,4,3,281,1.1518720388412476,5.0085,4.6771
deferred,4,3,282,3.2775681018829346,4.5911,4.4389
deferred,4,3,283,0.8095679879188538,4.4647,4.1211
deferred,4,3,284,0.8106560111045837,4.1407,4.2776
deferred,4,3,285,0.7902079820632935,4.2343,4.159
deferred,4,3,286,1.3750079870224,4.1698,3.8374
deferred,4,3,287,1.3227519989013672,3.8291,4.1137
deferred,4,3,288,2.5556480884552,4.1863,4.8308
deferred,4,3,289,2.772768020629883,4.7625,4.52
deferred,4,3,290,1.2039999961853027,4.5783,4.3235
deferred,4,3,291,0.8138560056686401,4.2524,4.8602
deferred,4,3,292,0.8139200210571289,4.9503,4.7356
deferred,4,3,293,0.7903040051460266,4.6424,4.3943
deferred,4,3,294,0.8179519772529602,4.4174,3.9864
deferred,4,3,295,2.3560640811920166,4.0282,4.3782
deferred,4,3,296,1.0759999752044678,4.3353,5.0326
deferred,4,3,297,1.612671971321106,5.0605,4.006
deferred,4,3,298,0.7983999848365784,3.9812,4.1359
deferred,4,3,299,1.0013439655303955,4.1896,5.7409
deferred,4,3,300,2.4329280853271484,5.681,4.627
deferred,4,3,301,0.827072024345398,4.6418,4.6575
deferred,4,3,302,2.479775905609131,4.6722,6.2235
deferred,4,3,303,1.2686079740524292,6.2191,4.4686
deferred,4,3,304,1.2091840505599976,4.4804,4.2234
deferred,4,3,305,1.674015998840332,4.2407,4.6739
deferred,4,3,306,3.0072638988494873,4.701,5.7329
deferred,4,3,307,2.5424959659576416,5.6826,4.208
deferred,4,3,308,0.8097280263900757,4.1848,3.8737
deferred,4,3,309,1.0883840322494507,3.9483,5.1813
deferred,4,3,310,0.7943680286407471,5.1526,4.7948
deferred,4,3,311,0.7822399735450745,4.769,3.8824
deferred,4,3,312,2.568000078201294,3.9014,4.0554
deferred,4,3,313,1.7805119752883911,4.0427,4.7052
deferred,4,3,314,2.5311999320983887,4.6766,4.6496
deferred,4,3,315,1.223520040512085,4.6591,4.363
deferred,4,3,316,1.6311359405517578,4.3455,4.4887
deferred,4,3,317,0.8158720135688782,4.517,4.8392
deferred,4,3,318,0.785152018070221,4.8085,4.3476
deferred,4,3,319,1.1600960493087769,4.3554,4.179
deferred,4,3,320,0.7933760285377502,4.1797,4.5442
deferred,4,3,321,0.7955840229988098,4.5449,4.5451
deferred,4,3,322,1.1754560470581055,4.5697,4.4766
deferred,4,3,323,1.1006720066070557,4.4431,4.7433
deferred,4,3,324,1.3248319625854492,4.8132,4.4833
deferred,4,3,325,2.339711904525757,4.4134,4.1116
deferred,4,3,326,0.7882239818572998,4.1291,4.3784
deferred,4,3,327,0.8414720296859741,4.361,4.4393
deferred,4,3,328,0.8075199723243713,4.4657,5.0659
deferred,4,3,329,0.7925119996070862,5.0448,4.043
deferred,4,3,330,1.5224319696426392,4.0515,3.8896
deferred,4,3,331,2.6548800468444824,3.88,4.7988
deferred,4,3,332,2.623231887817383,4.8043,4.1259
deferred,4,3,333,1.9977279901504517,4.1432,4.0201
deferred,4,3,334,1.214176058769226,4.0797,4.3318
deferred,4,3,335,1.5920319557189941,4.2772,4.4751
deferred,4,3,336,0.7852159738540649,4.4455,4.5553
deferred,4,3,337,0.8098880052566528,4.6207,4.3584
deferred,4,3,338,1.1967359781265259,4.3323,4.398
deferred,4,3,339,1.930176019668579,4.3468,4.744
deferred,4,3,340,0.9511680006980896,4.8627,4.488
deferred,4,3,341,3.0420799255371094,4.4376,3.962
deferred,4,3,342,0.8167039752006531,3.9525,4.1563
deferred,4,3,343,0.7933760285377502,4.1362,4.6563
deferred,4,3,344,0.776095986366272,4.6514,4.5153
deferred,4,3,345,0.7934399843215942,4.4971,4.3003
deferred,4,3,346,1.684000015258789,4.2657,4.3952
deferred,4,3,347,1.1526399850845337,4.4859,4.7436
deferred,4,3,348,1.2666239738464355,4.7089,4.3629
deferred,4,3,349,1.218176007270813,4.3352,4.2652
deferred,4,3,350,0.8404800295829773,4.2429,4.349
deferred,4,3,351,0.7924479842185974,4.3957,4.6963
deferred,4,3,352,0.8230720162391663,4.7398,4.4058
deferred,4,3,353,1.0104000568389893,4.3288,4.2047
deferred,4,3,354,0.7903040051460266,4.2061,4.4432
deferred,4,3,355,1.1406400203704834,4.4975,4.3153
deferred,4,3,356,1.2502080202102661,4.3714,4.7048
deferred,4,3,357,1.4052159786224365,4.5998,3.7637
deferred,4,3,358,1.6566400527954102,3.7727,4.1539
deferred,4,3,359,0.7842879891395569,4.2014,4.8482
deferred,4,3,360,0.7863360047340393,4.8562,4.7176
deferred,4,3,361,0.8087679743766785,4.6488,4.601
deferred,4,3,362,0.806656002998352,4.6457,4.883
deferred,4,3,363,0.774944007396698,4.9011,4.6559
deferred,4,3,364,0.7689279913902283,4.5749,4.2122
deferred,4,3,365,2.672960042953491,4.239,4.8439
deferred,4,3,366,0.8006399869918823,4.9193,4.8444
deferred,4,3,367,1.4262080192565918,4.8298,4.4454
deferred,4,3,368,1.5870399475097656,4.3597,4.5726
deferred,4,3,369,1.1015679836273193,4.7022,5.0067
deferred,4,3,370,1.2490559816360474,4.9423,4.5087
deferred,4,3,371,1.222432017326355,4.4724,4.2512
deferred,4,3,372,1.6247680187225342,4.2207,4.646
deferred,4,3,373,0.7862399816513062,4.7067,4.6562
deferred,4,3,374,0.8211519718170166,4.6504,3.9329
deferred,4,3,375,1.2029119729995728,3.8802,3.6966
deferred,4,3,376,2.5782079696655273,3.7454,5.1024
deferred,4,3,377,0.7908480167388916,5.1772,4.686
deferred,4,3,378,1.1117759943008423,4.6558,4.955
deferred,4,3,379,2.0180160999298096,4.9317,5.1045
deferred,4,3,380,0.7974399924278259,5.1324,5.9075
deferred,4,3,381,1.133344054222107,5.8687,3.9525
deferred,4,3,382,3.4147520065307617,3.8899,3.8335
deferred,4,3,383,0.7964479923248291,3.8597,4.3245
deferred,4,3,384,1.3989440202713013,4.3771,5.1502
deferred,4,3,385,0.7616000175476074,5.1993,4.5068
deferred,4,3,386,1.192736029624939,4.3913,3.9678
deferred,4,3,387,1.6677759885787964,4.0079,4.4578
deferred,4,3,388,1.13046395778656,4.4873,4.2921
deferred,4,3,389,1.251296043395996,4.2266,4.3157
deferred,4,3,390,0.8239039778709412,4.3312,3.7243
deferred,4,3,391,2.5443201065063477,3.804,5.3643
deferred,4,3,392,1.4097919464111328,5.3509,4.2804
deferred,4,3,393,0.8035839796066284,4.1856,3.8431
deferred,4,3,394,0.8270400166511536,3.8765,3.7608
deferred,4,3,395,2.1970560550689697,3.8014,4.3986
deferred,4,3,396,1.1179840564727783,4.3727,4.572
deferred,4,3,397,3.043231964111328,4.5244,4.143
deferred,4,3,398,0.8148800134658813,4.1644,4.1404
deferred,4,3,399,0.8088319897651672,4.1876,4.5572
deferred,4,3,400,0.8058239817619324,4.5157,4.3285
deferred,4,3,401,0.7894080281257629,4.3946,4.0207
deferred,4,3,402,2.86297607421875,3.9527,4.5908
deferred,4,3,403,1.1341439485549927,4.6487,4.2844
deferred,4,3,404,2.892672061920166,4.2042,3.9563
deferred,4,3,405,0.787231981754303,3.9873,4.0
deferred,4,3,406,0.8231040239334106,3.9804,4.3409
deferred,4,3,407,0.8169280290603638,4.3431,4.742
deferred,4,3,408,0.7822080254554749,4.8039,4.2181
deferred,4,3,409,1.3698559999465942,4.1756,3.842
deferred,4,3,410,0.8177599906921387,3.8288,3.8717
deferred,4,3,411,1.0533759593963623,3.868,4.3156
deferred,4,3,412,0.7924799919128418,4.339,4.499
deferred,4,3,413,0.8774080276489258,4.4726,4.1794
deferred,4,3,414,0.7953600287437439,4.1852,4.583
deferred,4,3,415,0.7891839742660522,4.5965,4.8003
deferred,4,3,416,0.726751983165741,4.8299,4.808
deferred,4,3,417,1.127135992050171,4.807,4.6549
deferred,4,3,418,1.8019520044326782,4.6498,4.7418
deferred,4,3,419,0.9235519766807556,4.7632,4.2783
deferred,4,3,420,2.967360019683838,4.2732,3.9246
deferred,4,3,421,0.7551680207252502,3.877,3.8242
deferred,4,3,422,0.7226560115814209,3.8187,5.344
deferred,4,3,423,0.7359679937362671,5.521,4.3378
deferred,4,3,424,0.7257599830627441,4.1709,3.9249
deferred,4,3,425,0.7438719868659973,3.8907,4.5403
deferred,4,3,426,2.295488119125366,4.63,4.3176
deferred,4,3,427,2.6325440406799316,4.3172,4.0725
deferred,4,3,428,2.6162240505218506,4.011,4.3155
deferred,4,3,429,0.7277759909629822,4.336,4.6463
deferred,4,3,430,1.0175679922103882,4.669,5.1854
deferred,4,3,431,0.7238079905509949,5.1803,4.5594
deferred,4,3,432,1.091488003730774,4.5275,4.4125
deferred,4,3,433,0.7257279753684998,4.4009,4.6812
deferred,4,3,434,0.729856014251709,4.7127,4.4081
deferred,4,3,435,1.0370880365371704,4.3835,3.8576
deferred,4,3,436,1.0810240507125854,3.8198,3.7129
deferred,4,3,437,0.7287999987602234,3.7546,5.1578
deferred,4,3,438,2.3180160522460938,5.2249,4.8985
deferred,4,3,439,0.7309120297431946,4.8745,3.9648
deferred,4,3,440,0.7595199942588806,3.8999,4.1866
deferred,4,3,441,0.7401279807090759,4.2495,4.9868
deferred,4,3,442,0.7237439751625061,4.9725,4.2763
deferred,4,3,443,1.1189759969711304,4.2172,4.1947
deferred,4,3,444,3.0768320560455322,4.27,4.998
deferred,4,3,445,0.7471680045127869,5.1179,5.8533
deferred,4,3,446,0.7491520047187805,5.7257,4.923
deferred,4,3,447,1.7445440292358398,4.9022,5.2817
deferred,4,3,448,0.7431679964065552,5.3288,4.4458
deferred,4,3,449,1.061568021774292,4.3997,4.2959
deferred,4,3,450,1.1313279867172241,4.2858,4.3312
deferred,4,3,451,0.745248019695282,4.2997,4.1193
deferred,4,3,452,1.6934399604797363,4.2037,5.2579
deferred,4,3,453,2.850559949874878,5.2791,4.6839
deferred,4,3,454,0.7247040271759033,4.5937,4.1126
deferred,4,3,455,0.7237439751625061,4.1468,4.4853
deferred,4,3,456,0.7308800220489502,4.4926,4.8693
deferred,4,3,457,0.7441920042037964,4.8655,3.9146
deferred,4,3,458,1.6402239799499512,3.8564,4.009
deferred,4,3,459,0.8742719888687134,4.1479,4.6066
deferred,4,3,460,1.3412480354309082,4.5305,4.833
deferred,4,3,461,1.459712028503418,4.7831,4.5878
deferred,4,3,462,1.8830080032348633,4.6067,4.7217
deferred,4,3,463,2.93558406829834,4.7679,5.0997
deferred,4,3,464,3.2275519371032715,5.0982,4.7553
deferred,4,3,465,0.8486719727516174,4.6884,4.5575
deferred,4,3,466,3.0511679649353027,4.6211,5.5697
deferred,4,3,467,2.8004159927368164,5.6378,4.916
deferred,4,3,468,1.2223999500274658,4.8329,4.7479
deferred,4,3,469,0.8179200291633606,4.7188,5.0958
deferred,4,3,470,3.236543893814087,5.2187,5.3072
deferred,4,3,471,3.231328010559082,5.2317,4.9075
deferred,4,3,472,0.8342080116271973,4.8643,4.9132
deferred,4,3,473,2.1357760429382324,4.9848,5.6247
deferred,4,3,474,3.0031681060791016,5.6154,4.4103
deferred,4,3,475,0.8405759930610657,4.3835,4.1809
deferred,4,3,476,0.8977599740028381,4.1309,5.358
deferred,4,3,477,3.105504035949707,5.5237,5.4539
deferred,4,3,478,1.241919994354248,5.3454,4.442
deferred,4,3,479,0.8466560244560242,4.3628,4.0524
deferred,4,3,480,0.832319974899292,4.1278,4.6007
deferred,4,3,481,0.8180800080299377,4.6211,4.5308
deferred,4,3,482,1.2520960569381714,4.468,4.2585
deferred,4,3,483,3.0759360790252686,4.231,4.7759
deferred,4,3,484,1.500991940498352,4.8524,4.7752
deferred,4,3,485,2.766752004623413,4.7446,4.3714
deferred,4,3,486,0.8302080035209656,4.3219,4.4519
deferred,4,3,487,2.9550719261169434,4.5372,4.9459
deferred,4,3,488,2.6744320392608643,4.9517,4.5058
deferred,4,3,489,1.2878400087356567,4.4785,4.1719
deferred,4,3,490,1.666975975036621,4.124,4.4543
deferred,4,3,491,0.8099200129508972,4.4988,4.6451
deferred,4,3,492,0.8191360235214233,4.6257,4.3485
deferred,4,3,493,1.6164799928665161,4.3332,4.3372
deferred,4,3,494,1.8254719972610474,4.3298,4.7773
deferred,4,3,495,1.4437119960784912,4.8209,4.6553
deferred,4,3,496,1.7785919904708862,4.6293,4.3262
deferred,4,3,497,0.8534079790115356,4.2883,3.7778
deferred,4,3,498,0.8240640163421631,3.8442,4.235
deferred,4,3,499,0.810912013053894,4.2191,4.3369
deferred,4,3,500,1.3004159927368164,4.3219,4.0556
deferred,4,3,501,0.8291199803352356,4.027,3.832
deferred,4,3,502,2.140511989593506,3.9278,5.2181
deferred,4,3,503,1.3413439989089966,5.1871,4.7273
deferred,4,3,504,0.8095359802246094,4.6864,4.4835
deferred,4,3,505,0.8606719970703125,4.4952,4.4772
deferred,4,3,506,0.8335040211677551,4.4641,4.5842
deferred,4,3,507,0.8087999820709229,4.6045,4.5445
deferred,4,3,508,0.8447039723396301,4.539,4.3494
deferred,4,3,509,0.8281599879264832,4.3805,4.8667
deferred,4,3,510,1.1261759996414185,4.889,4.5381
deferred,4,3,511,0.8251199722290039,4.5247,4.4643
deferred,4,3,512,0.834272027015686,4.4194,4.4636
deferred,4,3,513,2.6254398822784424,4.5041,4.8952
deferred,4,3,514,1.1806080341339111,4.8886,4.4684
deferred,4,3,515,3.0696959495544434,4.3921,3.8641
deferred,4,3,516,0.8712639808654785,3.8861,3.9221
deferred,4,3,517,1.990399956703186,3.9855,4.5692
deferred,4,3,518,0.8467839956283569,4.5602,4.7374
deferred,4,3,519,0.8415039777755737,4.6711,4.1944
deferred,4,3,520,3.089184045791626,4.2127,4.571
deferred,4,3,521,1.5440959930419922,4.6188,4.6664
deferred,4,3,522,1.3350720405578613,4.6059,4.322
deferred,4,3,523,1.7311040163040161,4.3462,4.4874
deferred,4,3,524,0.8528000116348267,4.4955,4.5918
deferred,4,3,525,2.3070080280303955,4.6802,4.8845
deferred,4,3,526,0.8401280045509338,4.7831,4.6511
deferred,4,3,527,0.8333119750022888,4.6666,4.9549
deferred,4,3,528,1.1917120218276978,4.9877,6.5346
deferred,4,3,529,1.7424319982528687,6.5329,4.7233
deferred,4,3,530,0.8076480031013489,4.6537,4.7567
deferred,4,3,531,2.3765759468078613,4.8781,5.4849
deferred,4,3,532,2.6458559036254883,5.4424,4.1267
deferred,4,3,533,1.2449599504470825,4.0576,3.9034
deferred,4,3,534,1.6422079801559448,3.9887,4.6963
deferred,4,3,535,0.8149759769439697,4.6635,4.782
deferred,4,3,536,0.8150079846382141,4.7423,4.2891
deferred,4,3,537,1.5040639638900757,4.2596,4.1683
deferred,4,3,538,1.9822720289230347,4.2032,4.8515
deferred,4,3,539,0.8017280101776123,4.902,4.7294
deferred,4,3,540,1.4405759572982788,4.6569,4.2837
deferred,4,3,541,1.969215989112854,4.2942,4.2257
deferred,4,3,542,1.7200640439987183,4.2665,4.6126
deferred,4,3,543,0.8129600286483765,4.5827,4.241
deferred,4,3,544,0.8332800269126892,4.1977,4.0929
deferred,4,3,545,1.6592960357666016,4.1314,4.4016
deferred,4,3,546,2.613919973373413,4.4606,4.4837
deferred,4,3,547,0.8721920251846313,4.4667,4.8734
deferred,4,3,548,1.384160041809082,4.814,4.0238
deferred,4,3,549,1.5347520112991333,4.0665,4.2662
deferred,4,3,550,0.7391039729118347,4.2466,4.3023
deferred,4,3,551,0.7278079986572266,4.2902,4.8847
deferred,4,3,552,0.7534400224685669,4.8943,4.7448
deferred,4,3,553,0.7514879703521729,4.8098,4.9766
deferred,4,3,554,0.7994880080223083,4.9389,4.9201
deferred,4,3,555,0.7412160038948059,4.9131,4.7058
deferred,4,3,556,0.7574399709701538,4.7721,3.9826
deferred,4,3,557,2.2586560249328613,3.979,4.2493
deferred,4,3,558,0.946943998336792,4.1453,4.3866
deferred,4,3,559,2.7849600315093994,4.463,4.0487
deferred,4,3,560,0.7605760097503662,4.0555,4.0285
deferred,4,3,561,0.738976001739502,4.0303,5.0615
deferred,4,3,562,0.733951985836029,4.9963,4.9582
deferred,4,3,563,1.0606080293655396,5.0282,4.738
deferred,4,3,564,1.4764480590820312,4.7261,4.3939
deferred,4,3,565,0.7380480170249939,4.4248,4.187
deferred,4,3,566,0.7453439831733704,4.072,4.279
deferred,4,3,567,1.0359359979629517,4.3054,4.3046
deferred,4,3,568,0.7411199808120728,4.3401,4.2867
deferred,4,3,569,0.7524799704551697,4.2474,4.1564
deferred,4,3,570,0.7248319983482361,4.1691,4.4905
deferred,4,3,571,1.1077120304107666,4.4696,3.7684
deferred,4,3,572,2.4655039310455322,3.7818,4.349
deferred,4,3,573,0.9551680088043213,4.3416,4.3224
deferred,4,3,574,2.491039991378784,4.3384,3.9018
deferred,4,3,575,0.7494400143623352,3.8797,3.7056
deferred,4,3,576,0.7288320064544678,3.6928,4.3525
deferred,4,3,577,0.7351040244102478,4.4041,4.1625
deferred,4,3,578,1.3893439769744873,4.1399,3.9667
deferred,4,3,579,1.1363519430160522,3.9548,4.355
deferred,4,3,580,0.7800639867782593,4.325,4.8189
deferred,4,3,581,2.3559041023254395,4.9165,4.2583
deferred,4,3,582,0.7288320064544678,4.2055,4.2019
deferred,4,3,583,0.7400000095367432,4.1903,4.6084
deferred,4,3,584,0.7319039702415466,4.6179,5.2139
deferred,4,3,585,0.7216640114784241,5.2429,4.0836
deferred,4,3,586,0.7401279807090759,4.051,4.0465
deferred,4,3,587,2.699007987976074,4.0146,4.6817
deferred,4,3,588,0.8742079734802246,4.7655,5.0494
deferred,4,3,589,1.046239972114563,5.0973,4.4569
deferred,4,3,590,0.7370240092277527,4.3659,4.2677
deferred,4,3,591,2.390687942504883,4.2854,5.178
deferred,4,3,592,2.517632007598877,5.2157,4.6736
deferred,4,3,593,0.8804159760475159,4.6327,4.4458
deferred,4,3,594,0.8363519906997681,4.4032,4.2713
deferred,4,3,595,0.8119040131568909,4.3485,4.9441
deferred,4,3,596,0.8139520287513733,4.9324,4.9315
deferred,4,3,597,1.253119945526123,4.9021,4.9252
deferred,4,3,598,0.8097599744796753,4.9292,4.3871
deferred,4,3,599,0.8456000089645386,4.4044,4.3557
deferred,4,3,600,1.431488037109375,4.4127,4.6582
deferred,4,3,601,0.8321920037269592,4.609,5.0381
deferred,4,3,602,1.1987839937210083,5.0333,4.6207
deferred,4,3,603,1.3444160223007202,4.63,4.5711
deferred,4,3,604,0.8395839929580688,4.5636,4.5004
deferred,4,3,605,0.8292480111122131,4.4689,4.6319
deferred,4,3,606,3.033888101577759,4.7201,5.1587
deferred,4,3,607,3.11680006980896,5.1304,5.2833
deferred,4,3,608,1.9495359659194946,5.3236,5.3065
deferred,4,3,609,1.158911943435669,5.2209,4.7202
deferred,4,3,610,2.511712074279785,4.7507,4.3023
deferred,4,3,611,1.2089600563049316,4.2831,4.2597
deferred,4,3,612,0.8252480030059814,4.2182,4.8876
deferred,4,3,613,0.8314560055732727,4.9732,4.6632
deferred,4,3,614,0.8107839822769165,4.6097,4.5532
deferred,4,3,615,0.8261439800262451,4.55,4.9802
deferred,4,3,616,0.8128640055656433,4.9822,5.2396
deferred,4,3,617,0.8180480003356934,5.2672,4.8534
deferred,4,3,618,0.8446080088615417,4.8227,4.9486
deferred,4,3,619,0.8271679878234863,4.9404,5.2558
deferred,4,3,620,0.8650559782981873,5.3,5.3623
deferred,4,3,621,0.8547520041465759,5.3594,5.0701
deferred,4,3,622,0.8293120265007019,5.165,5.7394
deferred,4,3,623,1.3053439855575562,5.6649,4.5523
deferred,4,3,624,1.115936040878296,4.5325,4.6592
deferred,4,3,625,0.8364480137825012,4.6004,3.9615
deferred,4,3,626,0.836031973361969,4.0067,4.5824
deferred,4,3,627,0.8856319785118103,4.5683,4.7667
deferred,4,3,628,1.2643519639968872,4.7528,4.3413
deferred,4,3,629,2.9140799045562744,4.3211,4.6368
deferred,4,3,630,1.8091200590133667,4.6393,4.5969
deferred,4,3,631,2.4553279876708984,4.6165,4.3395
deferred,4,3,632,0.9561280012130737,4.3114,4.1877
deferred,4,3,633,0.819104015827179,4.201,4.864
deferred,4,3,634,0.7665920257568359,4.8506,4.7626
deferred,4,3,635,0.7227200269699097,4.7977,4.4026
deferred,4,3,636,0.7512959837913513,4.37,4.2879
deferred,4,3,637,0.7360000014305115,4.2945,4.7459
deferred,4,3,638,0.7319039702415466,4.7761,4.2158
deferred,4,3,639,1.2735999822616577,4.1859,4.1509
deferred,4,3,640,0.7399680018424988,4.1542,4.0153
deferred,4,3,641,1.1166720390319824,3.9954,4.3331
deferred,4,3,642,0.7648000121116638,4.3643,4.0941
deferred,4,3,643,1.0913599729537964,4.0982,4.635
deferred,4,3,644,1.487615942955017,4.6459,4.7902
deferred,4,3,645,0.7278079986572266,4.7614,4.8725
deferred,4,3,646,0.7450559735298157,4.8834,4.6129
deferred,4,3,647,1.35862398147583,4.5957,3.7562
deferred,4,3,648,1.7498559951782227,3.729,4.3314
deferred,4,3,649,1.9648000001907349,4.4213,5.0845
deferred,4,3,650,2.8749759197235107,5.0681,4.4408
deferred,4,3,651,0.7278079986572266,4.3875,4.3562
deferred,4,3,652,0.7377279996871948,4.3422,4.5992
deferred,4,3,653,0.7799999713897705,4.6449,4.4376
deferred,4,3,654,0.731935977935791,4.4118,4.2205
deferred,4,3,655,1.6145919561386108,4.1894,4.6062
deferred,4,3,656,0.7402560114860535,4.7431,4.9941
deferred,4,3,657,0.7298240065574646,4.9575,4.1363
deferred,4,3,658,1.1517119407653809,4.0917,3.954
deferred,4,3,659,0.7380160093307495,3.8967,4.5655
deferred,4,3,660,2.72873592376709,4.6549,4.8618
deferred,4,3,661,0.7595199942588806,4.8414,4.5681
deferred,4,3,662,1.2397760152816772,4.5489,4.1635
deferred,4,3,663,0.7448639869689941,4.1616,5.0854
deferred,4,3,664,0.7360000014305115,5.1344,5.1198
deferred,4,3,665,0.7226560115814209,5.1034,4.3619
deferred,4,3,666,0.7707840204238892,4.2898,4.0952
deferred,4,3,667,2.116352081298828,4.1746,4.2895
deferred,4,3,668,0.9541440010070801,4.2532,3.9553
deferred,4,3,669,2.6980159282684326,3.9341,4.2306
deferred,4,3,670,0.745248019695282,4.2076,4.4259
deferred,4,3,671,1.2817599773406982,4.503,5.7181
deferred,4,3,672,0.729856014251709,5.8192,4.3241
deferred,4,3,673,1.0757440328598022,4.1638,3.9996
deferred,4,3,674,1.4630719423294067,4.0221,4.2681
deferred,4,3,675,0.7421759963035583,4.291,4.4805
deferred,4,3,676,1.0585600137710571,4.4586,3.9574
deferred,4,3,677,0.9663360118865967,3.9168,3.7426
deferred,4,3,678,0.7285119891166687,3.7873,4.4352
deferred,4,3,679,0.7484800219535828,4.4482,4.2017
deferred,4,3,680,0.7871040105819702,4.2039,4.5043
deferred,4,3,681,1.1856000423431396,4.4561,4.3431
deferred,4,3,682,1.664639949798584,4.3624,4.6942
deferred,4,3,683,0.7739199995994568,4.7293,4.688
deferred,4,3,684,1.6557120084762573,4.6291,4.3388
deferred,4,3,685,0.8055679798126221,4.3721,4.3739
deferred,4,3,686,2.915008068084717,4.444,5.1758
deferred,4,3,687,1.9730559587478638,5.1506,4.2082
deferred,4,3,688,1.1988799571990967,4.1321,4.1183
deferred,4,3,689,1.0510079860687256,4.2186,6.0534
deferred,4,3,690,2.5556800365448,6.1328,5.0582
deferred,4,3,691,0.7759360074996948,4.9056,4.1828
deferred,4,3,692,0.8319680094718933,4.2454,4.2285
deferred,4,3,693,0.8106880187988281,4.2263,5.0751
deferred,4,3,694,0.792352020740509,5.066,4.9766
deferred,4,3,695,1.040287971496582,4.9016,4.3476
deferred,4,3,696,1.1558400392532349,4.3786,4.1732
deferred,4,3,697,0.8169599771499634,4.2122,4.3151
deferred,4,3,698,2.6080639362335205,4.302,4.1825
deferred,4,3,699,3.771104097366333,4.1213,3.9883
deferred,4,3,700,1.0013439655303955,4.0087,5.1618
deferred,4,3,701,0.8466240167617798,5.2147,4.6816
deferred,4,3,702,0.807807981967926,4.6255,3.9411
deferred,4,3,703,1.1783679723739624,3.954,3.9476
deferred,4,3,704,2.5721919536590576,3.9582,4.4079
deferred,4,3,705,1.3975679874420166,4.3973,4.1348
deferred,4,3,706,1.048416018486023,4.107,3.8622
deferred,4,3,707,0.9582399725914001,3.8751,3.9535
deferred,4,3,708,1.080191969871521,4.0035,4.9192
deferred,4,3,709,0.7884160280227661,4.8897,4.6556
deferred,4,3,710,1.4711999893188477,4.6615,4.0063
deferred,4,3,711,2.9846720695495605,4.1026,4.6984
deferred,4,3,712,1.089408040046692,4.6361,4.9698
deferred,4,3,713,1.2490559816360474,4.9152,4.5232
deferred,4,3,714,1.2273279428482056,4.5283,4.2985
deferred,4,3,715,2.0959041118621826,4.2961,4.5682
deferred,4,3,716,1.2447359561920166,4.6156,4.8936
deferred,4,3,717,1.1681599617004395,4.8388,4.4726
deferred,4,3,718,0.8258879780769348,4.4803,4.4494
deferred,4,3,719,0.8036479949951172,4.5494,4.8881
deferred,4,3,720,0.800544023513794,4.7696,4.4233
forward,4,3,121,0.5885440111160278,4.095,3.823
forward,4,3,122,0.5875200033187866,3.7938,3.7655
forward,4,3,123,1.0185600519180298,3.794,4.3048
forward,4,3,124,0.7226560115814209,4.3438,4.4401
forward,4,3,125,2.084575891494751,4.4167,3.9735
forward,4,3,126,0.7585279941558838,3.9547,3.8451
forward,4,3,127,0.7994239926338196,3.8199,3.6603
forward,4,3,128,0.9807040095329285,3.6831,4.2972
forward,4,3,129,1.5469759702682495,4.3439,3.9637
forward,4,3,130,0.6274880170822144,3.9114,3.746
forward,4,3,131,0.9336000084877014,3.7054,3.6669
forward,4,3,132,0.8086720108985901,3.7192,4.5349
forward,4,3,133,0.5946879982948303,4.5852,4.1379
forward,4,3,134,0.8803840279579163,4.1145,3.7131
forward,4,3,135,0.7861440181732178,3.6339,3.5759
forward,4,3,136,0.6079999804496765,3.6053,4.3744
forward,4,3,137,0.5905920267105103,4.4405,4.1139
forward,4,3,138,1.0821759700775146,4.0435,3.8857
forward,4,3,139,2.0024960041046143,3.9064,3.7131
forward,4,3,140,0.7636160254478455,3.7089,4.2789
forward,4,3,141,0.5967360138893127,4.2809,3.9871
forward,4,3,142,0.599776029586792,3.9507,3.5494
forward,4,3,143,1.0667519569396973,3.5734,3.5522
forward,4,3,144,0.7655680179595947,3.5885,3.883
forward,4,3,145,0.6151360273361206,3.8856,4.3936
forward,4,3,146,0.5987520217895508,4.3748,4.4934
forward,4,3,147,0.6181759834289551,4.4907,3.9513
forward,4,3,148,1.0790719985961914,3.9442,4.4052
forward,4,3,149,0.8373439908027649,4.4065,4.5227
forward,4,3,150,2.0139200687408447,4.5359,3.9316
forward,4,3,151,0.8025280237197876,3.9194,3.7065
forward,4,3,152,0.7677440047264099,3.6781,3.8332
forward,4,3,153,1.585919976234436,3.8545,4.4454
forward,4,3,154,0.6326079964637756,4.5276,3.9738
forward,4,3,155,0.5957120060920715,3.9349,3.7881
forward,4,3,156,0.7717120051383972,3.7315,3.94
forward,4,3,157,1.2817920446395874,4.0062,4.3822
forward,4,3,158,0.6018239855766296,4.3783,4.2775
forward,4,3,159,0.5885440111160278,4.2609,3.7609
forward,4,3,160,0.6222720146179199,3.7312,3.8234
forward,4,3,161,0.6530560255050659,3.8755,4.5059
forward,4,3,162,0.5987840294837952,4.4815,3.9662
forward,4,3,163,0.8557760119438171,3.9207,4.0546
forward,4,3,164,0.5926399827003479,4.0976,3.8525
forward,4,3,165,0.7574399709701538,3.8716,4.3513
forward,4,3,166,2.178783893585205,4.3538,3.9823
forward,4,3,167,0.6049280166625977,3.9419,3.8014
forward,4,3,168,0.8977919816970825,3.7777,3.4648
forward,4,3,169,1.2162879705429077,3.4692,3.7884
forward,4,3,170,1.9587839841842651,3.8738,4.875
forward,4,3,171,2.3642239570617676,4.8124,4.0457
forward,4,3,172,0.8814399838447571,4.1039,3.8316
forward,4,3,173,0.9724479913711548,3.7933,4.1859
forward,4,3,174,1.8041280508041382,4.1773,4.0015
forward,4,3,175,1.9791680574417114,4.0172,3.9057
forward,4,3,176,0.6776319742202759,3.8632,3.7908
forward,4,3,177,0.68367999792099,3.8009,3.8961
forward,4,3,178,0.6828479766845703,3.8942,4.212
forward,4,3,179,1.2356799840927124,4.4269,4.1541
forward,4,3,180,2.4492480754852295,3.9439,3.7731
forward,4,3,181,0.684607982635498,3.7386,4.3344
forward,4,3,182,0.7278720140457153,4.421,4.728
forward,4,3,183,0.6806079745292664,4.7582,4.2806
forward,4,3,184,1.0606399774551392,4.2092,3.8925
forward,4,3,185,1.7935680150985718,3.8725,3.9841
forward,4,3,186,1.2510720491409302,4.0242,4.0098
forward,4,3,187,1.056607961654663,3.9993,3.9352
forward,4,3,188,0.9040319919586182,3.8921,3.7874
forward,4,3,189,0.6766080260276794,3.7734,3.8516
forward,4,3,190,1.3187199831008911,3.9039,4.0465
forward,4,3,191,2.096031904220581,4.0428,3.8802
forward,4,3,192,0.674560010433197,3.8303,3.5969
forward,4,3,193,1.0351359844207764,3.6207,3.6163
forward,4,3,194,3.268224000930786,3.6145,3.8233
forward,4,3,195,1.216256022453308,3.8976,4.2077
forward,4,3,196,0.6685439944267273,4.134,3.7692
forward,4,3,197,0.8598719835281372,3.7717,3.5713
forward,4,3,198,1.1128640174865723,3.5769,3.9056
forward,4,3,199,1.1056640148162842,3.9249,4.4418
forward,4,3,200,1.2214080095291138,4.462,4.2673
forward,4,3,201,1.026911973953247,4.2726,3.8355
forward,4,3,202,1.619871973991394,3.7829,4.0253
forward,4,3,203,0.9417920112609863,4.0085,4.3163
forward,4,3,204,1.0032960176467896,4.3785,3.7785
forward,4,3,205,1.1425600051879883,3.7389,3.5556
forward,4,3,206,1.0493439435958862,3.5623,3.5424
forward,4,3,207,1.4680639505386353,3.5444,4.1507
forward,4,3,208,0.6950719952583313,4.2655,5.582
forward,4,3,209,0.6704639792442322,5.4801,3.6768
forward,4,3,210,0.6950399875640869,3.6578,3.6655
forward,4,3,211,0.9254080057144165,3.6973,4.0252
forward,4,3,212,0.674560010433197,4.0362,3.7578
forward,4,3,213,0.6705920100212097,3.7086,3.5253
forward,4,3,214,1.3525760173797607,3.4887,3.4481
forward,4,3,215,0.6950079798698425,3.4975,3.789
forward,4,3,216,2.4020800590515137,3.8201,4.6865
forward,4,3,217,0.6633920073509216,4.7073,3.8077
forward,4,3,218,1.028831958770752,3.7439,3.6021
forward,4,3,219,0.6735680103302002,3.6361,4.0268
forward,4,3,220,0.6756799817085266,4.0266,4.0752
forward,4,3,221,0.6684479713439941,4.0286,3.8084
forward,4,3,222,0.8353599905967712,3.8539,3.6035
forward,4,3,223,0.8752319812774658,3.6079,4.1375
forward,4,3,224,2.1644480228424072,4.1604,4.4171
forward,4,3,225,0.6652479767799377,4.3744,3.9368
forward,4,3,226,0.7003200054168701,3.9345,3.5976
forward,4,3,227,0.7063040137290955,3.5643,3.8187
forward,4,3,228,1.1620160341262817,3.8511,4.5406
forward,4,3,229,2.244352102279663,4.5914,4.1386
forward,4,3,230,0.6714879870414734,4.1295,3.8588
forward,4,3,231,0.6878399848937988,3.7938,4.3902
forward,4,3,232,0.9409279823303223,4.4199,5.0294
forward,4,3,233,0.6653760075569153,5.0661,3.9594
forward,4,3,234,1.0616639852523804,3.9449,3.5757
forward,4,3,235,0.672544002532959,3.4952,3.5051
forward,4,3,236,0.6716160178184509,3.5778,3.9807
forward,4,3,237,0.7042880058288574,3.9581,3.9351
forward,4,3,238,1.0597120523452759,3.9613,3.6394
forward,4,3,239,0.8067520260810852,3.5644,3.475
forward,4,3,240,1.4150079488754272,3.5089,4.1842
forward,4,3,241,0.6704319715499878,4.2232,3.9179
forward,4,3,242,1.3278720378875732,3.8938,3.5997
forward,4,3,243,2.5567679405212402,3.5698,3.4649
forward,4,3,244,0.6817600131034851,3.4898,3.7405
forward,4,3,245,0.6785600185394287,3.8062,4.1417
forward,4,3,246,0.9439039826393127,4.0619,3.7557
forward,4,3,247,2.345855951309204,3.7718,3.5285
forward,4,3,248,0.8578879833221436,3.5327,3.8114
forward,4,3,249,1.8358720541000366,3.8342,4.3525
forward,4,3,250,0.9551039934158325,4.337,4.1108
forward,4,3,251,0.9479039907455444,4.1415,3.8594
forward,4,3,252,2.3896639347076416,3.8065,3.5295
forward,4,3,253,0.6775360107421875,3.5517,3.8386
forward,4,3,254,0.6786559820175171,3.8484,4.0029
forward,4,3,255,0.9152320027351379,4.0421,3.6349
forward,4,3,256,2.755295991897583,3.5701,3.8304
forward,4,3,257,0.6857280135154724,3.8479,4.1826
forward,4,3,258,1.0945279598236084,4.2268,6.0124
forward,4,3,259,0.6777600049972534,6.0462,3.971
forward,4,3,260,0.866208016872406,3.882,3.8345
forward,4,3,261,0.8845760226249695,3.8055,4.2403
forward,4,3,262,1.170143961906433,4.4147,4.2522
forward,4,3,263,0.9317119717597961,4.1053,4.0996
forward,4,3,264,0.8580160140991211,4.0891,3.6435
forward,4,3,265,0.8550080060958862,3.6401,4.2501
forward,4,3,266,0.6869120001792908,4.2757,5.3593
forward,4,3,267,0.6755840182304382,5.4677,4.0332
forward,4,3,268,1.449728012084961,3.8867,3.8615
forward,4,3,269,1.7344319820404053,3.8809,4.0555
forward,4,3,270,1.2367039918899536,4.1077,4.7801
forward,4,3,271,0.6838080286979675,4.7271,3.8323
forward,4,3,272,0.8711680173873901,3.8257,3.5873
forward,4,3,273,1.0810879468917847,3.5757,4.437
forward,4,3,274,0.7022719979286194,4.5276,4.6102
forward,4,3,275,0.8373439908027649,4.5912,4.1686
forward,4,3,276,2.608959913253784,4.1354,3.8364
forward,4,3,277,0.8538879752159119,3.8514,4.3712
forward,4,3,278,0.6827520132064819,4.3958,4.7025
forward,4,3,279,0.6675199866294861,4.6975,3.9312
forward,4,3,280,1.4456640481948853,3.8809,3.9741
forward,4,3,281,1.9946240186691284,3.9913,4.4279
forward,4,3,282,1.222432017326355,4.4565,4.1696
forward,4,3,283,0.6848000288009644,4.154,3.8512
forward,4,3,284,1.074944019317627,3.8021,3.6795
forward,4,3,285,0.6704639792442322,3.6994,4.1189
forward,4,3,286,1.5152959823608398,4.1374,4.3702
forward,4,3,287,2.0988481044769287,4.3687,3.82
forward,4,3,288,0.6755840182304382,3.7942,3.5113
forward,4,3,289,0.6940159797668457,3.4636,3.74
forward,4,3,290,1.7713279724121094,3.8855,4.076
forward,4,3,291,1.2266240119934082,4.0101,3.9057
forward,4,3,292,0.6745920181274414,3.8995,3.6791
forward,4,3,293,1.3452479839324951,3.6148,3.7465
forward,4,3,294,1.886080026626587,3.824,4.2008
forward,4,3,295,0.9286080002784729,4.201,4.1391
forward,4,3,296,2.352799892425537,4.1337,3.6722
forward,4,3,297,1.263424038887024,3.6443,3.4529
forward,4,3,298,0.8711360096931458,3.4403,3.9977
forward,4,3,299,1.5161919593811035,4.0565,4.1168
forward,4,3,300,1.3371520042419434,4.0612,3.7992
forward,4,3,301,0.7013120055198669,3.8229,3.7897
forward,4,3,302,0.8803200125694275,3.7964,4.2804
forward,4,3,303,0.6735360026359558,4.318,4.7459
forward,4,3,304,0.6716160178184509,4.6951,3.8334
forward,4,3,305,1.228543996810913,3.8173,3.7379
forward,4,3,306,0.7023360133171082,3.7288,3.5665
forward,4,3,307,0.6716160178184509,3.5956,4.1093
forward,4,3,308,0.677727997303009,4.1276,3.9089
forward,4,3,309,1.227455973625183,3.8794,3.7791
forward,4,3,310,0.6807039976119995,3.7897,3.6106
forward,4,3,311,0.6643519997596741,3.573,4.1924
forward,4,3,312,0.7134079933166504,4.2752,3.9911
forward,4,3,313,0.8588160276412964,3.9775,3.6098
forward,4,3,314,0.9950720071792603,3.5336,3.4925
forward,4,3,315,0.8588799834251404,3.5898,4.3608
forward,4,3,316,0.6683200001716614,4.4176,4.1703
forward,4,3,317,0.6387519836425781,4.1004,3.8114
forward,4,3,318,1.4814720153808594,3.7323,3.5863
forward,4,3,319,0.8219839930534363,3.6704,3.7261
forward,4,3,320,0.8291199803352356,3.7072,5.9612
forward,4,3,321,0.8630719780921936,5.9617,3.9638
forward,4,3,322,1.2080320119857788,3.9499,3.7614
forward,4,3,323,0.6571840047836304,3.736,4.1282
forward,4,3,324,0.641759991645813,4.3197,6.0723
forward,4,3,325,0.6110720038414001,5.9275,3.8665
forward,4,3,326,1.2212799787521362,3.8193,3.7231
forward,4,3,327,1.1476800441741943,3.8089,4.3241
forward,4,3,328,2.213536024093628,4.2772,4.2362
forward,4,3,329,0.6376960277557373,4.1977,3.7236
forward,4,3,330,1.0769599676132202,3.7424,3.7959
forward,4,3,331,1.326751947402954,3.7832,4.1683
forward,4,3,332,1.872607946395874,4.1645,3.8345
forward,4,3,333,0.6276159882545471,3.8465,3.6846
forward,4,3,334,1.0145280361175537,3.6411,3.5239
forward,4,3,335,1.2305279970169067,3.5821,3.9658
forward,4,3,336,1.4107840061187744,3.9354,3.9866
forward,4,3,337,0.6766080260276794,4.0157,3.7607
forward,4,3,338,0.6316480040550232,3.7197,3.5734
forward,4,3,339,1.2519680261611938,3.6074,3.4955
forward,4,3,340,1.4884799718856812,3.449,4.0569
forward,4,3,341,0.6766719818115234,4.1274,4.1314
forward,4,3,342,0.6387199759483337,4.089,3.8443
forward,4,3,343,1.012511968612671,3.8236,3.6874
forward,4,3,344,1.105631947517395,3.7104,3.7301
forward,4,3,345,1.9053759574890137,3.7821,4.7746
forward,4,3,346,0.6366400122642517,4.7554,3.7281
forward,4,3,347,0.9878399968147278,3.6451,3.5368
forward,4,3,348,1.6606719493865967,3.5748,4.3461
forward,4,3,349,0.7626559734344482,4.4168,4.1034
forward,4,3,350,2.2444798946380615,4.007,3.5604
forward,4,3,351,0.6326720118522644,3.5876,3.4852
forward,4,3,352,0.9970880150794983,3.5064,3.581
forward,4,3,353,1.0822080373764038,3.5594,4.285
forward,4,3,354,2.2985920906066895,4.2892,3.7627
forward,4,3,355,0.6366720199584961,3.7911,3.7229
forward,4,3,356,1.205024003982544,3.8157,3.9407
forward,4,3,357,1.326751947402954,3.818,4.1331
forward,4,3,358,0.8967679738998413,4.1949,4.1626
forward,4,3,359,0.6304960250854492,4.1221,3.6426
forward,4,3,360,0.9747200012207031,3.602,3.4652
forward,4,3,361,0.6304960250854492,3.4495,4.0874
forward,4,3,362,1.1046080589294434,4.1522,3.8795
forward,4,3,363,0.8856319785118103,3.8578,3.5917
forward,4,3,364,0.6387519836425781,3.5676,3.5787
forward,4,3,365,0.6509439945220947,3.5875,3.9077
forward,4,3,366,1.0994880199432373,3.9746,4.1709
forward,4,3,367,2.001568078994751,4.1718,3.8747
forward,4,3,368,0.6151360273361206,3.7929,3.5159
forward,4,3,369,1.0451840162277222,3.5309,3.5648
forward,4,3,370,1.0216959714889526,3.5681,4.0398
forward,4,3,371,1.1998399496078491,4.0777,3.9514
forward,4,3,372,0.6100479960441589,3.8957,3.692
forward,4,3,373,0.6120960116386414,3.7134,3.6313
forward,4,3,374,1.1139520406723022,3.6321,3.9405
forward,4,3,375,1.056480050086975,3.948,4.1719
forward,4,3,376,0.6846399903297424,4.18,3.7671
forward,4,3,377,0.5987840294837952,3.7374,3.6207
forward,4,3,378,1.1148159503936768,3.6626,3.7747
forward,4,3,379,1.2285120487213135,3.7097,3.9532
forward,4,3,380,1.7538559436798096,4.0301,3.8385
forward,4,3,381,0.6079679727554321,3.79,3.6609
forward,4,3,382,0.9325439929962158,3.6667,3.8575
forward,4,3,383,1.0359679460525513,3.8297,4.1207
forward,4,3,384,1.0052800178527832,4.1941,4.0392
forward,4,3,385,0.604960024356842,4.0099,3.6124
forward,4,3,386,0.6182399988174438,3.5562,3.4413
forward,4,3,387,1.03603196144104,3.4721,3.848
forward,4,3,388,2.2124478816986084,3.9031,4.0539
forward,4,3,389,0.6099839806556702,4.0211,3.6414
forward,4,3,390,0.6141440272331238,3.599,3.8294
forward,4,3,391,0.7615360021591187,3.8691,3.8082
forward,4,3,392,0.6181439757347107,3.8393,4.0853
forward,4,3,393,0.6028800010681152,4.0381,3.8955
forward,4,3,394,0.6008319854736328,3.9087,3.6877
forward,4,3,395,0.9232959747314453,3.6675,3.5619
forward,4,3,396,1.2100800275802612,3.5684,3.844
forward,4,3,397,0.601855993270874,3.8382,3.9279
forward,4,3,398,0.6048960089683533,3.9628,3.8067
forward,4,3,399,0.8271039724349976,3.7698,3.5535
forward,4,3,400,1.0461759567260742,3.5343,4.3328
forward,4,3,401,2.0425920486450195,4.4776,4.1551
forward,4,3,402,0.6018239855766296,4.0792,3.7766
forward,4,3,403,0.6006399989128113,3.7286,3.5331
forward,4,3,404,0.6222720146179199,3.5576,3.5412
forward,4,3,405,0.6592000126838684,3.5572,3.8278
forward,4,3,406,0.6007999777793884,3.8336,4.0245
forward,4,3,407,0.6069759726524353,3.9875,3.8272
forward,4,3,408,0.7441279888153076,3.793,3.4905
forward,4,3,409,0.6284800171852112,3.5291,3.8013
forward,4,3,410,0.6131200194358826,3.8512,4.097
forward,4,3,411,0.601855993270874,4.04,3.9228
forward,4,3,412,0.7790079712867737,3.9685,3.9179
forward,4,3,413,0.6201919913291931,3.8843,4.0565
forward,4,3,414,0.6386880278587341,4.1124,4.4804
forward,4,3,415,0.6018239855766296,4.4164,4.912
forward,4,3,416,0.9693760275840759,4.9317,3.72
forward,4,3,417,0.6201599836349487,3.6966,4.6075
forward,4,3,418,0.5925760269165039,4.6605,4.0789
forward,4,3,419,0.7268159985542297,4.0588,4.1679
forward,4,3,420,1.698464035987854,4.1738,4.121
forward,4,3,421,0.7216640114784241,4.1017,4.1097
forward,4,3,422,2.501408100128174,4.1116,4.4438
forward,4,3,423,0.7146559953689575,4.5429,4.2105
forward,4,3,424,1.4630719423294067,4.1123,3.9843
forward,4,3,425,0.8927680253982544,4.0062,4.4915
forward,4,3,426,1.8687039613723755,4.4913,4.7677
forward,4,3,427,1.0013760328292847,4.8126,4.7146
forward,4,3,428,1.3186559677124023,4.704,5.3786
forward,4,3,429,0.7237759828567505,5.3885,5.0407
forward,4,3,430,1.3218560218811035,5.0181,4.2578
forward,4,3,431,2.5239040851593018,4.2562,3.9788
forward,4,3,432,0.9276160001754761,3.9483,3.8728
forward,4,3,433,0.7162240147590637,3.8793,5.3486
forward,4,3,434,0.7238720059394836,5.4222,4.2027
forward,4,3,435,0.9102399945259094,4.1128,3.9764
forward,4,3,436,1.8120959997177124,3.9508,4.1876
forward,4,3,437,1.0023679733276367,4.2773,4.1608
forward,4,3,438,2.2331840991973877,4.1137,3.8657
forward,4,3,439,0.9460480213165283,3.852,3.7223
forward,4,3,440,0.9130880236625671,3.6723,4.5069
forward,4,3,441,0.7256960272789001,4.6333,4.6773
forward,4,3,442,0.7402560114860535,4.6215,4.0094
forward,4,3,443,1.6954560279846191,3.9607,3.8172
forward,4,3,444,0.7145919799804688,3.8515,3.8707
forward,4,3,445,0.729856014251709,4.0102,4.461
forward,4,3,446,0.7041280269622803,4.3119,3.9934
forward,4,3,447,0.9305920004844666,3.9605,3.638
forward,4,3,448,1.226464033126831,3.6653,4.0537
forward,4,3,449,2.273024082183838,4.1482,4.438
forward,4,3,450,1.1703039407730103,4.4087,4.5295
forward,4,3,451,0.94896000623703,4.451,3.7234
forward,4,3,452,0.731007993221283,3.7306,4.1975
forward,4,3,453,0.7245759963989258,4.2539,4.508
forward,4,3,454,0.7062720060348511,4.4606,4.4277
forward,4,3,455,1.6945279836654663,4.4174,3.9171
forward,4,3,456,0.7359359860420227,3.9246,4.0344
forward,4,3,457,1.002303957939148,4.0675,5.0815
forward,4,3,458,1.2674560546875,5.1463,4.8988
forward,4,3,459,0.9141759872436523,4.8374,4.1445
forward,4,3,460,1.5317120552062988,4.1156,4.1556
forward,4,3,461,0.7165759801864624,4.1316,4.0561
forward,4,3,462,1.0607359409332275,4.1029,3.831
forward,4,3,463,2.7584640979766846,3.8096,3.5854
forward,4,3,464,0.7156479954719543,3.5674,4.2526
forward,4,3,465,0.7064639925956726,4.2758,4.2392
forward,4,3,466,0.6735360026359558,4.2562,3.9749
forward,4,3,467,1.236799955368042,3.9954,3.7944
forward,4,3,468,0.7379840016365051,3.7421,3.6302
forward,4,3,469,0.686784029006958,3.6358,4.1994
forward,4,3,470,0.6798080205917358,4.2518,3.9986
forward,4,3,471,1.0658559799194336,4.0262,3.7253
forward,4,3,472,0.7103679776191711,3.6395,3.8878
forward,4,3,473,0.9602559804916382,3.9367,4.319
forward,4,3,474,0.6765440106391907,4.3123,4.1529
forward,4,3,475,0.6714879870414734,4.1159,3.8857
forward,4,3,476,0.679423987865448,3.8429,3.7406
forward,4,3,477,0.6795840263366699,3.799,4.1972
forward,4,3,478,0.91839998960495,4.1748,4.0342
forward,4,3,479,0.6744319796562195,3.9905,3.803
forward,4,3,480,0.8966079950332642,3.8513,4.6211
forward,4,3,481,0.9643840193748474,4.7107,4.9087
forward,4,3,482,0.6724479794502258,4.877,4.3491
forward,4,3,483,1.2419840097427368,4.2907,4.0051
forward,4,3,484,0.6837120056152344,4.0014,3.9233
forward,4,3,485,0.7237439751625061,3.9795,4.1516
forward,4,3,486,0.6889280080795288,4.1161,3.9494
forward,4,3,487,0.6725119948387146,3.912,3.6437
forward,4,3,488,0.6920639872550964,3.6629,4.0529
forward,4,3,489,0.6735039949417114,4.186,4.3653
forward,4,3,490,2.360192060470581,4.2563,4.5111
forward,4,3,491,0.674560010433197,4.6657,4.6667
forward,4,3,492,0.6909440159797668,4.5214,4.0871
forward,4,3,493,0.9510080218315125,4.1246,4.1602
forward,4,3,494,0.6787520051002502,4.0831,3.7628
forward,4,3,495,2.358016014099121,3.7719,3.4515
forward,4,3,496,1.067903995513916,3.4316,3.5413
forward,4,3,497,0.8486719727516174,3.5298,4.0551
forward,4,3,498,1.7753920555114746,4.1718,4.2113
forward,4,3,499,0.9407680034637451,4.1324,3.8863
forward,4,3,500,1.1393280029296875,3.8754,3.9481
forward,4,3,501,0.8834239840507507,3.9253,4.0805
forward,4,3,502,0.6817600131034851,4.1996,4.777
forward,4,3,503,0.6796159744262695,4.7389,4.1157
forward,4,3,504,1.077023983001709,4.1052,4.276
forward,4,3,505,1.1312320232391357,4.2274,4.6291
forward,4,3,506,1.5233919620513916,4.7388,4.3611
forward,4,3,507,0.9266560077667236,4.2716,3.8027
forward,4,3,508,1.0790079832077026,3.7433,3.7819
forward,4,3,509,1.431264042854309,3.8515,4.2739
forward,4,3,510,0.9552639722824097,4.2921,4.2886
forward,4,3,511,0.9388480186462402,4.3372,4.1093
forward,4,3,512,2.6201279163360596,4.0165,3.6083
forward,4,3,513,0.6756160259246826,3.585,4.0819
forward,4,3,514,0.6725119948387146,4.1313,4.0378
forward,4,3,515,0.7524160146713257,3.9832,3.6179
forward,4,3,516,3.1097919940948486,3.6335,3.4496
forward,4,3,517,1.1690560579299927,3.4609,3.4717
forward,4,3,518,2.102047920227051,3.4535,4.0959
forward,4,3,519,1.3812799453735352,4.1063,4.024
forward,4,3,520,2.536191940307617,4.0344,3.6838
forward,4,3,521,0.9737920165061951,3.6724,3.7013
forward,4,3,522,1.6196479797363281,3.6923,4.1522
forward,4,3,523,0.749343991279602,4.1623,4.0811
forward,4,3,524,1.1917439699172974,4.1092,3.8537
forward,4,3,525,2.945823907852173,3.8572,3.7911
forward,4,3,526,1.0157439708709717,3.7359,4.1109
forward,4,3,527,0.7586240172386169,4.1702,4.3611
forward,4,3,528,0.7555199861526489,4.3541,3.883
forward,4,3,529,1.7354240417480469,3.8544,3.6118
forward,4,3,530,0.7749119997024536,3.5865,3.5921
forward,4,3,531,0.761568009853363,3.6678,4.4108
forward,4,3,532,0.7452800273895264,4.3999,3.9369
forward,4,3,533,1.6596800088882446,3.8665,3.5734
forward,4,3,534,0.7636799812316895,3.6649,3.6954
forward,4,3,535,0.7718719840049744,3.6662,4.4641
forward,4,3,536,0.7565119862556458,4.4514,3.8876
forward,4,3,537,0.7565439939498901,3.8459,3.6969
forward,4,3,538,1.4642560482025146,3.7109,3.5151
forward,4,3,539,0.7575039863586426,3.5303,3.9157
forward,4,3,540,0.7575039863586426,3.9653,3.9346
forward,4,3,541,0.7441920042037964,3.8589,3.5191
forward,4,3,542,2.876192092895508,3.5321,3.3754
forward,4,3,543,1.1660480499267578,3.3671,3.6203
forward,4,3,544,0.7503679990768433,3.6065,4.0776
forward,4,3,545,1.2776960134506226,4.125,3.8665
forward,4,3,546,2.3763840198516846,3.8669,3.6327
forward,4,3,547,0.9604160189628601,3.6017,3.6052
forward,4,3,548,1.6299840211868286,3.5883,3.868
forward,4,3,549,0.7585920095443726,3.9316,4.0017
forward,4,3,550,1.6392320394515991,3.9767,3.6278
forward,4,3,551,0.7720000147819519,3.5854,3.4244
forward,4,3,552,0.757535994052887,3.4423,3.5845
forward,4,3,553,2.261823892593384,3.6098,4.0687
forward,4,3,554,1.5369600057601929,4.0728,4.0092
forward,4,3,555,0.7965760231018066,3.972,3.718
forward,4,3,556,1.161952018737793,3.7719,3.9577
forward,4,3,557,1.977120041847229,3.9905,4.3611
forward,4,3,558,1.1201599836349487,4.4007,3.8687
forward,4,3,559,2.6591999530792236,3.7345,3.644
forward,4,3,560,1.1958080530166626,3.7175,3.7328
forward,4,3,561,0.7667520046234131,3.7082,3.7285
forward,4,3,562,1.4661439657211304,3.6847,3.7177
forward,4,3,563,2.6641600131988525,3.7907,3.7102
forward,4,3,564,0.7667520046234131,3.7024,3.7847
forward,4,3,565,0.9439359903335571,3.7347,3.8759
forward,4,3,566,1.6952320337295532,3.8856,3.9554
forward,4,3,567,1.0473920106887817,3.9887,3.8164
forward,4,3,568,0.6869120001792908,3.7915,3.7523
forward,4,3,569,0.9948800206184387,3.7059,3.5439
forward,4,3,570,1.1155519485473633,3.5784,3.9248
forward,4,3,571,0.8230080008506775,3.944,3.7958
forward,4,3,572,0.6377279758453369,3.772,3.4437
forward,4,3,573,1.0113919973373413,3.4006,3.3646
forward,4,3,574,1.089184045791626,3.3976,3.8025
forward,4,3,575,2.1101760864257812,3.8653,4.0382
forward,4,3,576,0.62745600938797,4.0207,3.6759
forward,4,3,577,0.6366400122642517,3.617,3.3725
forward,4,3,578,0.669439971446991,3.3922,3.5628
forward,4,3,579,0.6418560147285461,3.6192,4.0672
forward,4,3,580,0.6388480067253113,4.0178,3.8422
forward,4,3,581,0.6388800144195557,3.891,3.7098
forward,4,3,582,1.4876480102539062,3.6539,3.5226
forward,4,3,583,0.6385279893875122,3.5585,4.0654
forward,4,3,584,0.6366720199584961,4.0509,4.2106
forward,4,3,585,0.6285120248794556,4.236,3.9831
forward,4,3,586,0.6501439809799194,3.9512,3.5394
forward,4,3,587,0.6500800251960754,3.4962,3.7733
forward,4,3,588,0.6951680183410645,3.8326,3.9853
forward,4,3,589,0.6398079991340637,3.9659,3.6435
forward,4,3,590,0.6448959708213806,3.684,3.595
forward,4,3,591,0.8291839957237244,3.5159,3.4085
forward,4,3,592,0.6284800171852112,3.4777,4.2809
forward,4,3,593,0.6295679807662964,4.296,4.3055
forward,4,3,594,0.6448959708213806,4.2677,4.0368
forward,4,3,595,1.0165760517120361,4.0324,3.5977
forward,4,3,596,0.8289279937744141,3.5958,4.2688
forward,4,3,597,0.8220160007476807,4.3427,4.6178
forward,4,3,598,0.6388800144195557,4.5352,3.7602
forward,4,3,599,1.0196479558944702,3.7675,3.5301
forward,4,3,600,1.0953600406646729,3.5522,4.2395
forward,4,3,601,0.9100800156593323,4.3049,4.3203
forward,4,3,602,2.1092801094055176,4.2195,3.6749
forward,4,3,603,0.6335679888725281,3.6976,3.6371
forward,4,3,604,0.6673920154571533,3.6077,3.6236
forward,4,3,605,1.0882560014724731,3.6221,3.7734
forward,4,3,606,0.648032009601593,3.8234,3.8247
forward,4,3,607,0.6264320015907288,3.7895,3.6759
forward,4,3,608,1.011423945426941,3.6717,3.5641
forward,4,3,609,0.9396479725837708,3.5885,3.9184
forward,4,3,610,1.1610560417175293,3.9911,4.0322
forward,4,3,611,0.6407679915428162,4.0122,4.0038
forward,4,3,612,0.6305279731750488,3.911,3.5709
forward,4,3,613,1.0851199626922607,3.5893,3.7283
forward,4,3,614,2.244352102279663,3.777,4.1725
forward,4,3,615,0.6182399988174438,4.1425,4.1037
forward,4,3,616,0.641759991645813,4.1103,3.6369
forward,4,3,617,0.9839360117912292,3.608,3.7047
forward,4,3,618,1.003391981124878,3.7356,4.0466
forward,4,3,619,1.161952018737793,4.055,4.3547
forward,4,3,620,0.6376640200614929,4.3146,3.6431
forward,4,3,621,0.9826880097389221,3.6467,3.6512
forward,4,3,622,1.2459839582443237,3.7283,3.943
forward,4,3,623,0.8250880241394043,3.8527,3.8627
forward,4,3,624,0.714464008808136,3.9048,3.6936
forward,4,3,625,1.0062719583511353,3.6554,3.5057
forward,4,3,626,1.106592059135437,3.5022,3.9198
forward,4,3,627,1.1415040493011475,3.9581,4.0579
forward,4,3,628,0.6325759887695312,4.0783,3.7499
forward,4,3,629,0.6541439890861511,3.7067,3.5626
forward,4,3,630,0.6561279892921448,3.5248,3.5315
forward,4,3,631,0.6376640200614929,3.5969,3.8549
forward,4,3,632,0.6407999992370605,3.8422,3.7007
forward,4,3,633,0.6664000153541565,3.7201,3.5806
forward,4,3,634,0.9561600089073181,3.514,3.3931
forward,4,3,635,0.657151997089386,3.4213,3.518
forward,4,3,636,0.6387519836425781,3.5269,4.1124
forward,4,3,637,0.6345919966697693,4.1707,3.9673
forward,4,3,638,1.0565760135650635,3.9145,3.5582
forward,4,3,639,0.6510720252990723,3.5948,3.6748
forward,4,3,640,0.6334720253944397,3.6457,3.9397
forward,4,3,641,0.6868799924850464,3.9089,3.7921
forward,4,3,642,0.9397760033607483,3.8073,3.4199
forward,4,3,643,0.6388800144195557,3.4054,3.3012
forward,4,3,644,0.6448320150375366,3.3344,3.5409
forward,4,3,645,1.2356159687042236,3.5389,3.9363
forward,4,3,646,2.2187840938568115,3.9548,3.7195
forward,4,3,647,0.6407679915428162,3.6897,3.6668
forward,4,3,648,0.8343999981880188,3.6453,3.7086
forward,4,3,649,1.737504005432129,3.7437,4.131
forward,4,3,650,1.0564160346984863,4.1427,3.9383
forward,4,3,651,0.6388480067253113,3.9214,3.7192
forward,4,3,652,1.0177279710769653,3.6664,3.4074
forward,4,3,653,1.063647985458374,3.4372,3.9699
forward,4,3,654,0.7882239818572998,4.0322,4.1396
forward,4,3,655,2.2258880138397217,4.1069,3.7797
forward,4,3,656,0.6275839805603027,3.7814,3.7208
forward,4,3,657,0.6755840182304382,3.688,3.618
forward,4,3,658,1.0974719524383545,3.6503,3.9446
forward,4,3,659,1.9965440034866333,3.9091,3.7719
forward,4,3,660,0.639743983745575,3.7887,3.5335
forward,4,3,661,1.054368019104004,3.5128,3.3928
forward,4,3,662,0.6570879817008972,3.3986,3.733
forward,4,3,663,1.154911994934082,3.7605,4.2181
forward,4,3,664,0.6438400149345398,4.2297,3.7449
forward,4,3,665,0.6295999884605408,3.7024,3.4083
forward,4,3,666,0.6612160205841064,3.3862,3.7413
forward,4,3,667,2.2412478923797607,3.8843,4.3176
forward,4,3,668,0.6407679915428162,4.2719,3.8164
forward,4,3,669,0.6315839886665344,3.7544,3.6599
forward,4,3,670,0.6541119813919067,3.6276,3.4604
forward,4,3,671,0.6366400122642517,3.5454,4.5661
forward,4,3,672,2.1328320503234863,4.5602,4.2684
forward,4,3,673,0.6787520051002502,4.1933,3.5693
forward,4,3,674,0.6919999718666077,3.6381,3.6164
forward,4,3,675,0.687936007976532,3.5739,3.7052
forward,4,3,676,0.9460480213165283,3.745,3.9567
forward,4,3,677,0.6858239769935608,3.8938,3.8232
forward,4,3,678,1.0892800092697144,3.8544,3.8216
forward,4,3,679,2.1420159339904785,3.828,4.0761
forward,4,3,680,2.407263994216919,4.1231,4.1942
forward,4,3,681,0.7063360214233398,4.1523,4.1045
forward,4,3,682,0.6878719925880432,4.1228,3.9481
forward,4,3,683,0.6941120028495789,3.9165,3.8059
forward,4,3,684,1.331936001777649,3.834,4.0189
forward,4,3,685,2.4020800590515137,4.0102,3.7926
forward,4,3,686,0.6837440133094788,3.7619,3.5233
forward,4,3,687,1.0605440139770508,3.5215,3.5202
forward,4,3,688,1.1722240447998047,3.5052,3.9659
forward,4,3,689,0.822048008441925,4.1579,5.5091
forward,4,3,690,2.2801918983459473,5.3796,3.711
forward,4,3,691,1.0565119981765747,3.6493,3.4796
forward,4,3,692,0.6889280080795288,3.5151,4.0928
forward,4,3,693,2.0006399154663086,4.1194,3.9062
forward,4,3,694,1.1128640174865723,3.8768,3.632
forward,4,3,695,0.6798400282859802,3.5961,3.4304
forward,4,3,696,0.8947200179100037,3.4336,3.528
forward,4,3,697,1.323904037475586,3.5647,4.0283
forward,4,3,698,2.393984079360962,4.041,3.8613
forward,4,3,699,0.672544002532959,3.8146,3.6897
forward,4,3,700,0.8262079954147339,3.7136,3.7877
forward,4,3,701,1.7876800298690796,3.8418,3.9764
forward,4,3,702,2.05295991897583,3.9152,3.869
forward,4,3,703,0.7175679802894592,3.8825,3.513
forward,4,3,704,1.0994880199432373,3.4826,3.3309
forward,4,3,705,1.1874879598617554,3.3347,3.6976
forward,4,3,706,2.2392001152038574,3.7449,3.9435
forward,4,3,707,0.6829119920730591,3.9587,3.733
forward,4,3,708,0.6971840262413025,3.6831,3.6436
forward,4,3,709,0.6816959977149963,3.621,3.5385
forward,4,3,710,0.6981440186500549,3.585,3.6844
forward,4,3,711,0.6817600131034851,3.79,4.0057
forward,4,3,712,0.6808639764785767,3.9244,3.6824
forward,4,3,713,1.040287971496582,3.6376,3.5506
forward,4,3,714,0.7082560062408447,3.5482,3.5544
forward,4,3,715,0.7156479954719543,3.5613,4.2088
forward,4,3,716,0.6798719763755798,4.2658,3.9948
forward,4,3,717,1.1087679862976074,3.9393,3.6132
forward,4,3,718,0.7022079825401306,3.603,3.4101
forward,4,3,719,0.6826879978179932,3.414,3.9791
forward,4,3,720,0.6858879923820496,3.9717,3.8073
forward-plus,4,3,121,1.6302720308303833,3.9886,3.9003
forward-plus,4,3,122,0.9196479916572571,3.9332,4.0181
forward-plus,4,3,123,2.3860158920288086,4.0668,4.3687
forward-plus,4,3,124,0.7260800004005432,4.3217,3.9411
forward-plus,4,3,125,0.9134719967842102,3.9323,3.6752
forward-plus,4,3,126,2.2488958835601807,3.6539,4.1804
forward-plus,4,3,127,1.3640320301055908,4.2631,4.331
forward-plus,4,3,128,2.828320026397705,4.2528,3.9528
forward-plus,4,3,129,0.7354239821434021,3.9727,3.8098
forward-plus,4,3,130,1.5637760162353516,3.7726,3.8139
forward-plus,4,3,131,1.5595200061798096,3.857,4.2215
forward-plus,4,3,132,0.897055983543396,4.1994,3.8522
forward-plus,4,3,133,2.038815975189209,3.8924,3.9311
forward-plus,4,3,134,0.6769279837608337,3.9316,4.0929
forward-plus,4,3,135,0.6594880223274231,4.0584,4.7641
forward-plus,4,3,136,0.6759039759635925,4.7909,4.0037
forward-plus,4,3,137,0.8089920282363892,3.9744,4.0763
forward-plus,4,3,138,1.0680639743804932,4.1418,4.7414
forward-plus,4,3,139,0.8991360068321228,4.7574,4.817
forward-plus,4,3,140,0.6851199865341187,4.7833,4.1099
forward-plus,4,3,141,0.6840959787368774,4.0881,4.2755
forward-plus,4,3,142,0.695360004901886,4.2548,4.2856
forward-plus,4,3,143,0.6717759966850281,4.3358,4.6829
forward-plus,4,3,144,1.096735954284668,4.6817,4.6348
forward-plus,4,3,145,0.9718080163002014,4.6214,4.4889
forward-plus,4,3,146,0.6707519888877869,4.4524,4.502
forward-plus,4,3,147,1.0568000078201294,4.5464,4.3958
forward-plus,4,3,148,0.8069440126419067,4.3666,3.998
forward-plus,4,3,149,0.8161919713020325,3.9731,3.7107
forward-plus,4,3,150,0.695743978023529,3.6833,4.8576
forward-plus,4,3,151,0.6591359972953796,4.9011,4.5045
forward-plus,4,3,152,0.6718080043792725,4.5106,4.6559
forward-plus,4,3,153,0.694271981716156,4.6075,4.6645
forward-plus,4,3,154,0.6738240122795105,4.7459,5.6288
forward-plus,4,3,155,0.6594880223274231,5.6321,4.9386
forward-plus,4,3,156,0.8520320057868958,4.9365,4.7142
forward-plus,4,3,157,0.725055992603302,4.6633,5.1646
forward-plus,4,3,158,0.6533439755439758,5.2347,5.2347
forward-plus,4,3,159,1.1347839832305908,5.173,4.6461
forward-plus,4,3,160,0.8694400191307068,4.6287,6.2194
forward-plus,4,3,161,1.9722880125045776,6.3431,5.6937
forward-plus,4,3,162,2.7023680210113525,5.6373,5.0228
forward-plus,4,3,163,0.8509759902954102,5.0036,5.1549
forward-plus,4,3,164,2.04803204536438,5.1803,4.5572
forward-plus,4,3,165,0.6512640118598938,4.5474,4.2172
forward-plus,4,3,166,0.855135977268219,4.1712,4.0331
forward-plus,4,3,167,0.6779199838638306,4.0498,4.6286
forward-plus,4,3,168,0.6615359783172607,4.6586,4.3116
forward-plus,4,3,169,1.2339839935302734,4.2776,4.2795
forward-plus,4,3,170,1.234976053237915,4.2897,4.2748
forward-plus,4,3,171,2.010143995285034,4.2672,4.5177
forward-plus,4,3,172,0.6625919938087463,4.5254,4.0551
forward-plus,4,3,173,0.8407359719276428,4.0206,4.0831
forward-plus,4,3,174,0.8499839901924133,4.1129,4.2999
forward-plus,4,3,175,1.586143970489502,4.2887,4.3546
forward-plus,4,3,176,0.7844799757003784,4.3783,4.2318
forward-plus,4,3,177,3.4059200286865234,4.2243,4.1776
forward-plus,4,3,178,0.7731840014457703,4.15,4.0834
forward-plus,4,3,179,0.7557439804077148,4.1737,4.4672
forward-plus,4,3,180,0.742464005947113,4.4102,4.1549
forward-plus,4,3,181,0.752672016620636,4.1171,3.782
forward-plus,4,3,182,1.0517120361328125,3.7518,4.112
forward-plus,4,3,183,0.7434880137443542,4.2301,4.3247
forward-plus,4,3,184,1.0466560125350952,4.2484,4.0886
forward-plus,4,3,185,0.7619199752807617,4.0839,3.9794
forward-plus,4,3,186,1.1602879762649536,3.9498,3.9977
forward-plus,4,3,187,2.3337600231170654,4.0376,4.4647
forward-plus,4,3,188,1.000607967376709,4.5175,4.0215
forward-plus,4,3,189,2.430016040802002,3.928,3.7256
forward-plus,4,3,190,0.9708799719810486,3.7272,4.0318
forward-plus,4,3,191,0.7619199752807617,4.0906,4.9745
forward-plus,4,3,192,0.7394239902496338,4.9804,4.2563
forward-plus,4,3,193,0.9042559862136841,4.1967,4.0501
forward-plus,4,3,194,1.2462719678878784,4.0613,3.9571
forward-plus,4,3,195,2.7004480361938477,4.0088,4.2404
forward-plus,4,3,196,0.7793279886245728,4.1804,4.212
forward-plus,4,3,197,0.7435839772224426,4.2388,4.0088
forward-plus,4,3,198,0.9677119851112366,3.9891,3.8123
forward-plus,4,3,199,1.716223955154419,3.8491,4.9145
forward-plus,4,3,200,1.2565120458602905,5.0085,4.2384
forward-plus,4,3,201,0.9329599738121033,4.1533,3.7959
forward-plus,4,3,202,0.7620480060577393,3.7436,3.715
forward-plus,4,3,203,1.2637120485305786,3.707,4.2965
forward-plus,4,3,204,0.9012479782104492,4.3954,4.4281
forward-plus,4,3,205,0.9390720129013062,4.3444,3.6844
forward-plus,4,3,206,0.9893760085105896,3.6728,3.9716
forward-plus,4,3,207,2.5508480072021484,4.0122,5.127
forward-plus,4,3,208,0.782368004322052,5.1796,3.9519
forward-plus,4,3,209,0.9349759817123413,3.8554,3.7762
forward-plus,4,3,210,0.9349120259284973,3.7816,4.0072
forward-plus,4,3,211,2.079807996749878,4.0306,4.3855
forward-plus,4,3,212,1.2554240226745605,4.4135,3.9653
forward-plus,4,3,213,0.7383679747581482,3.9306,3.6521
forward-plus,4,3,214,1.3087040185928345,3.6031,3.8016
forward-plus,4,3,215,2.115648031234741,3.8692,4.7457
forward-plus,4,3,216,0.8848639726638794,4.771,4.09
forward-plus,4,3,217,1.8125120401382446,4.0422,3.7881
forward-plus,4,3,218,1.358847975730896,3.7504,3.6332
forward-plus,4,3,219,0.9667840003967285,3.6714,4.1508
forward-plus,4,3,220,0.7629119753837585,4.1791,4.1012
forward-plus,4,3,221,0.9924160242080688,4.0576,3.9135
forward-plus,4,3,222,3.3025600910186768,3.931,4.0633
forward-plus,4,3,223,2.3664960861206055,4.1294,4.5209
forward-plus,4,3,224,1.0024640560150146,4.5783,4.6802
forward-plus,4,3,225,0.6738240122795105,4.5539,4.0493
forward-plus,4,3,226,1.3905919790267944,4.0509,4.0311
forward-plus,4,3,227,0.926751971244812,4.047,4.3513
forward-plus,4,3,228,0.8131840229034424,4.3661,4.0068
forward-plus,4,3,229,2.232480049133301,3.9554,3.9516
forward-plus,4,3,230,1.0783360004425049,4.0079,4.0214
forward-plus,4,3,231,0.6830719709396362,4.0,4.694
forward-plus,4,3,232,0.681119978427887,4.6865,4.0335
forward-plus,4,3,233,1.1295039653778076,4.0449,3.7695
forward-plus,4,3,234,1.572864055633545,3.7423,3.6204
forward-plus,4,3,235,1.5268160104751587,3.6149,3.9257
forward-plus,4,3,236,0.6871680021286011,3.9264,4.0694
forward-plus,4,3,237,0.6820160150527954,4.0916,3.85
forward-plus,4,3,238,2.113568067550659,3.842,3.7828
forward-plus,4,3,239,0.9196159839630127,3.7496,3.9121
forward-plus,4,3,240,0.697376012802124,3.976,4.3878
forward-plus,4,3,241,0.679967999458313,4.3819,4.0561
forward-plus,4,3,242,1.0393919944763184,4.0383,3.7494
forward-plus,4,3,243,0.879647970199585,3.7012,3.6959
forward-plus,4,3,244,0.882752001285553,3.7873,4.0777
forward-plus,4,3,245,0.7056000232696533,4.0825,4.1072
forward-plus,4,3,246,0.6851199865341187,4.0602,3.9745
forward-plus,4,3,247,1.3056000471115112,3.9273,3.634
forward-plus,4,3,248,1.806496024131775,3.713,4.0039
forward-plus,4,3,249,1.1817599534988403,4.0285,4.3901
forward-plus,4,3,250,0.6993920207023621,4.3139,4.1749
forward-plus,4,3,251,1.1724799871444702,4.2156,4.0788
forward-plus,4,3,252,0.7290880084037781,4.0567,4.3611
forward-plus,4,3,253,0.6800959706306458,4.4032,4.4608
forward-plus,4,3,254,1.2964160442352295,4.3907,3.7977
forward-plus,4,3,255,0.8663679957389832,3.8201,3.6579
forward-plus,4,3,256,0.7096959948539734,3.6447,4.2132
forward-plus,4,3,257,0.6830400228500366,4.2807,4.2857
forward-plus,4,3,258,0.8489279747009277,4.2598,3.8497
forward-plus,4,3,259,1.3354239463806152,3.8265,3.7583
forward-plus,4,3,260,1.6855039596557617,3.754,4.0159
forward-plus,4,3,261,0.6707519888877869,4.0155,4.1749
forward-plus,4,3,262,0.6810240149497986,4.1819,3.9589
forward-plus,4,3,263,1.1705280542373657,3.9526,3.8606
forward-plus,4,3,264,1.8821760416030884,3.8658,4.0496
forward-plus,4,3,265,1.2309119701385498,4.1016,4.3384
forward-plus,4,3,266,0.6840959787368774,4.3245,3.924
forward-plus,4,3,267,1.2359999418258667,3.9735,3.9659
forward-plus,4,3,268,2.152479887008667,3.8384,4.2324
forward-plus,4,3,269,0.8120959997177124,4.3464,4.4551
forward-plus,4,3,270,1.254464030265808,4.3738,4.099
forward-plus,4,3,271,1.3881280422210693,4.0967,4.4557
forward-plus,4,3,272,0.6666880249977112,4.4375,5.0724
forward-plus,4,3,273,2.698335886001587,5.1592,5.1884
forward-plus,4,3,274,2.8324480056762695,5.1304,4.7966
forward-plus,4,3,275,0.9677119851112366,4.798,5.0335
forward-plus,4,3,276,2.7168641090393066,5.191,5.2306
forward-plus,4,3,277,2.324512004852295,5.0944,4.6112
forward-plus,4,3,278,1.009727954864502,4.5817,4.9055
forward-plus,4,3,279,2.4637439250946045,4.9842,5.1849
forward-plus,4,3,280,0.7455360293388367,5.2136,4.5491
forward-plus,4,3,281,0.757856011390686,4.4767,3.8909
forward-plus,4,3,282,0.9535359740257263,3.8245,4.8813
forward-plus,4,3,283,0.7486400008201599,4.9645,4.4453
forward-plus,4,3,284,0.7311679720878601,4.4131,3.8936
forward-plus,4,3,285,3.239583969116211,3.861,3.5882
forward-plus,4,3,286,1.2093440294265747,3.5675,3.7669
forward-plus,4,3,287,0.7752000093460083,3.8033,4.8841
forward-plus,4,3,288,0.749567985534668,4.9532,4.3769
forward-plus,4,3,289,0.9288319945335388,4.3558,3.8619
forward-plus,4,3,290,1.0876799821853638,3.7804,4.001
forward-plus,4,3,291,0.9564800262451172,4.0704,4.1642
forward-plus,4,3,292,1.0434880256652832,4.1514,4.1419
forward-plus,4,3,293,0.7557759881019592,4.0869,3.8105
forward-plus,4,3,294,0.7629119753837585,3.8312,4.0034
forward-plus,4,3,295,2.1248319149017334,4.0312,4.4781
forward-plus,4,3,296,0.884768009185791,4.4955,4.0599
forward-plus,4,3,297,1.0558079481124878,3.9958,3.7276
forward-plus,4,3,298,1.1368000507354736,3.7655,3.6974
forward-plus,4,3,299,0.772159993648529,3.6757,4.2105
forward-plus,4,3,300,0.9279360175132751,4.2688,4.2621
forward-plus,4,3,301,1.3209919929504395,4.2349,3.8307
forward-plus,4,3,302,0.9728639721870422,3.8021,3.728
forward-plus,4,3,303,0.7526080012321472,3.7153,4.53
forward-plus,4,3,304,0.7434560060501099,4.5386,3.976
forward-plus,4,3,305,1.1090240478515625,4.0406,3.8278
forward-plus,4,3,306,1.1510720252990723,3.7698,3.7007
forward-plus,4,3,307,0.7455679774284363,3.6981,4.0855
forward-plus,4,3,308,0.7660160064697266,4.0786,4.1931
forward-plus,4,3,309,0.78438401222229,4.2231,3.7867
forward-plus,4,3,310,1.6886399984359741,3.755,3.593
forward-plus,4,3,311,0.7639359831809998,3.5667,3.6051
forward-plus,4,3,312,0.7660800218582153,3.6875,4.1731
forward-plus,4,3,313,0.7620480060577393,4.1495,4.2506
forward-plus,4,3,314,0.7517759799957275,4.2476,3.8085
forward-plus,4,3,315,0.7567999958992004,3.7998,3.6833
forward-plus,4,3,316,0.769216001033783,3.7219,4.0954
forward-plus,4,3,317,0.7425600290298462,4.0404,4.178
forward-plus,4,3,318,0.7711039781570435,4.1598,3.787
forward-plus,4,3,319,1.5830719470977783,3.8964,3.7301
forward-plus,4,3,320,0.7895039916038513,3.6379,4.1441
forward-plus,4,3,321,1.2125120162963867,4.216,4.4638
forward-plus,4,3,322,0.7588160037994385,4.4177,3.9219
forward-plus,4,3,323,1.1163519620895386,3.9061,3.8352
forward-plus,4,3,324,1.5975359678268433,3.8353,4.1176
forward-plus,4,3,325,1.3262079954147339,4.1453,4.1028
forward-plus,4,3,326,0.9954559803009033,4.0718,3.7133
forward-plus,4,3,327,1.170591950416565,3.7052,3.5878
forward-plus,4,3,328,0.7743039727210999,3.5896,4.06
forward-plus,4,3,329,2.1925439834594727,4.0949,4.4786
forward-plus,4,3,330,1.0588799715042114,4.486,4.0858
forward-plus,4,3,331,2.7996480464935303,4.0424,3.9346
forward-plus,4,3,332,0.974016010761261,3.9262,3.9921
forward-plus,4,3,333,0.7895680069923401,4.0355,4.5302
forward-plus,4,3,334,0.7506880164146423,4.5799,4.0212
forward-plus,4,3,335,2.052191972732544,3.9768,3.6367
forward-plus,4,3,336,1.0016000270843506,3.5727,3.9401
forward-plus,4,3,337,1.324064016342163,4.1474,4.7933
forward-plus,4,3,338,0.7260479927062988,4.7049,4.0527
forward-plus,4,3,339,0.7629119753837585,4.0478,3.8176
forward-plus,4,3,340,0.969760000705719,3.7567,3.7693
forward-plus,4,3,341,0.7415680289268494,3.8404,4.1477
forward-plus,4,3,342,2.355232000350952,4.1165,4.1639
forward-plus,4,3,343,0.7373120188713074,4.1724,3.9573
forward-plus,4,3,344,0.9319040179252625,3.8552,4.055
forward-plus,4,3,345,1.6159039735794067,4.2084,4.5195
forward-plus,4,3,346,1.1941759586334229,4.4791,4.1018
forward-plus,4,3,347,2.9042561054229736,4.0053,4.0264
forward-plus,4,3,348,0.955456018447876,4.1131,3.9235
forward-plus,4,3,349,0.7967360019683838,3.859,4.2749
forward-plus,4,3,350,0.742464005947113,4.3066,4.035
forward-plus,4,3,351,1.951807975769043,3.9663,3.9994
forward-plus,4,3,352,0.982047975063324,4.0492,3.9859
forward-plus,4,3,353,2.6512959003448486,4.0877,5.0628
forward-plus,4,3,354,1.0200320482254028,5.0001,4.0715
forward-plus,4,3,355,0.9617279767990112,4.036,3.7946
forward-plus,4,3,356,0.9769279956817627,3.8446,3.8868
forward-plus,4,3,357,2.337984085083008,3.8422,4.2255
forward-plus,4,3,358,1.0170559883117676,4.2016,3.9044
forward-plus,4,3,359,0.7567999958992004,3.9062,3.7517
forward-plus,4,3,360,0.7752000093460083,3.7366,3.8649
forward-plus,4,3,361,0.7352960109710693,3.9339,4.4033
forward-plus,4,3,362,0.7413439750671387,4.3743,4.048
forward-plus,4,3,363,2.434112071990967,4.0444,3.7604
forward-plus,4,3,364,1.1685760021209717,3.7307,3.5872
forward-plus,4,3,365,0.9514880180358887,3.5504,3.9387
forward-plus,4,3,366,1.5718719959259033,4.0111,4.0873
forward-plus,4,3,367,1.0209920406341553,4.0781,3.9507
forward-plus,4,3,368,1.0179519653320312,3.9269,3.6417
forward-plus,4,3,369,0.9841279983520508,3.5935,3.8817
forward-plus,4,3,370,1.0669440031051636,4.0048,4.5267
forward-plus,4,3,371,0.7209600210189819,4.5049,4.1013
forward-plus,4,3,372,2.1330881118774414,4.03,3.7448
forward-plus,4,3,373,0.9625920057296753,3.7694,4.1001
forward-plus,4,3,374,0.7485759854316711,4.1396,4.5902
forward-plus,4,3,375,0.8386880159378052,4.6033,4.3094
forward-plus,4,3,376,0.8694400191307068,4.23,3.8087
forward-plus,4,3,377,1.0415040254592896,3.8431,4.3936
forward-plus,4,3,378,2.4074881076812744,4.4941,4.9147
forward-plus,4,3,379,0.899071991443634,4.8688,4.4881
forward-plus,4,3,380,1.3291840553283691,4.4327,4.5308
forward-plus,4,3,381,1.2155200242996216,4.5864,5.5721
forward-plus,4,3,382,0.7332479953765869,5.6875,5.7195
forward-plus,4,3,383,0.9371520280838013,5.5683,4.1848
forward-plus,4,3,384,1.7685120105743408,4.212,4.4869
forward-plus,4,3,385,1.7316800355911255,4.5528,5.1563
forward-plus,4,3,386,2.666559934616089,5.0998,4.5631
forward-plus,4,3,387,0.7517120242118835,4.5048,4.1279
forward-plus,4,3,388,0.7332159876823425,4.2006,4.4313
forward-plus,4,3,389,0.7311679720878601,4.4153,4.3859
forward-plus,4,3,390,0.7168319821357727,4.4007,4.2224
forward-plus,4,3,391,0.7465280294418335,4.1683,4.0827
forward-plus,4,3,392,5.3752641677856445,4.1065,4.3648
forward-plus,4,3,393,1.6276799440383911,4.3906,5.318
forward-plus,4,3,394,2.5129599571228027,5.2885,4.1179
forward-plus,4,3,395,2.212928056716919,4.1047,4.1489
forward-plus,4,3,396,0.7321599721908569,4.1838,4.4385
forward-plus,4,3,397,0.695360004901886,4.4185,4.1511
forward-plus,4,3,398,0.7148159742355347,4.0817,3.8521
forward-plus,4,3,399,1.3230719566345215,3.8902,4.0494
forward-plus,4,3,400,1.142848014831543,4.1675,4.6417
forward-plus,4,3,401,2.2354559898376465,4.546,4.1738
forward-plus,4,3,402,0.7149440050125122,4.1784,3.8782
forward-plus,4,3,403,0.7598720192909241,3.8431,4.1712
forward-plus,4,3,404,0.726144015789032,4.245,4.4979
forward-plus,4,3,405,0.9749119877815247,4.4313,4.0671
forward-plus,4,3,406,1.2545599937438965,4.0873,4.3487
forward-plus,4,3,407,0.7321919798851013,4.3672,4.2812
forward-plus,4,3,408,1.2011840343475342,4.232,4.6586
forward-plus,4,3,409,0.7178239822387695,4.7316,4.068
forward-plus,4,3,410,1.0916800498962402,3.9982,3.8237
forward-plus,4,3,411,2.432096004486084,3.823,4.2385
forward-plus,4,3,412,0.7311360239982605,4.2811,4.7363
forward-plus,4,3,413,1.3435200452804565,4.7416,4.7006
forward-plus,4,3,414,0.7271040081977844,4.7306,5.4858
forward-plus,4,3,415,1.6005760431289673,5.4884,4.598
forward-plus,4,3,416,1.4819200038909912,4.5318,4.1969
forward-plus,4,3,417,1.2956160306930542,4.1932,3.9575
forward-plus,4,3,418,1.1623040437698364,3.9428,3.7961
forward-plus,4,3,419,0.772159993648529,3.7688,4.0337
forward-plus,4,3,420,1.3486720323562622,4.0879,3.9106
forward-plus,4,3,421,2.4065918922424316,3.871,3.667
forward-plus,4,3,422,1.397887945175171,3.7028,3.5637
forward-plus,4,3,423,1.7797119617462158,3.5052,4.0887
forward-plus,4,3,424,0.7671359777450562,4.1639,4.2968
forward-plus,4,3,425,1.7594560384750366,4.2921,4.2512
forward-plus,4,3,426,1.9877439737319946,4.2129,3.8609
forward-plus,4,3,427,1.9139200448989868,3.876,4.0398
forward-plus,4,3,428,0.7793279886245728,4.0543,4.2689
forward-plus,4,3,429,0.7660160064697266,4.2629,3.8747
forward-plus,4,3,430,1.9517760276794434,3.8139,3.6895
forward-plus,4,3,431,1.114143967628479,3.7332,3.7483
forward-plus,4,3,432,1.0434880256652832,3.7503,4.5195
forward-plus,4,3,433,0.9667199850082397,4.5234,4.3485
forward-plus,4,3,434,0.9852160215377808,4.3447,3.7916
forward-plus,4,3,435,0.9904320240020752,3.7783,3.8586
forward-plus,4,3,436,1.308735966682434,3.8932,4.2474
forward-plus,4,3,437,0.7783039808273315,4.2411,4.2277
forward-plus,4,3,438,0.9687680006027222,4.2348,3.8946
forward-plus,4,3,439,0.9872000217437744,3.8482,3.7396
forward-plus,4,3,440,1.2882239818572998,3.8389,4.9026
forward-plus,4,3,441,1.0609279870986938,4.8762,4.3962
forward-plus,4,3,442,1.8268799781799316,4.3501,3.9634
forward-plus,4,3,443,1.046496033668518,3.9728,3.8944
forward-plus,4,3,444,0.807968020439148,3.864,4.4744
forward-plus,4,3,445,0.7845759987831116,4.6186,4.1508
forward-plus,4,3,446,0.7711039781570435,4.0191,3.6573
forward-plus,4,3,447,2.9163520336151123,3.6389,3.9682
forward-plus,4,3,448,1.4541120529174805,3.987,4.3875
forward-plus,4,3,449,0.81004798412323,4.4274,4.1855
forward-plus,4,3,450,0.7967039942741394,4.1461,3.877
forward-plus,4,3,451,2.2847039699554443,3.8628,3.8201
forward-plus,4,3,452,2.7772159576416016,3.8071,4.2904
forward-plus,4,3,453,1.0763839483261108,4.3519,3.9427
forward-plus,4,3,454,0.7793599963188171,3.9047,3.6793
forward-plus,4,3,455,1.5626879930496216,3.6413,3.7619
forward-plus,4,3,456,1.9180480241775513,3.8042,4.6911
forward-plus,4,3,457,1.59334397315979,4.7503,4.2272
forward-plus,4,3,458,2.871328115463257,4.1824,4.0119
forward-plus,4,3,459,1.3508479595184326,3.9549,3.6014
forward-plus,4,3,460,0.772159993648529,3.629,4.1522
forward-plus,4,3,461,0.755840003490448,4.1986,4.2362
forward-plus,4,3,462,1.3476159572601318,4.1821,3.7783
forward-plus,4,3,463,3.702847957611084,3.8441,3.8447
forward-plus,4,3,464,0.997439980506897,3.8171,4.2474
forward-plus,4,3,465,0.6704959869384766,4.2649,4.5248
forward-plus,4,3,466,0.6584640145301819,4.4816,3.8465
forward-plus,4,3,467,1.491968035697937,3.8977,3.9104
forward-plus,4,3,468,2.1616640090942383,3.8734,4.3962
forward-plus,4,3,469,1.763424038887024,4.4551,4.2186
forward-plus,4,3,470,0.6544960141181946,4.1493,3.92
forward-plus,4,3,471,1.1397759914398193,3.9706,3.7277
forward-plus,4,3,472,0.823360025882721,3.6774,4.1016
forward-plus,4,3,473,1.6056959629058838,4.1073,4.2635
forward-plus,4,3,474,2.016256093978882,4.2978,3.8888
forward-plus,4,3,475,0.6584320068359375,3.8464,3.6353
forward-plus,4,3,476,1.2564799785614014,3.6251,3.918
forward-plus,4,3,477,0.6656000018119812,3.9232,4.143
forward-plus,4,3,478,0.780351996421814,4.2185,3.923
forward-plus,4,3,479,2.4944961071014404,3.8458,3.7965
forward-plus,4,3,480,0.6738240122795105,3.7806,3.971
forward-plus,4,3,481,0.7118719816207886,4.0224,4.7547
forward-plus,4,3,482,0.6574400067329407,4.8328,4.2438
forward-plus,4,3,483,0.81004798412323,4.143,3.886
forward-plus,4,3,484,0.9933120012283325,3.846,3.6362
forward-plus,4,3,485,0.8284800052642822,3.6778,4.0565
forward-plus,4,3,486,0.696287989616394,4.0614,4.0894
forward-plus,4,3,487,0.6595199704170227,4.1027,3.8633
forward-plus,4,3,488,1.382464051246643,3.8015,3.7181
forward-plus,4,3,489,0.8254079818725586,3.8948,4.2808
forward-plus,4,3,490,0.9012799859046936,4.1799,4.2967
forward-plus,4,3,491,0.6973440051078796,4.236,3.7838
forward-plus,4,3,492,1.1519999504089355,3.81,3.8401
forward-plus,4,3,493,2.029599905014038,3.8339,4.2248
forward-plus,4,3,494,1.2227200269699097,4.2543,4.1616
forward-plus,4,3,495,0.6522560119628906,4.1571,3.8488
forward-plus,4,3,496,1.127392053604126,3.8176,3.7089
forward-plus,4,3,497,0.6759359836578369,3.7105,4.097
forward-plus,4,3,498,2.183232069015503,4.1178,4.2834
forward-plus,4,3,499,0.8141120076179504,4.3098,3.8616
forward-plus,4,3,500,0.8080000281333923,3.8181,3.7463
forward-plus,4,3,501,0.8468800187110901,3.7502,3.9468
forward-plus,4,3,502,0.9369919896125793,3.9379,4.2906
forward-plus,4,3,503,0.8161600232124329,4.3369,3.9396
forward-plus,4,3,504,1.0127999782562256,3.9034,3.6291
forward-plus,4,3,505,0.6789439916610718,3.6377,3.9259
forward-plus,4,3,506,0.6789759993553162,3.9088,4.2963
forward-plus,4,3,507,0.6574720144271851,4.3506,4.0811
forward-plus,4,3,508,1.2421760559082031,4.0403,3.7914
forward-plus,4,3,509,0.9790080189704895,3.748,3.6275
forward-plus,4,3,510,1.5759680271148682,3.6507,4.139
forward-plus,4,3,511,0.6543359756469727,4.2575,4.2413
forward-plus,4,3,512,0.6605119705200195,4.1493,3.8882
forward-plus,4,3,513,2.6501119136810303,3.848,3.724
forward-plus,4,3,514,0.834559977054596,3.749,3.7809
forward-plus,4,3,515,0.7518720030784607,3.8531,4.45
forward-plus,4,3,516,0.7588480114936829,4.4236,4.0417
forward-plus,4,3,517,1.2626559734344482,4.0042,4.8566
forward-plus,4,3,518,1.5831680297851562,4.9245,4.6579
forward-plus,4,3,519,0.957535982131958,4.6303,3.9364
forward-plus,4,3,520,2.9020159244537354,3.8595,3.6896
forward-plus,4,3,521,0.9033600091934204,3.7234,3.9833
forward-plus,4,3,522,0.7527999877929688,4.047,4.5087
forward-plus,4,3,523,0.7455360293388367,4.5438,4.7025
forward-plus,4,3,524,0.7434880137443542,4.5944,3.9611
forward-plus,4,3,525,1.4388480186462402,4.026,3.9466
forward-plus,4,3,526,0.7475519776344299,3.9104,4.2056
forward-plus,4,3,527,0.7977280020713806,4.1793,3.9888
forward-plus,4,3,528,0.7333760261535645,3.9974,3.7884
forward-plus,4,3,529,1.4981759786605835,3.7705,3.7536
forward-plus,4,3,530,1.68668794631958,3.7785,4.5172
forward-plus,4,3,531,1.0650240182876587,4.6304,4.7116
forward-plus,4,3,532,1.1317119598388672,4.6423,5.1518
forward-plus,4,3,533,2.2384960651397705,5.2429,4.5857
forward-plus,4,3,534,2.154655933380127,4.4439,4.1871
forward-plus,4,3,535,0.7322239875793457,4.2176,4.2674
forward-plus,4,3,536,0.7487040162086487,4.2313,3.8347
forward-plus,4,3,537,0.7455679774284363,3.8462,4.0538
forward-plus,4,3,538,2.5622079372406006,4.0437,4.2916
forward-plus,4,3,539,2.0429439544677734,4.3935,4.3975
forward-plus,4,3,540,2.8735039234161377,4.3116,4.0046
forward-plus,4,3,541,0.7844480276107788,4.0257,4.0707
forward-plus,4,3,542,0.7496320009231567,4.0367,4.5674
forward-plus,4,3,543,0.7505599856376648,4.6173,4.451
forward-plus,4,3,544,0.9431679844856262,4.4661,4.2803
forward-plus,4,3,545,1.6927039623260498,4.2007,4.5588
forward-plus,4,3,546,0.9011840224266052,4.6638,4.6513
forward-plus,4,3,547,1.801408052444458,4.5951,4.2406
forward-plus,4,3,548,1.4878720045089722,4.235,4.259
forward-plus,4,3,549,1.8587199449539185,4.2376,4.3082
forward-plus,4,3,550,0.7485759854316711,4.3517,4.4955
forward-plus,4,3,551,0.7434880137443542,4.4851,4.1635
forward-plus,4,3,552,1.5586880445480347,4.1279,4.1108
forward-plus,4,3,553,3.4069759845733643,4.1425,4.5271
forward-plus,4,3,554,1.0281280279159546,4.5962,4.6262
forward-plus,4,3,555,1.8063360452651978,4.6141,4.1828
forward-plus,4,3,556,1.322111964225769,4.0626,4.0222
forward-plus,4,3,557,0.75273597240448,4.0764,4.4858
forward-plus,4,3,558,0.9340479969978333,4.5079,4.2934
forward-plus,4,3,559,0.941215991973877,4.2756,3.9853
forward-plus,4,3,560,0.9626240134239197,3.9244,3.8857
forward-plus,4,3,561,1.412160038948059,3.9963,4.9808
forward-plus,4,3,562,1.4570560455322266,5.0444,4.8788
forward-plus,4,3,563,1.0537279844284058,4.7534,4.5327
forward-plus,4,3,564,1.3065279722213745,4.5704,4.3897
forward-plus,4,3,565,2.823103904724121,4.445,5.1732
forward-plus,4,3,566,0.8437759876251221,5.1869,4.1457
forward-plus,4,3,567,1.5841280221939087,4.004,3.8094
forward-plus,4,3,568,1.0782079696655273,3.8425,4.6996
forward-plus,4,3,569,1.7930560111999512,4.788,4.8175
forward-plus,4,3,570,1.163167953491211,4.7226,4.2735
forward-plus,4,3,571,2.2630720138549805,4.2807,4.3914
forward-plus,4,3,572,1.408959984779358,4.4626,4.8724
forward-plus,4,3,573,1.283136010169983,4.883,4.411
forward-plus,4,3,574,0.8469759821891785,4.3146,3.8984
forward-plus,4,3,575,1.3701119422912598,3.8993,4.0405
forward-plus,4,3,576,0.8438720107078552,4.1506,5.1569
forward-plus,4,3,577,0.8541120290756226,5.1655,4.4247
forward-plus,4,3,578,2.364351987838745,4.2955,4.0211
forward-plus,4,3,579,1.0711359977722168,4.0472,4.2914
forward-plus,4,3,580,1.6210240125656128,4.3465,4.4834
forward-plus,4,3,581,3.0781118869781494,4.4142,4.292
forward-plus,4,3,582,0.8447359800338745,4.3274,4.0144
forward-plus,4,3,583,1.098688006401062,3.9938,3.9959
forward-plus,4,3,584,0.8417279720306396,4.0365,4.9121
forward-plus,4,3,585,1.0260159969329834,4.8639,4.2619
forward-plus,4,3,586,2.947103977203369,4.2881,4.0488
forward-plus,4,3,587,3.1691200733184814,4.0111,4.2087
forward-plus,4,3,588,2.469791889190674,4.2018,4.7849
forward-plus,4,3,589,0.8530880212783813,4.8333,4.0729
forward-plus,4,3,590,1.29420804977417,4.0913,4.1859
forward-plus,4,3,591,0.8898559808731079,4.1769,5.6107
forward-plus,4,3,592,0.8621760010719299,5.6504,4.6633
forward-plus,4,3,593,1.074112057685852,4.6171,4.1948
forward-plus,4,3,594,0.8715199828147888,4.1713,4.3362
forward-plus,4,3,595,1.7857919931411743,4.3536,4.4783
forward-plus,4,3,596,1.2912960052490234,4.4302,3.9526
forward-plus,4,3,597,2.7739200592041016,3.9742,3.8665
forward-plus,4,3,598,1.3833279609680176,3.8483,3.8993
forward-plus,4,3,599,0.8488960266113281,3.8785,4.4202
forward-plus,4,3,600,0.8375359773635864,4.5619,4.301
forward-plus,4,3,601,2.166719913482666,4.2244,4.1042
forward-plus,4,3,602,1.1848640441894531,4.136,4.1696
forward-plus,4,3,603,0.8509759902954102,4.2875,4.5364
forward-plus,4,3,604,0.8702399730682373,4.4047,4.2712
forward-plus,4,3,605,0.8325759768486023,4.209,3.9063
forward-plus,4,3,606,1.8492480516433716,3.8737,3.6946
forward-plus,4,3,607,2.646912097930908,3.7257,5.0941
forward-plus,4,3,608,1.3323839902877808,5.2491,4.8112
forward-plus,4,3,609,2.3431038856506348,4.6802,4.1353
forward-plus,4,3,610,0.8510400056838989,4.1057,3.9028
forward-plus,4,3,611,0.7824320197105408,3.9884,4.3976
forward-plus,4,3,612,0.7599679827690125,4.3524,4.0228
forward-plus,4,3,613,1.136672019958496,3.9931,3.7394
forward-plus,4,3,614,1.2503360509872437,3.7019,4.0376
forward-plus,4,3,615,1.4767999649047852,4.1288,4.5225
forward-plus,4,3,616,0.7742400169372559,4.5263,4.3756
forward-plus,4,3,617,0.9555839896202087,4.3406,4.381
forward-plus,4,3,618,1.0067520141601562,4.4168,4.7501
forward-plus,4,3,619,0.7588480114936829,4.7764,4.7061
forward-plus,4,3,620,0.7476480007171631,4.6677,4.0657
forward-plus,4,3,621,1.306656002998352,4.0029,4.1232
forward-plus,4,3,622,2.662463903427124,4.1912,4.4897
forward-plus,4,3,623,0.7598720192909241,4.5936,4.5371
forward-plus,4,3,624,2.5141119956970215,4.3808,3.8726
forward-plus,4,3,625,0.7784960269927979,3.8884,3.6166
forward-plus,4,3,626,1.871999979019165,3.6069,5.0612
forward-plus,4,3,627,0.7844799757003784,5.1918,5.7792
forward-plus,4,3,628,0.7979199886322021,5.7299,4.4127
forward-plus,4,3,629,1.378335952758789,4.3313,3.9657
forward-plus,4,3,630,1.634335994720459,3.9885,5.0919
forward-plus,4,3,631,1.0700479745864868,5.1798,4.1459
forward-plus,4,3,632,2.2365760803222656,3.9969,3.8755
forward-plus,4,3,633,0.9779840111732483,3.926,4.5953
forward-plus,4,3,634,2.010240077972412,4.9569,6.6898
forward-plus,4,3,635,1.894592046737671,6.4119,4.243
forward-plus,4,3,636,1.3846080303192139,4.1455,4.4034
forward-plus,4,3,637,1.1715199947357178,4.4729,4.4493
forward-plus,4,3,638,0.8059200048446655,4.4233,4.0605
forward-plus,4,3,639,0.7536640167236328,3.9935,3.7709
forward-plus,4,3,640,1.971168041229248,3.789,3.9217
forward-plus,4,3,641,1.9314240217208862,3.924,4.4512
forward-plus,4,3,642,2.434112071990967,4.4655,4.2058
forward-plus,4,3,643,1.0486400127410889,4.2073,3.7797
forward-plus,4,3,644,0.7917439937591553,3.7825,3.9451
forward-plus,4,3,645,0.7618880271911621,3.9895,4.361
forward-plus,4,3,646,1.2607040405273438,4.2863,3.905
forward-plus,4,3,647,1.3835519552230835,3.9302,3.7069
forward-plus,4,3,648,1.1551040410995483,3.6844,3.7594
forward-plus,4,3,649,0.7659839987754822,3.7905,4.4184
forward-plus,4,3,650,0.7690879702568054,4.382,4.1916
forward-plus,4,3,651,1.1019519567489624,4.2637,3.8547
forward-plus,4,3,652,1.1828800439834595,3.7906,3.5484
forward-plus,4,3,653,1.582144021987915,3.5225,3.9022
forward-plus,4,3,654,0.8110399842262268,3.9815,4.3561
forward-plus,4,3,655,0.7466560006141663,4.3467,4.0602
forward-plus,4,3,656,1.44595205783844,4.0396,3.8701
forward-plus,4,3,657,0.7537279725074768,3.8235,3.8951
forward-plus,4,3,658,2.1627519130706787,3.9537,4.0235
forward-plus,4,3,659,0.7395200133323669,3.9981,3.9826
forward-plus,4,3,660,0.7291839718818665,3.9537,3.7655
forward-plus,4,3,661,1.0404800176620483,3.8338,3.783
forward-plus,4,3,662,0.7580159902572632,3.7794,4.1278
forward-plus,4,3,663,0.7434560060501099,4.0958,4.0241
forward-plus,4,3,664,0.7281919717788696,4.0405,4.0775
forward-plus,4,3,665,0.7239999771118164,4.0599,3.8709
forward-plus,4,3,666,2.394144058227539,3.9076,4.3968
forward-plus,4,3,667,1.5904639959335327,4.3753,4.203
forward-plus,4,3,668,0.7434560060501099,4.1864,4.035
forward-plus,4,3,669,0.7394880056381226,4.0714,4.0678
forward-plus,4,3,670,0.7548480033874512,4.1022,4.1553
forward-plus,4,3,671,0.9001280069351196,4.0607,4.1381
forward-plus,4,3,672,1.0895040035247803,4.1993,4.1232
forward-plus,4,3,673,1.087488055229187,4.0747,3.7521
forward-plus,4,3,674,0.7282559871673584,3.7606,3.8378
forward-plus,4,3,675,0.7363200187683105,3.8477,3.9121
forward-plus,4,3,676,1.3005759716033936,3.9122,4.0286
forward-plus,4,3,677,2.806879997253418,4.0175,3.8129
forward-plus,4,3,678,0.7465280294418335,3.7876,3.9576
forward-plus,4,3,679,0.7651200294494629,4.0004,4.6175
forward-plus,4,3,680,0.745631992816925,4.6658,4.397
forward-plus,4,3,681,1.3199679851531982,4.3559,4.483
forward-plus,4,3,682,1.0208959579467773,4.5115,4.7506
forward-plus,4,3,683,0.7374079823493958,4.7452,4.1477
forward-plus,4,3,684,2.0460801124572754,4.1216,3.997
forward-plus,4,3,685,0.7484800219535828,4.0348,4.1482
forward-plus,4,3,686,1.0568000078201294,4.0935,5.0568
forward-plus,4,3,687,0.7466560006141663,5.1134,4.3111
forward-plus,4,3,688,0.741536021232605,4.3175,4.0911
forward-plus,4,3,689,0.9319360256195068,3.991,4.0428
forward-plus,4,3,690,1.5863360166549683,4.1191,4.8554
forward-plus,4,3,691,0.976032018661499,4.8768,4.1797
forward-plus,4,3,692,3.5563840866088867,4.1168,3.9436
forward-plus,4,3,693,0.9688640236854553,3.9231,4.395
forward-plus,4,3,694,1.192031979560852,4.5008,5.6014
forward-plus,4,3,695,0.757856011390686,5.5769,4.0917
forward-plus,4,3,696,1.1633599996566772,3.9959,3.9824
forward-plus,4,3,697,1.3128000497817993,4.0418,4.8645
forward-plus,4,3,698,0.7599679827690125,4.9131,4.4916
forward-plus,4,3,699,0.726144015789032,4.4517,4.009
forward-plus,4,3,700,2.259104013442993,3.9397,4.058
forward-plus,4,3,701,1.2298239469528198,4.1914,5.2273
forward-plus,4,3,702,2.4217920303344727,5.1783,4.7062
forward-plus,4,3,703,3.3361918926239014,4.7219,4.4159
forward-plus,4,3,704,0.9371200203895569,4.3635,4.3186
forward-plus,4,3,705,0.7548159956932068,4.3438,4.4832
forward-plus,4,3,706,0.7466239929199219,4.4746,4.2694
forward-plus,4,3,707,0.7322239875793457,4.2292,3.7942
forward-plus,4,3,708,1.3405439853668213,3.8081,3.9944
forward-plus,4,3,709,2.2713279724121094,4.0747,4.318
forward-plus,4,3,710,0.7702080011367798,4.3801,4.0689
forward-plus,4,3,711,0.72816002368927,3.8876,3.8844
forward-plus,4,3,712,0.7516800165176392,3.917,3.9134
forward-plus,4,3,713,2.184256076812744,3.9441,4.1419
forward-plus,4,3,714,2.6573119163513184,4.0923,3.7363
forward-plus,4,3,715,0.7311679720878601,3.7564,3.7642
forward-plus,4,3,716,0.7557439804077148,3.7965,3.8294
forward-plus,4,3,717,2.824160099029541,3.7759,3.992
forward-plus,4,3,718,1.04966402053833,4.0311,4.1927
forward-plus,4,3,719,2.2590079307556152,4.2087,3.8258
forward-plus,4,3,720,0.9627199769020081,3.7725,3.6761
forward-plus,32,3,121,1.1777600049972534,4.538,4.442
forward-plus,32,3,122,0.8611840009689331,4.4629,4.1753
forward-plus,32,3,123,0.8806719779968262,4.1532,4.5078
forward-plus,32,3,124,2.592895984649658,4.5032,4.2127
forward-plus,32,3,125,1.125440001487732,4.2173,4.0585
forward-plus,32,3,126,0.8929920196533203,4.0334,3.7638
forward-plus,32,3,127,0.9011520147323608,3.7538,3.8333
forward-plus,32,3,128,1.7509759664535522,3.9191,4.7191
forward-plus,32,3,129,0.8786240220069885,4.69,4.1487
forward-plus,32,3,130,1.663167953491211,4.1179,4.1734
forward-plus,32,3,131,0.8900480270385742,4.1453,4.0714
forward-plus,32,3,132,2.612351894378662,4.1166,4.5335
forward-plus,32,3,133,0.917568027973175,4.5695,4.5597
forward-plus,32,3,134,1.310752034187317,4.563,4.0426
forward-plus,32,3,135,1.7081600427627563,3.9617,4.8899
forward-plus,32,3,136,0.8726400136947632,5.0276,4.9258
forward-plus,32,3,137,0.8736000061035156,4.8881,4.7963
forward-plus,32,3,138,1.2185920476913452,4.7878,4.3444
forward-plus,32,3,139,1.9456640481948853,4.2593,4.3776
forward-plus,32,3,140,1.1264959573745728,4.4629,4.6838
forward-plus,32,3,141,1.27401602268219,4.6513,4.1087
forward-plus,32,3,142,0.8397759795188904,4.0429,3.9521
forward-plus,32,3,143,2.8251519203186035,3.9989,4.5994
forward-plus,32,3,144,0.881663978099823,4.6161,4.6179
forward-plus,32,3,145,0.8888959884643555,4.6137,4.0418
forward-plus,32,3,146,1.3969279527664185,3.9764,3.9812
forward-plus,32,3,147,1.7121920585632324,4.0243,4.3335
forward-plus,32,3,148,3.1109440326690674,4.3437,4.2111
forward-plus,32,3,149,0.8663679957389832,4.173,3.9456
forward-plus,32,3,150,0.8704000115394592,3.9485,3.8698
forward-plus,32,3,151,1.9118080139160156,3.8867,4.2767
forward-plus,32,3,152,1.0456000566482544,4.3377,4.3363
forward-plus,32,3,153,1.1128000020980835,4.2612,5.4728
forward-plus,32,3,154,3.1035521030426025,5.5208,4.4554
forward-plus,32,3,155,1.1213760375976562,4.4586,4.2826
forward-plus,32,3,156,2.5468480587005615,4.2448,3.8243
forward-plus,32,3,157,1.2903679609298706,3.7738,3.7658
forward-plus,32,3,158,1.6702079772949219,3.8033,5.3482
forward-plus,32,3,159,0.8859519958496094,5.3919,4.4506
forward-plus,32,3,160,0.8654720187187195,4.4658,4.0076
forward-plus,32,3,161,1.2257920503616333,3.9544,3.7967
forward-plus,32,3,162,1.8853440284729004,3.794,4.3811
forward-plus,32,3,163,2.5478079319000244,4.4221,4.2588
forward-plus,32,3,164,0.8613759875297546,4.2032,3.8353
forward-plus,32,3,165,1.221824049949646,3.8502,3.8187
forward-plus,32,3,166,2.8816959857940674,3.815,4.3373
forward-plus,32,3,167,2.302079916000366,4.3476,4.2895
forward-plus,32,3,168,2.9880640506744385,4.3077,4.156
forward-plus,32,3,169,1.2831679582595825,4.1393,4.0164
forward-plus,32,3,170,1.7327680587768555,4.0104,4.9407
forward-plus,32,3,171,0.8837440013885498,4.9689,4.5833
forward-plus,32,3,172,0.8694720268249512,4.6064,4.0965
forward-plus,32,3,173,1.230944037437439,4.0357,3.8272
forward-plus,32,3,174,2.2130239009857178,3.8684,4.0089
forward-plus,32,3,175,1.8187520503997803,3.9847,4.3907
forward-plus,32,3,176,0.8971840143203735,4.4426,4.144
forward-plus,32,3,177,1.2278399467468262,4.0832,4.0594
forward-plus,32,3,178,0.889024019241333,4.0446,4.3571
forward-plus,32,3,179,0.858240008354187,4.4647,4.2398
forward-plus,32,3,180,1.2566399574279785,4.1425,3.8209
forward-plus,32,3,181,1.4192320108413696,3.7986,3.7027
forward-plus,32,3,182,2.167840003967285,3.7456,4.8118
forward-plus,32,3,183,0.9155200123786926,4.8658,4.6631
forward-plus,32,3,184,0.8765760064125061,4.6635,4.2869
forward-plus,32,3,185,1.2258559465408325,4.2097,4.2975
forward-plus,32,3,186,0.9051839709281921,4.3787,5.0964
forward-plus,32,3,187,0.8849599957466125,5.1156,4.8497
forward-plus,32,3,188,0.8991360068321228,4.7919,4.5241
forward-plus,32,3,189,2.6849920749664307,4.4755,4.6009
forward-plus,32,3,190,1.3211519718170166,4.7103,4.641
forward-plus,32,3,191,2.763808012008667,4.5872,4.2117
forward-plus,32,3,192,1.0630719661712646,4.1957,4.0718
forward-plus,32,3,193,1.6690560579299927,4.0321,4.2981
forward-plus,32,3,194,0.8714879751205444,4.349,4.3553
forward-plus,32,3,195,0.9052799940109253,4.3389,4.2001
forward-plus,32,3,196,1.2401280403137207,4.1929,4.1258
forward-plus,32,3,197,1.3865599632263184,4.1474,4.452
forward-plus,32,3,198,2.363424062728882,4.4827,4.477
forward-plus,32,3,199,0.9267200231552124,4.4406,3.9979
forward-plus,32,3,200,0.8806399703025818,3.9369,4.186
forward-plus,32,3,201,0.8838719725608826,4.3051,4.9056
forward-plus,32,3,202,0.8817279934883118,4.8923,4.7422
forward-plus,32,3,203,0.8756800293922424,4.679,4.073
forward-plus,32,3,204,1.204416036605835,4.073,4.1183
forward-plus,32,3,205,1.7225279808044434,4.2111,5.0457
forward-plus,32,3,206,1.1633599996566772,5.0306,4.6923
forward-plus,32,3,207,2.026560068130493,4.6206,4.78
forward-plus,32,3,208,1.2350720167160034,4.8292,4.8244
forward-plus,32,3,209,1.140768051147461,4.8356,4.815
forward-plus,32,3,210,2.7536959648132324,4.7925,4.695
forward-plus,32,3,211,0.9257280230522156,4.6733,4.955
forward-plus,32,3,212,1.3508800268173218,5.0115,5.2848
forward-plus,32,3,213,2.7341439723968506,5.2952,5.0832
forward-plus,32,3,214,2.96560001373291,5.0233,4.8302
forward-plus,32,3,215,1.0752320289611816,4.8969,5.1468
forward-plus,32,3,216,2.5609920024871826,5.1024,4.5844
forward-plus,32,3,217,2.079904079437256,4.6055,4.4415
forward-plus,32,3,218,1.0670720338821411,4.3602,4.64
forward-plus,32,3,219,0.882752001285553,4.6977,4.6545
forward-plus,32,3,220,0.884768009185791,4.638,4.3902
forward-plus,32,3,221,0.8776320219039917,4.3637,4.404
forward-plus,32,3,222,0.8687360286712646,4.4379,4.4796
forward-plus,32,3,223,1.1624319553375244,4.5204,4.67
forward-plus,32,3,224,0.8776640295982361,4.6364,4.7065
forward-plus,32,3,225,0.8694720268249512,4.6771,4.919
forward-plus,32,3,226,1.1653759479522705,4.9719,5.0278
forward-plus,32,3,227,1.052672028541565,5.0175,4.4992
forward-plus,32,3,228,1.2728320360183716,4.4368,4.5195
forward-plus,32,3,229,0.9105280041694641,4.606,4.4641
forward-plus,32,3,230,1.155135989189148,4.4543,4.6382
forward-plus,32,3,231,0.9043200016021729,4.623,4.52
forward-plus,32,3,232,0.8643199801445007,4.4847,4.6989
forward-plus,32,3,233,0.8888639807701111,4.7154,4.2001
forward-plus,32,3,234,0.8960959911346436,4.1759,3.9964
forward-plus,32,3,235,0.8633599877357483,3.9891,3.7849
forward-plus,32,3,236,0.897055983543396,3.7484,4.113
forward-plus,32,3,237,0.9247999787330627,4.2308,4.6504
forward-plus,32,3,238,0.8991680145263672,4.6398,5.283
forward-plus,32,3,239,0.9206399917602539,5.3028,5.0558
forward-plus,32,3,240,0.879647970199585,5.1136,4.8131
forward-plus,32,3,241,1.3059200048446655,4.7059,4.6228
forward-plus,32,3,242,1.0353599786758423,4.6168,4.5673
forward-plus,32,3,243,1.027232050895691,4.5508,4.9293
forward-plus,32,3,244,1.3332159519195557,4.9628,5.7207
forward-plus,32,3,245,1.0527679920196533,5.7652,4.6385
forward-plus,32,3,246,1.4919040203094482,4.5534,4.5419
forward-plus,32,3,247,1.0065280199050903,4.5947,4.799
forward-plus,32,3,248,1.3865280151367188,4.778,4.5566
forward-plus,32,3,249,1.022879958152771,4.5383,4.1097
forward-plus,32,3,250,1.4488639831542969,4.0493,4.4438
forward-plus,32,3,251,2.961344003677368,4.5037,4.6054
forward-plus,32,3,252,1.8678079843521118,4.6148,4.2013
forward-plus,32,3,253,1.7132480144500732,4.2038,4.5113
forward-plus,32,3,254,1.3743040561676025,4.4978,4.6308
forward-plus,32,3,255,1.0394879579544067,4.659,5.5991
forward-plus,32,3,256,3.3414080142974854,5.6469,4.8166
forward-plus,32,3,257,1.7736320495605469,4.7543,5.0806
forward-plus,32,3,258,1.007680058479309,5.2269,4.5328
forward-plus,32,3,259,1.0138239860534668,4.3566,4.2755
forward-plus,32,3,260,1.0045119524002075,4.2662,4.2912
forward-plus,32,3,261,2.8129279613494873,4.27,4.5775
forward-plus,32,3,262,1.3405439853668213,4.6496,5.2574
forward-plus,32,3,263,1.0598080158233643,5.2938,5.4597
forward-plus,32,3,264,1.0198400020599365,5.4482,6.2292
forward-plus,32,3,265,1.040287971496582,6.2168,4.4304
forward-plus,32,3,266,1.0465600490570068,4.4001,4.2969
forward-plus,32,3,267,1.7749119997024536,4.3333,4.3563
forward-plus,32,3,268,1.2216960191726685,4.2808,4.5185
forward-plus,32,3,269,3.7938239574432373,4.5732,4.3814
forward-plus,32,3,270,1.7992000579833984,4.3703,4.3431
forward-plus,32,3,271,3.708064079284668,4.3333,4.1192
forward-plus,32,3,272,1.8697279691696167,4.0604,3.8553
forward-plus,32,3,273,0.9963200092315674,3.909,4.3632
forward-plus,32,3,274,0.9973120093345642,4.3526,4.2295
forward-plus,32,3,275,2.645951986312866,4.2025,3.9428
forward-plus,32,3,276,3.6422719955444336,3.9648,4.251
forward-plus,32,3,277,1.2354559898376465,4.2721,5.2789
forward-plus,32,3,278,2.7933759689331055,5.2876,4.3606
forward-plus,32,3,279,2.567199945449829,4.2961,3.9652
forward-plus,32,3,280,1.0056960582733154,3.9937,4.4699
forward-plus,32,3,281,0.9932479858398438,4.4726,4.1099
forward-plus,32,3,282,1.0341440439224243,4.0671,3.7586
forward-plus,32,3,283,4.044703960418701,3.7822,3.9134
forward-plus,32,3,284,2.5160319805145264,3.9361,4.1728
forward-plus,32,3,285,1.4392319917678833,4.2286,5.0161
forward-plus,32,3,286,0.7772160172462463,4.9406,4.255
forward-plus,32,3,287,0.7833920121192932,4.2567,3.8721
forward-plus,32,3,288,0.8172159790992737,3.8581,4.2594
forward-plus,32,3,289,0.7813760042190552,4.3717,4.2921
forward-plus,32,3,290,0.9062719941139221,4.1895,3.9683
forward-plus,32,3,291,1.3292160034179688,3.9643,3.7482
forward-plus,32,3,292,0.8253440260887146,3.7481,4.5391
forward-plus,32,3,293,0.8008319735527039,4.5511,4.3877
forward-plus,32,3,294,0.8325759768486023,4.4165,4.118
forward-plus,32,3,295,1.4551359415054321,4.1219,3.787
forward-plus,32,3,296,0.8232319951057434,3.738,4.1634
forward-plus,32,3,297,1.0260800123214722,4.1943,4.275
forward-plus,32,3,298,0.7752320170402527,4.2725,4.0336
forward-plus,32,3,299,1.288159966468811,4.0103,3.9469
forward-plus,32,3,300,1.5462720394134521,3.927,4.3849
forward-plus,32,3,301,1.5503679513931274,4.4478,4.208
forward-plus,32,3,302,2.200608015060425,4.1714,3.8153
forward-plus,32,3,303,1.1755839586257935,3.8291,4.0832
forward-plus,32,3,304,1.691648006439209,4.0612,4.6965
forward-plus,32,3,305,0.7731519937515259,4.7865,4.2462
forward-plus,32,3,306,0.7731519937515259,4.2193,3.9534
forward-plus,32,3,307,1.394752025604248,3.8905,3.6549
forward-plus,32,3,308,0.8673279881477356,3.6305,3.8769
forward-plus,32,3,309,0.799776017665863,3.9565,4.7515
forward-plus,32,3,310,0.7670400142669678,4.7523,4.1504
forward-plus,32,3,311,0.7905920147895813,4.0665,3.6762
forward-plus,32,3,312,2.1340479850769043,3.74,4.0618
forward-plus,32,3,313,2.451456069946289,4.0808,4.5267
forward-plus,32,3,314,2.0777599811553955,4.5133,4.047
forward-plus,32,3,315,0.7742080092430115,3.9686,3.7223
forward-plus,32,3,316,0.8386880159378052,3.7478,4.0503
forward-plus,32,3,317,1.4008640050888062,4.1277,4.3573
forward-plus,32,3,318,0.9031999707221985,4.2762,4.0395
forward-plus,32,3,319,2.5815041065216064,4.0705,3.9865
forward-plus,32,3,320,0.8058559894561768,3.9669,3.9927
forward-plus,32,3,321,1.027135968208313,4.0097,4.3487
forward-plus,32,3,322,0.8110719919204712,4.3659,4.1291
forward-plus,32,3,323,0.9155200123786926,4.1149,3.775
forward-plus,32,3,324,0.8704320192337036,3.7548,3.9197
forward-plus,32,3,325,1.1489919424057007,3.9836,4.8575
forward-plus,32,3,326,0.7864639759063721,4.8463,4.4441
forward-plus,32,3,327,0.7741760015487671,4.4268,3.9569
forward-plus,32,3,328,0.8386880159378052,3.9235,3.9717
forward-plus,32,3,329,1.5319679975509644,3.994,4.5827
forward-plus,32,3,330,0.780351996421814,4.6009,4.1401
forward-plus,32,3,331,2.574496030807495,4.106,3.7269
forward-plus,32,3,332,0.8264319896697998,3.7136,3.9425
forward-plus,32,3,333,1.0179200172424316,3.9545,4.545
forward-plus,32,3,334,0.7598400115966797,4.6146,4.2876
forward-plus,32,3,335,1.573024034500122,4.2244,3.9503
forward-plus,32,3,336,0.8980479836463928,3.9231,4.1134
forward-plus,32,3,337,2.5590720176696777,4.21,4.6773
forward-plus,32,3,338,0.8601920008659363,4.647,4.1702
forward-plus,32,3,339,0.855072021484375,4.122,4.0563
forward-plus,32,3,340,0.8797760009765625,4.0457,4.5689
forward-plus,32,3,341,0.8756160140037537,4.6535,4.8752
forward-plus,32,3,342,1.5186560153961182,4.8538,4.158
forward-plus,32,3,343,1.5535680055618286,4.1501,3.935
forward-plus,32,3,344,0.8838080167770386,3.98,4.2413
forward-plus,32,3,345,1.1397759914398193,4.2006,4.2594
forward-plus,32,3,346,0.9237120151519775,4.2335,3.8784
forward-plus,32,3,347,0.8827840089797974,3.8263,3.6293
forward-plus,32,3,348,1.3763200044631958,3.654,3.8673
forward-plus,32,3,349,2.321471929550171,3.9235,4.7825
forward-plus,32,3,350,1.411296010017395,4.7764,4.1879
forward-plus,32,3,351,1.1470400094985962,4.1517,3.9365
forward-plus,32,3,352,0.8827199935913086,3.9959,4.3014
forward-plus,32,3,353,1.7090879678726196,4.279,4.1813
forward-plus,32,3,354,1.1326080560684204,4.1333,3.948
forward-plus,32,3,355,3.005568027496338,3.957,3.7753
forward-plus,32,3,356,0.8879680037498474,3.8993,3.9487
forward-plus,32,3,357,0.8561599850654602,3.8578,4.5299
forward-plus,32,3,358,0.8655040264129639,4.4905,3.9566
forward-plus,32,3,359,2.021536111831665,3.9658,3.9471
forward-plus,32,3,360,1.3722560405731201,3.9567,4.298
forward-plus,32,3,361,2.582592010498047,4.3145,4.3517
forward-plus,32,3,362,0.8623999953269958,4.3202,3.9679
forward-plus,32,3,363,0.8622400164604187,3.9566,3.6696
forward-plus,32,3,364,1.0640959739685059,3.6652,3.7721
forward-plus,32,3,365,1.3691519498825073,3.8313,4.3565
forward-plus,32,3,366,2.357343912124634,4.338,4.1964
forward-plus,32,3,367,0.8612480163574219,4.2063,4.1937
forward-plus,32,3,368,1.6702079772949219,4.1913,4.3613
forward-plus,32,3,369,0.8704320192337036,4.3287,5.0151
forward-plus,32,3,370,0.8653119802474976,5.0528,4.0739
forward-plus,32,3,371,1.6916799545288086,4.0409,3.758
forward-plus,32,3,372,0.884768009185791,3.7185,4.0236
forward-plus,32,3,373,1.5616320371627808,4.0929,4.5673
forward-plus,32,3,374,0.8694720268249512,4.5885,4.2316
forward-plus,32,3,375,0.8623999953269958,4.1783,3.8432
forward-plus,32,3,376,0.8970879912376404,3.8067,3.8583
forward-plus,32,3,377,2.571295976638794,3.9569,4.4276
forward-plus,32,3,378,1.4204479455947876,4.4554,4.4109
forward-plus,32,3,379,1.3792959451675415,4.2867,3.96
forward-plus,32,3,380,0.8919360041618347,4.032,4.1515
forward-plus,32,3,381,1.5382080078125,4.2317,5.8996
forward-plus,32,3,382,0.8898559808731079,5.9102,4.2081
forward-plus,32,3,383,0.9237440228462219,4.044,3.8298
forward-plus,32,3,384,1.0015679597854614,3.9149,4.31
forward-plus,32,3,385,2.3757760524749756,4.4074,4.5483
forward-plus,32,3,386,1.553439974784851,4.472,4.195
forward-plus,32,3,387,3.027103900909424,4.0974,3.7278
forward-plus,32,3,388,0.942143976688385,3.7991,4.2918
forward-plus,32,3,389,0.9503359794616699,4.3306,4.55
forward-plus,32,3,390,0.9176959991455078,4.4739,4.1331
forward-plus,32,3,391,2.2662079334259033,4.1662,3.8027
forward-plus,32,3,392,0.9585599899291992,3.7852,4.0179
forward-plus,32,3,393,1.335487961769104,4.1058,4.5096
forward-plus,32,3,394,0.9185919761657715,4.405,4.0211
forward-plus,32,3,395,1.3672319650650024,4.0557,3.7866
forward-plus,32,3,396,3.50927996635437,3.7715,4.188
forward-plus,32,3,397,1.6119680404663086,4.1802,4.3543
forward-plus,32,3,398,3.290303945541382,4.3778,4.1025
forward-plus,32,3,399,1.3691519498825073,4.0445,3.7416
forward-plus,32,3,400,0.9606720209121704,3.7338,3.9854
forward-plus,32,3,401,1.8368959426879883,3.9997,4.2268
forward-plus,32,3,402,1.568992018699646,4.2696,4.0812
forward-plus,32,3,403,2.9696640968322754,4.0438,3.8568
forward-plus,32,3,404,0.972000002861023,3.8656,3.9376
forward-plus,32,3,405,0.9442239999771118,3.9256,4.4277
forward-plus,32,3,406,0.9308800101280212,4.4682,3.9976
forward-plus,32,3,407,2.2263360023498535,3.9638,3.7891
forward-plus,32,3,408,0.9585279822349548,3.7602,3.9081
forward-plus,32,3,409,1.4796160459518433,4.0022,4.4542
forward-plus,32,3,410,0.9452160000801086,4.4117,4.3067
forward-plus,32,3,411,0.9422720074653625,4.3019,4.0697
forward-plus,32,3,412,0.9257280230522156,4.0415,4.3005
forward-plus,32,3,413,1.979423999786377,4.3694,4.5785
forward-plus,32,3,414,1.8023040294647217,4.5755,4.4351
forward-plus,32,3,415,3.3475520610809326,4.3767,3.9243
forward-plus,32,3,416,1.3127679824829102,3.9475,3.8492
forward-plus,32,3,417,1.7818559408187866,3.8181,4.4281
forward-plus,32,3,418,0.9421759843826294,4.4905,4.6159
forward-plus,32,3,419,1.786911964416504,4.5769,4.1629
forward-plus,32,3,420,2.836672067642212,4.1758,4.7353
forward-plus,32,3,421,1.2237119674682617,4.7575,4.2985
forward-plus,32,3,422,1.606816053390503,4.3193,3.9472
forward-plus,32,3,423,1.5402560234069824,3.8462,3.8115
forward-plus,32,3,424,0.969760000705719,3.8715,4.879
forward-plus,32,3,425,0.9267839789390564,4.8965,4.1551
forward-plus,32,3,426,0.9259520173072815,4.0879,3.8533
forward-plus,32,3,427,1.8565759658813477,3.8814,3.7996
forward-plus,32,3,428,0.9761279821395874,3.7895,3.8442
forward-plus,32,3,429,0.8969600200653076,3.8631,4.286
forward-plus,32,3,430,0.8366400003433228,4.2568,4.2815
forward-plus,32,3,431,0.8683840036392212,4.3261,3.9768
forward-plus,32,3,432,3.212480068206787,3.9361,4.078
forward-plus,32,3,433,2.835520029067993,4.0908,4.3519
forward-plus,32,3,434,1.3957760334014893,4.3978,4.1385
forward-plus,32,3,435,0.855135977268219,4.1022,3.9893
forward-plus,32,3,436,0.8634240031242371,3.9683,4.3023
forward-plus,32,3,437,1.0977599620819092,4.3124,4.1227
forward-plus,32,3,438,1.3465280532836914,4.1418,4.2013
forward-plus,32,3,439,2.7218880653381348,4.2242,4.2819
forward-plus,32,3,440,0.8960639834403992,4.2714,4.2417
forward-plus,32,3,441,2.4864320755004883,4.2572,4.7351
forward-plus,32,3,442,0.8530240058898926,4.7318,4.209
forward-plus,32,3,443,1.2175359725952148,4.1802,4.3551
forward-plus,32,3,444,1.6877119541168213,4.3419,4.8062
forward-plus,32,3,445,0.8859519958496094,4.9318,4.6107
forward-plus,32,3,446,0.8520320057868958,4.5313,4.2206
forward-plus,32,3,447,1.5400960445404053,4.2024,3.9747
forward-plus,32,3,448,0.8407679796218872,3.9446,4.4213
forward-plus,32,3,449,1.0844800472259521,4.4682,4.1786
forward-plus,32,3,450,0.8479040265083313,4.1316,3.8797
forward-plus,32,3,451,1.3630080223083496,3.8547,3.7646
forward-plus,32,3,452,2.5917439460754395,3.7858,4.4694
forward-plus,32,3,453,2.1157760620117188,4.532,4.182
forward-plus,32,3,454,2.4965438842773438,4.1231,3.9886
forward-plus,32,3,455,1.2156480550765991,3.9612,3.9442
forward-plus,32,3,456,1.6384639739990234,3.9674,4.6114
forward-plus,32,3,457,0.851967990398407,4.6488,4.4347
forward-plus,32,3,458,1.2667839527130127,4.3722,3.8847
forward-plus,32,3,459,1.837056040763855,3.9104,3.9317
forward-plus,32,3,460,1.1459200382232666,3.9746,4.6225
forward-plus,32,3,461,1.1182719469070435,4.6778,4.4509
forward-plus,32,3,462,0.841920018196106,4.3674,4.1945
forward-plus,32,3,463,1.007680058479309,4.1986,4.2905
forward-plus,32,3,464,1.6456960439682007,4.3425,4.6364
forward-plus,32,3,465,0.8356480002403259,4.6092,4.01
forward-plus,32,3,466,1.6313600540161133,3.9368,3.8773
forward-plus,32,3,467,0.8612160086631775,3.9502,4.0521
forward-plus,32,3,468,0.8970879912376404,4.0473,4.6703
forward-plus,32,3,469,0.8531519770622253,4.6308,4.1683
forward-plus,32,3,470,0.8325759768486023,4.2064,4.1132
forward-plus,32,3,471,0.8581439852714539,4.1202,3.9453
forward-plus,32,3,472,1.3250880241394043,3.9465,4.2129
forward-plus,32,3,473,1.2596479654312134,4.1608,4.0723
forward-plus,32,3,474,0.8458560109138489,4.1636,4.0702
forward-plus,32,3,475,0.8929280042648315,3.9855,3.9706
forward-plus,32,3,476,0.9987519979476929,4.0267,4.4253
forward-plus,32,3,477,1.7756799459457397,4.4063,4.2151
forward-plus,32,3,478,2.428096055984497,4.2119,3.9987
forward-plus,32,3,479,0.9554880261421204,3.9649,3.8707
forward-plus,32,3,480,0.9226880073547363,3.8554,4.4448
forward-plus,32,3,481,0.9452160000801086,4.5318,4.6268
forward-plus,32,3,482,0.9195839762687683,4.5714,3.9801
forward-plus,32,3,483,2.010240077972412,3.9609,4.0787
forward-plus,32,3,484,3.0005440711975098,4.1112,4.3842
forward-plus,32,3,485,2.747391939163208,4.4035,4.1465
forward-plus,32,3,486,0.9197440147399902,4.1166,3.8989
forward-plus,32,3,487,0.9472640156745911,3.8448,3.7337
forward-plus,32,3,488,2.1311678886413574,3.8396,4.2864
forward-plus,32,3,489,1.4482239484786987,4.2849,4.1289
forward-plus,32,3,490,2.9206080436706543,4.0783,3.9199
forward-plus,32,3,491,0.9750400185585022,3.8823,3.7999
forward-plus,32,3,492,0.9360640048980713,3.8541,4.4831
forward-plus,32,3,493,0.9329280257225037,4.4915,4.3315
forward-plus,32,3,494,1.3170559406280518,4.3147,3.9051
forward-plus,32,3,495,0.942143976688385,3.8778,4.3022
forward-plus,32,3,496,1.4553920030593872,4.4128,4.7365
forward-plus,32,3,497,2.4781439304351807,4.7013,4.3318
forward-plus,32,3,498,0.9236800074577332,4.2637,3.9135
forward-plus,32,3,499,1.3393919467926025,3.9135,3.7033
forward-plus,32,3,500,2.7977919578552246,3.6933,4.478
forward-plus,32,3,501,0.9268479943275452,4.5926,6.7196
forward-plus,32,3,502,1.353983998298645,6.6154,4.2071
forward-plus,32,3,503,2.2262399196624756,4.2316,4.3624
forward-plus,32,3,504,1.2177280187606812,4.3664,4.4972
forward-plus,32,3,505,1.422368049621582,4.4707,3.9186
forward-plus,32,3,506,1.2924480438232422,3.9192,3.9112
forward-plus,32,3,507,1.2226879596710205,3.913,5.3071
forward-plus,32,3,508,2.7444798946380615,5.4432,4.7102
forward-plus,32,3,509,0.9237440228462219,4.5475,3.928
forward-plus,32,3,510,1.3230079412460327,3.9491,3.7505
forward-plus,32,3,511,2.469088077545166,3.8172,5.5209
forward-plus,32,3,512,0.9216639995574951,5.5777,4.6445
forward-plus,32,3,513,1.9877439737319946,4.5618,3.8913
forward-plus,32,3,514,4.399168014526367,3.8752,4.0794
forward-plus,32,3,515,2.0910720825195312,4.1095,5.2316
forward-plus,32,3,516,2.7485759258270264,5.2437,4.1181
forward-plus,32,3,517,0.9269120097160339,4.0667,3.9717
forward-plus,32,3,518,0.9494400024414062,3.9411,3.9504
forward-plus,32,3,519,1.8309119939804077,3.9965,4.2387
forward-plus,32,3,520,1.5382399559020996,4.192,4.0755
forward-plus,32,3,521,2.9911999702453613,4.136,3.8892
forward-plus,32,3,522,0.9646400213241577,3.8441,4.0234
forward-plus,32,3,523,0.9041919708251953,4.0457,4.6172
forward-plus,32,3,524,0.8326719999313354,4.634,4.1561
forward-plus,32,3,525,1.7951040267944336,4.1202,3.9538
forward-plus,32,3,526,1.3783040046691895,3.9625,4.2788
forward-plus,32,3,527,2.51910400390625,4.2678,4.3424
forward-plus,32,3,528,0.8571199774742126,4.368,4.2324
forward-plus,32,3,529,1.072160005569458,4.1834,4.0035
forward-plus,32,3,530,1.032256007194519,4.0303,4.93
forward-plus,32,3,531,0.8510720133781433,4.9945,4.4147
forward-plus,32,3,532,0.8439040184020996,4.3727,3.9543
forward-plus,32,3,533,2.584575891494751,3.9878,3.7868
forward-plus,32,3,534,1.07423996925354,3.7073,4.3738
forward-plus,32,3,535,1.014847993850708,4.4921,4.5589
forward-plus,32,3,536,0.8469120264053345,4.4786,4.0844
forward-plus,32,3,537,0.8376960158348083,4.0636,3.8652
forward-plus,32,3,538,1.824895977973938,3.8285,4.3032
forward-plus,32,3,539,1.8914239406585693,4.3863,4.3796
forward-plus,32,3,540,1.0538239479064941,4.3642,4.3023
forward-plus,32,3,541,1.3608959913253784,4.2569,4.0349
forward-plus,32,3,542,1.0312000513076782,4.0465,4.8945
forward-plus,32,3,543,0.8469759821891785,4.9394,4.5699
forward-plus,32,3,544,0.8480319976806641,4.5583,4.3048
forward-plus,32,3,545,1.3528319597244263,4.2593,3.9389
forward-plus,32,3,546,1.3547840118408203,3.9646,4.5666
forward-plus,32,3,547,1.6240960359573364,4.6113,4.3723
forward-plus,32,3,548,2.6419520378112793,4.2978,3.7869
forward-plus,32,3,549,1.0107200145721436,3.8224,3.8158
forward-plus,32,3,550,0.8386560082435608,3.8024,4.773
forward-plus,32,3,551,0.8510079979896545,4.8078,4.2808
forward-plus,32,3,552,0.8295040130615234,4.2291,3.9157
forward-plus,32,3,553,1.9908479452133179,3.9352,3.8986
forward-plus,32,3,554,1.209439992904663,3.9464,4.6396
forward-plus,32,3,555,2.459775924682617,4.7015,4.387
forward-plus,32,3,556,0.8438400030136108,4.2667,4.1425
forward-plus,32,3,557,1.0374079942703247,4.152,4.137
forward-plus,32,3,558,1.652735948562622,4.1463,4.7125
forward-plus,32,3,559,0.8581439852714539,4.728,4.579
forward-plus,32,3,560,1.2913919687271118,4.6205,3.9868
forward-plus,32,3,561,2.8539841175079346,3.9544,4.1194
forward-plus,32,3,562,1.913856029510498,4.1707,5.5539
forward-plus,32,3,563,2.4588160514831543,5.498,4.1715
forward-plus,32,3,564,2.923680067062378,4.16,4.4126
forward-plus,32,3,565,1.0067520141601562,4.3836,4.4667
forward-plus,32,3,566,0.8960000276565552,4.4851,4.5272
forward-plus,32,3,567,0.8285760283470154,4.553,4.3569
forward-plus,32,3,568,1.788032054901123,4.3712,4.0077
forward-plus,32,3,569,3.381279945373535,3.957,4.8021
forward-plus,32,3,570,1.1120959520339966,4.8664,4.5865
forward-plus,32,3,571,1.7620480060577393,4.5615,4.2387
forward-plus,32,3,572,0.8284479975700378,4.2087,4.3081
forward-plus,32,3,573,0.6226239800453186,4.3415,4.6771
forward-plus,32,3,574,0.6297919750213623,4.6674,4.3268
forward-plus,32,3,575,0.6318079829216003,4.3197,4.0217
forward-plus,32,3,576,0.8120319843292236,4.0024,4.4942
forward-plus,32,3,577,1.7613120079040527,4.5529,4.8104
forward-plus,32,3,578,0.7383360266685486,4.8565,4.4843
forward-plus,32,3,579,2.4063360691070557,4.3931,4.2054
forward-plus,32,3,580,0.7394559979438782,4.2205,4.2799
forward-plus,32,3,581,0.7629439830780029,4.3622,4.6343
forward-plus,32,3,582,0.6420800089836121,4.5723,4.3197
forward-plus,32,3,583,0.6472319960594177,4.2649,4.0695
forward-plus,32,3,584,0.6379839777946472,4.0412,4.003
forward-plus,32,3,585,1.612831950187683,4.067,4.4078
forward-plus,32,3,586,1.6885759830474854,4.4034,4.214
forward-plus,32,3,587,1.8575999736785889,4.1764,4.6761
forward-plus,32,3,588,0.6533120274543762,4.7071,4.4209
forward-plus,32,3,589,0.6901440024375916,4.4751,4.6374
forward-plus,32,3,590,0.6421120166778564,4.5979,4.3861
forward-plus,32,3,591,0.7086399793624878,4.3315,3.9847
forward-plus,32,3,592,0.649183988571167,4.0612,4.5053
forward-plus,32,3,593,0.6307839751243591,4.5195,4.2647
forward-plus,32,3,594,1.0414400100708008,4.1951,4.0925
forward-plus,32,3,595,0.8315200209617615,4.0723,4.3114
forward-plus,32,3,596,1.7888959646224976,4.3839,4.7688
forward-plus,32,3,597,0.6440960168838501,4.8237,4.3403
forward-plus,32,3,598,0.8049920201301575,4.2287,4.1674
forward-plus,32,3,599,0.9143999814987183,4.1532,4.8278
forward-plus,32,3,600,0.654367983341217,5.0434,5.014
forward-plus,32,3,601,0.6338880062103271,4.8571,4.4004
forward-plus,32,3,602,1.5124800205230713,4.3471,4.2409
forward-plus,32,3,603,0.6431040167808533,4.2987,5.1638
forward-plus,32,3,604,0.8335999846458435,5.1744,4.2751
forward-plus,32,3,605,1.8052159547805786,4.2203,3.9219
forward-plus,32,3,606,0.6543359756469727,3.8953,4.0452
forward-plus,32,3,607,0.6567360162734985,4.0948,4.7238
forward-plus,32,3,608,0.6400319933891296,4.7318,4.4689
forward-plus,32,3,609,0.66457599401474,4.4218,3.859
forward-plus,32,3,610,1.0516799688339233,3.8637,3.7698
forward-plus,32,3,611,0.7864959836006165,3.8193,4.3652
forward-plus,32,3,612,0.6584960222244263,4.3876,4.2545
forward-plus,32,3,613,0.6482239961624146,4.1681,4.1792
forward-plus,32,3,614,0.6728320121765137,4.2022,3.9054
forward-plus,32,3,615,2.0606720447540283,3.9524,4.6655
forward-plus,32,3,616,1.270975947380066,4.6871,4.2192
forward-plus,32,3,617,2.186431884765625,4.1228,4.0164
forward-plus,32,3,618,1.0814080238342285,4.051,3.9168
forward-plus,32,3,619,0.8541759848594666,3.9293,4.5802
forward-plus,32,3,620,0.8510079979896545,4.553,4.3232
forward-plus,32,3,621,0.9893760085105896,4.3456,3.9813
forward-plus,32,3,622,1.2729599475860596,4.0309,5.0802
forward-plus,32,3,623,0.8561919927597046,5.2073,6.3767
forward-plus,32,3,624,0.9902399778366089,6.188,4.1061
forward-plus,32,3,625,1.4479999542236328,4.1112,3.7013
forward-plus,32,3,626,1.3332480192184448,3.6841,4.1864
forward-plus,32,3,627,1.0415359735488892,4.2288,4.309
forward-plus,32,3,628,1.0343680381774902,4.2991,3.8646
forward-plus,32,3,629,1.429535984992981,3.8126,3.9742
forward-plus,32,3,630,1.0486079454421997,4.0069,4.5858
forward-plus,32,3,631,0.8797119855880737,4.5873,4.4679
forward-plus,32,3,632,1.082527995109558,4.4876,4.0402
forward-plus,32,3,633,2.851871967315674,3.999,3.93
forward-plus,32,3,634,1.0363520383834839,3.9681,4.4427
forward-plus,32,3,635,0.8336319923400879,4.3983,4.487
forward-plus,32,3,636,0.8611840009689331,4.5214,3.9489
forward-plus,32,3,637,1.205407977104187,3.9315,3.8834
forward-plus,32,3,638,1.9231359958648682,3.8945,4.5916
forward-plus,32,3,639,2.1720640659332275,4.683,4.3571
forward-plus,32,3,640,2.495584011077881,4.2669,3.8296
forward-plus,32,3,641,1.2042880058288574,3.8065,3.9133
forward-plus,32,3,642,0.8510079979896545,3.9054,4.4806
forward-plus,32,3,643,0.8305280208587646,4.5332,4.2241
forward-plus,32,3,644,1.0885759592056274,4.2564,3.8711
forward-plus,32,3,645,3.047424077987671,3.8212,4.0448
forward-plus,32,3,646,1.4356160163879395,4.0559,4.8691
forward-plus,32,3,647,0.8745279908180237,4.9796,4.3826
forward-plus,32,3,648,0.8766080141067505,4.3055,4.1116
forward-plus,32,3,649,1.2155200242996216,4.018,4.0114
forward-plus,32,3,650,1.65174400806427,4.1181,5.0091
forward-plus,32,3,651,0.8335999846458435,5.098,4.6455
forward-plus,32,3,652,1.7674560546875,4.5534,4.1207
forward-plus,32,3,653,0.8898879885673523,4.0571,4.0568
forward-plus,32,3,654,2.3808000087738037,4.175,4.5927
forward-plus,32,3,655,0.8664000034332275,4.563,4.3603
forward-plus,32,3,656,1.2473599910736084,4.2983,4.1582
forward-plus,32,3,657,1.7674239873886108,4.1391,4.269
forward-plus,32,3,658,1.6906880140304565,4.3035,4.2939
forward-plus,32,3,659,1.0711679458618164,4.2832,4.3582
forward-plus,32,3,660,3.348479986190796,4.3324,4.0873
forward-plus,32,3,661,0.8808320164680481,4.118,4.2154
forward-plus,32,3,662,0.8878719806671143,4.1997,4.3624
forward-plus,32,3,663,0.8130879998207092,4.3534,4.0736
forward-plus,32,3,664,1.2063039541244507,4.0249,3.7277
forward-plus,32,3,665,1.2791680097579956,3.7622,3.9085
forward-plus,32,3,666,2.475008010864258,3.9273,4.1634
forward-plus,32,3,667,0.8121600151062012,4.1721,4.3083
forward-plus,32,3,668,0.8141760230064392,4.2802,3.71
forward-plus,32,3,669,0.8408960103988647,3.6886,4.0215
forward-plus,32,3,670,2.3132479190826416,4.1024,4.691
forward-plus,32,3,671,1.2718720436096191,4.6366,4.589
forward-plus,32,3,672,3.024928092956543,4.622,4.2033
forward-plus,32,3,673,0.8714240193367004,4.1822,3.857
forward-plus,32,3,674,2.5333759784698486,3.8104,6.4114
forward-plus,32,3,675,1.140928030014038,6.5886,5.1069
forward-plus,32,3,676,0.815168023109436,5.018,4.5556
forward-plus,32,3,677,2.548799991607666,4.8747,5.4038
forward-plus,32,3,678,2.467871904373169,5.0436,4.438
forward-plus,32,3,679,1.2031680345535278,4.4657,4.2363
forward-plus,32,3,680,0.8366400003433228,4.2155,4.7403
forward-plus,32,3,681,0.8387519717216492,4.7521,4.7743
forward-plus,32,3,682,0.8766080141067505,4.7424,4.5802
forward-plus,32,3,683,0.8724799752235413,4.6079,4.4398
forward-plus,32,3,684,1.8330880403518677,4.4568,4.6201
forward-plus,32,3,685,0.952351987361908,4.5605,4.1254
forward-plus,32,3,686,1.8197120428085327,4.1385,3.8174
forward-plus,32,3,687,0.8438079953193665,3.8125,4.0614
forward-plus,32,3,688,0.8234559893608093,4.151,4.5646
forward-plus,32,3,689,0.8090239763259888,4.4652,4.4516
forward-plus,32,3,690,0.8315520286560059,4.4832,3.852
forward-plus,32,3,691,1.4479680061340332,3.8301,3.8235
forward-plus,32,3,692,1.289247989654541,3.8231,4.6313
forward-plus,32,3,693,2.6429760456085205,4.6593,4.1325
forward-plus,32,3,694,0.8131200075149536,4.1271,3.7931
forward-plus,32,3,695,0.849951982498169,3.7965,4.1196
forward-plus,32,3,696,1.844256043434143,4.1079,4.6179
forward-plus,32,3,697,0.829472005367279,4.6717,4.3277
forward-plus,32,3,698,1.5196479558944702,4.2631,4.4726
forward-plus,32,3,699,1.0004479885101318,4.4697,4.2601
forward-plus,32,3,700,2.6767680644989014,4.3035,4.6833
forward-plus,32,3,701,2.4555840492248535,4.7254,4.4972
forward-plus,32,3,702,1.2175999879837036,4.4518,4.2191
forward-plus,32,3,703,0.8224639892578125,4.216,4.4319
forward-plus,32,3,704,0.8356159925460815,4.4324,4.3273
forward-plus,32,3,705,0.829472005367279,4.3545,4.5964
forward-plus,32,3,706,1.4336960315704346,4.5676,4.6644
forward-plus,32,3,707,1.8186559677124023,4.6233,4.2563
forward-plus,32,3,708,2.9020800590515137,4.3016,4.4077
forward-plus,32,3,709,2.2989439964294434,4.4475,4.2674
forward-plus,32,3,710,1.529919981956482,4.2375,4.3106
forward-plus,32,3,711,0.7957119941711426,4.475,4.8955
forward-plus,32,3,712,0.7660160064697266,4.7399,4.6559
forward-plus,32,3,713,0.7670400142669678,4.636,4.2422
forward-plus,32,3,714,0.7824640274047852,4.2407,4.0934
forward-plus,32,3,715,1.492959976196289,4.1255,4.6889
forward-plus,32,3,716,0.7752000093460083,4.6863,4.2602
forward-plus,32,3,717,2.531359910964966,4.2385,4.137
forward-plus,32,3,718,0.7762240171432495,4.0776,4.2092
forward-plus,32,3,719,0.7824000120162964,4.2581,5.014
forward-plus,32,3,720,0.7721279859542847,5.0312,4.3873
deferred,32,3,121,0.7686399817466736,4.4323,4.482
deferred,32,3,122,1.108672022819519,4.5573,5.0581
deferred,32,3,123,2.618112087249756,5.1294,5.1235
deferred,32,3,124,0.9428480267524719,4.9993,4.4
deferred,32,3,125,1.468127965927124,4.4047,4.6777
deferred,32,3,126,0.7606080174446106,4.7189,4.7805
deferred,32,3,127,0.7379199862480164,4.7578,4.5534
deferred,32,3,128,1.1014080047607422,4.5017,4.2138
deferred,32,3,129,1.685215950012207,4.2469,4.7353
deferred,32,3,130,0.7554559707641602,4.7835,4.8342
deferred,32,3,131,1.8521920442581177,4.7706,4.6584
deferred,32,3,132,1.7117760181427002,4.7325,4.3568
deferred,32,3,133,1.1651840209960938,4.3559,4.2842
deferred,32,3,134,2.720639944076538,4.2344,4.5469
deferred,32,3,135,0.8630080223083496,4.5142,3.8097
deferred,32,3,136,0.8877120018005371,3.814,3.9755
deferred,32,3,137,0.8578559756278992,4.017,5.0218
deferred,32,3,138,0.8527680039405823,5.0353,4.7606
deferred,32,3,139,1.244928002357483,4.6958,4.382
deferred,32,3,140,2.7009921073913574,4.4203,4.7913
deferred,32,3,141,0.8640000224113464,4.8274,4.7547
deferred,32,3,142,1.2828160524368286,4.7006,4.4086
deferred,32,3,143,0.8999680280685425,4.4227,4.4644
deferred,32,3,144,2.4276158809661865,4.5214,4.8436
deferred,32,3,145,2.705280065536499,4.8159,4.5936
deferred,32,3,146,0.8794879913330078,4.5429,3.9723
deferred,32,3,147,0.8731840252876282,3.9829,5.0193
deferred,32,3,148,0.8610560297966003,5.0722,4.2898
deferred,32,3,149,0.8619840145111084,4.2221,3.935
deferred,32,3,150,1.6964479684829712,3.9538,4.002
deferred,32,3,151,0.8732159733772278,3.9967,4.0484
deferred,32,3,152,2.708319902420044,4.0833,5.433
deferred,32,3,153,2.7224318981170654,5.4052,4.4399
deferred,32,3,154,1.3451839685440063,4.442,4.287
deferred,32,3,155,0.8538879752159119,4.269,4.5486
deferred,32,3,156,0.8764479756355286,4.6387,4.2239
deferred,32,3,157,0.8590080142021179,4.13,4.3941
deferred,32,3,158,1.2469439506530762,4.4222,3.9951
deferred,32,3,159,1.840000033378601,4.0579,4.9751
deferred,32,3,160,1.0032960176467896,4.9155,4.5791
deferred,32,3,161,1.6258879899978638,4.5747,4.3818
deferred,32,3,162,0.9151679873466492,4.372,4.6501
deferred,32,3,163,2.6939520835876465,4.7162,4.7179
deferred,32,3,164,0.863103985786438,4.6728,4.3191
deferred,32,3,165,1.2654399871826172,4.3187,4.1039
deferred,32,3,166,1.6555520296096802,4.0878,4.4854
deferred,32,3,167,0.8660159707069397,4.4836,4.8991
deferred,32,3,168,0.8538560271263123,4.9162,3.9754
deferred,32,3,169,1.2193599939346313,3.9394,3.8012
deferred,32,3,170,0.8763520121574402,3.8126,4.6781
deferred,32,3,171,1.146623969078064,4.6874,4.7748
deferred,32,3,172,0.9079999923706055,4.8509,4.3182
deferred,32,3,173,0.864031970500946,4.2514,4.2186
deferred,32,3,174,0.8639039993286133,4.257,4.5511
deferred,32,3,175,0.8262400031089783,4.5304,4.6026
deferred,32,3,176,1.219391942024231,4.6125,4.6289
deferred,32,3,177,1.55840003490448,4.611,4.9252
deferred,32,3,178,0.8281599879264832,4.9138,4.8413
deferred,32,3,179,0.9716160297393799,4.9428,4.5609
deferred,32,3,180,0.8322880268096924,4.4347,4.2283
deferred,32,3,181,1.2776639461517334,4.2494,4.9373
deferred,32,3,182,2.2669119834899902,4.9413,4.8983
deferred,32,3,183,2.805471897125244,4.8986,4.1322
deferred,32,3,184,0.8320320248603821,4.1298,4.3997
deferred,32,3,185,0.8208000063896179,4.403,5.2543
deferred,32,3,186,0.8464959859848022,5.2849,4.9967
deferred,32,3,187,1.2172800302505493,4.9908,4.6398
deferred,32,3,188,1.2848320007324219,4.6117,7.0946
deferred,32,3,189,0.821120023727417,8.1847,6.8105
deferred,32,3,190,0.815775990486145,5.7626,4.4093
deferred,32,3,191,1.6227519512176514,4.4031,4.4461
deferred,32,3,192,1.5521279573440552,4.3852,4.4681
deferred,32,3,193,2.2801599502563477,4.4959,4.5253
deferred,32,3,194,0.8332800269126892,4.5093,4.6625
deferred,32,3,195,1.9105279445648193,4.7139,5.1353
deferred,32,3,196,2.554624080657959,5.1172,4.6594
deferred,32,3,197,0.8895040154457092,4.6391,4.3665
deferred,32,3,198,2.0078399181365967,4.3847,4.9501
deferred,32,3,199,0.8127679824829102,4.947,4.6295
deferred,32,3,200,0.8363519906997681,4.6015,4.2479
deferred,32,3,201,0.8189120292663574,4.296,4.3469
deferred,32,3,202,0.8138560056686401,4.3302,4.6754
deferred,32,3,203,0.8025599718093872,4.6998,4.9281
deferred,32,3,204,1.1793919801712036,4.8877,4.6738
deferred,32,3,205,1.3556159734725952,4.6711,4.2725
deferred,32,3,206,1.0165760517120361,4.2918,4.1795
deferred,32,3,207,2.7246720790863037,4.1344,4.3805
deferred,32,3,208,0.8301759958267212,4.4165,4.5268
deferred,32,3,209,0.8598719835281372,4.5457,4.8937
deferred,32,3,210,0.8116160035133362,4.8443,4.5082
deferred,32,3,211,0.8414720296859741,4.5275,4.5221
deferred,32,3,212,0.8321279883384705,4.5112,5.2118
deferred,32,3,213,0.9118720293045044,5.3037,5.9063
deferred,32,3,214,0.8088319897651672,5.8563,4.7137
deferred,32,3,215,0.8046079874038696,4.7179,4.127
deferred,32,3,216,0.8332480192184448,4.0848,4.528
deferred,32,3,217,0.8517439961433411,4.573,4.4577
deferred,32,3,218,1.4076800346374512,4.394,4.2747
deferred,32,3,219,2.136320114135742,4.4027,5.4945
deferred,32,3,220,0.8691200017929077,5.4119,5.2149
deferred,32,3,221,0.8537600040435791,5.2126,4.7579
deferred,32,3,222,1.4999359846115112,4.7683,4.1042
deferred,32,3,223,1.3504639863967896,4.1658,4.6029
deferred,32,3,224,2.770656108856201,4.5364,4.3886
deferred,32,3,225,0.8723199963569641,4.3981,4.2263
deferred,32,3,226,1.0595519542694092,4.1907,4.571
deferred,32,3,227,0.8723199963569641,4.5584,4.2952
deferred,32,3,228,0.8712000250816345,4.2889,4.5997
deferred,32,3,229,0.8559679985046387,4.6885,4.1474
deferred,32,3,230,1.6504640579223633,4.0667,4.803
deferred,32,3,231,1.7087359428405762,4.8801,5.1952
deferred,32,3,232,1.3862719535827637,5.1184,4.1567
deferred,32,3,233,2.964224100112915,4.223,3.9647
deferred,32,3,234,0.8692160248756409,3.902,4.5157
deferred,32,3,235,2.0630719661712646,4.5331,4.7204
deferred,32,3,236,0.8628479838371277,4.6828,4.4843
deferred,32,3,237,0.9120320081710815,4.515,4.6399
deferred,32,3,238,1.1875519752502441,4.6869,5.3073
deferred,32,3,239,0.8568000197410583,5.2643,4.9637
deferred,32,3,240,1.2521920204162598,4.9791,4.2763
deferred,32,3,241,1.6576319932937622,4.2572,4.3685
deferred,32,3,242,0.877344012260437,4.4031,4.4006
deferred,32,3,243,1.286911964416504,4.3474,4.3494
deferred,32,3,244,0.9039679765701294,4.3685,4.4605
deferred,32,3,245,1.3657599687576294,4.5229,5.0338
deferred,32,3,246,1.0217599868774414,4.9885,5.4076
deferred,32,3,247,1.6188160181045532,5.4004,4.407
deferred,32,3,248,0.9048960208892822,4.3783,4.3176
deferred,32,3,249,2.326240062713623,4.3571,5.2059
deferred,32,3,250,0.8547840118408203,5.1994,4.0742
deferred,32,3,251,1.226464033126831,4.0494,3.9602
deferred,32,3,252,1.7210880517959595,3.9643,4.3414
deferred,32,3,253,1.3309760093688965,4.4032,4.5333
deferred,32,3,254,1.0145599842071533,4.476,5.0281
deferred,32,3,255,0.8925759792327881,5.0663,4.8253
deferred,32,3,256,1.9525120258331299,4.8545,5.0709
deferred,32,3,257,1.133247971534729,5.0101,4.8047
deferred,32,3,258,1.6433919668197632,4.8282,4.5172
deferred,32,3,259,1.762976050376892,4.4836,5.1134
deferred,32,3,260,1.3207039833068848,5.2183,5.1313
deferred,32,3,261,2.3232638835906982,5.015,4.5781
deferred,32,3,262,0.9080640077590942,4.6143,4.5046
deferred,32,3,263,2.304608106613159,4.5578,4.8796
deferred,32,3,264,1.1354880332946777,4.784,4.0702
deferred,32,3,265,0.8844799995422363,4.0801,3.8725
deferred,32,3,266,0.8752639889717102,3.8661,4.0917
deferred,32,3,267,1.807136058807373,4.2298,4.3582
deferred,32,3,268,1.3012479543685913,4.2319,4.5235
deferred,32,3,269,2.425663948059082,4.5331,4.2602
deferred,32,3,270,0.8814719915390015,4.235,4.4005
deferred,32,3,271,2.7984321117401123,4.4655,4.9542
deferred,32,3,272,2.02838397026062,4.9175,4.6379
deferred,32,3,273,1.0646400451660156,4.6346,4.4088
deferred,32,3,274,0.8548799753189087,4.415,4.902
deferred,32,3,275,0.8691520094871521,4.8732,4.4973
deferred,32,3,276,0.8794879913330078,4.5145,4.2758
deferred,32,3,277,0.8712959885597229,4.2548,4.3907
deferred,32,3,278,2.2279679775238037,4.4303,4.6253
deferred,32,3,279,0.8661440014839172,4.5867,4.9387
deferred,32,3,280,1.6095999479293823,4.995,4.5725
deferred,32,3,281,1.972991943359375,4.5536,5.2973
deferred,32,3,282,0.8322880268096924,5.3793,6.0131
deferred,32,3,283,0.861952006816864,5.9716,4.6484
deferred,32,3,284,1.7139840126037598,4.6483,4.781
deferred,32,3,285,1.2070720195770264,4.7956,4.9348
deferred,32,3,286,1.0084160566329956,4.8701,4.6618
deferred,32,3,287,1.2407679557800293,4.6906,4.5327
deferred,32,3,288,1.7262400388717651,4.4931,4.7053
deferred,32,3,289,2.205535888671875,4.7936,5.0282
deferred,32,3,290,3.4199678897857666,4.9536,4.6517
deferred,32,3,291,0.8955519795417786,4.658,4.7038
deferred,32,3,292,2.5393919944763184,4.7594,4.8787
deferred,32,3,293,0.8506879806518555,4.8138,4.0854
deferred,32,3,294,1.2397760152816772,4.0803,3.9468
deferred,32,3,295,1.661728024482727,3.9669,5.3234
deferred,32,3,296,0.8549119830131531,5.4228,5.1601
deferred,32,3,297,0.8505920171737671,5.0181,4.7994
deferred,32,3,298,0.8783040046691895,4.8603,5.0895
deferred,32,3,299,0.8547840118408203,5.0911,5.5847
deferred,32,3,300,0.8466240167617798,5.5364,5.1608
deferred,32,3,301,0.8845760226249695,5.1819,4.1185
deferred,32,3,302,1.6566720008850098,4.1306,5.358
deferred,32,3,303,0.9367679953575134,5.4724,4.9775
deferred,32,3,304,1.179360032081604,4.8298,4.4762
deferred,32,3,305,0.9244480133056641,4.4892,4.926
deferred,32,3,306,0.9225280284881592,4.9623,4.6759
deferred,32,3,307,0.9254720211029053,4.6826,4.4596
deferred,32,3,308,1.3566080331802368,4.397,5.3443
deferred,32,3,309,2.581439971923828,5.4178,5.069
deferred,32,3,310,0.9348160028457642,5.0636,4.466
deferred,32,3,311,1.969823956489563,4.4044,4.0288
deferred,32,3,312,2.791327953338623,4.1085,4.4984
deferred,32,3,313,1.9198720455169678,4.5042,4.9121
deferred,32,3,314,2.7758400440216064,4.8427,4.5532
deferred,32,3,315,1.2205439805984497,4.5228,4.3916
deferred,32,3,316,1.555359959602356,4.4665,4.8185
deferred,32,3,317,0.9644160270690918,4.8564,4.6867
deferred,32,3,318,0.9662719964981079,4.5805,4.0129
deferred,32,3,319,1.4661120176315308,4.0253,3.9087
deferred,32,3,320,2.036639928817749,3.9546,5.0011
deferred,32,3,321,0.9263039827346802,5.0143,4.9222
deferred,32,3,322,1.7438080310821533,4.8955,4.4521
deferred,32,3,323,3.168992042541504,4.4163,4.5511
deferred,32,3,324,2.082592010498047,4.587,4.9572
deferred,32,3,325,3.202847957611084,4.9551,4.8719
deferred,32,3,326,3.233664035797119,4.845,4.5198
deferred,32,3,327,2.6837120056152344,4.5454,4.7682
deferred,32,3,328,1.7806400060653687,4.7992,4.7626
deferred,32,3,329,1.6032960414886475,4.6812,4.565
deferred,32,3,330,0.9358720183372498,4.6226,4.6503
deferred,32,3,331,0.9264320135116577,4.6411,4.7138
deferred,32,3,332,0.8998720049858093,4.7073,4.5697
deferred,32,3,333,1.632032036781311,4.5172,4.0356
deferred,32,3,334,2.7288320064544678,4.1049,4.1903
deferred,32,3,335,1.9525760412216187,4.1774,4.552
deferred,32,3,336,2.9714560508728027,4.5025,4.3291
deferred,32,3,337,0.9491199851036072,4.3561,4.3989
deferred,32,3,338,0.946943998336792,4.4051,4.5645
deferred,32,3,339,0.9622719883918762,4.5765,4.1962
deferred,32,3,340,0.9245759844779968,4.1509,4.6406
deferred,32,3,341,0.9223999977111816,4.7035,4.5663
deferred,32,3,342,1.2346559762954712,4.5587,4.7036
deferred,32,3,343,0.9336000084877014,4.6553,4.6145
deferred,32,3,344,1.6504319906234741,4.6476,4.5185
deferred,32,3,345,2.1522879600524902,4.5606,4.7844
deferred,32,3,346,1.0269759893417358,4.799,4.8564
deferred,32,3,347,1.351423978805542,4.7623,4.4019
deferred,32,3,348,0.9016960263252258,4.4307,4.4704
deferred,32,3,349,2.6664319038391113,4.5156,4.7925
deferred,32,3,350,0.8937280178070068,4.7936,4.6121
deferred,32,3,351,0.8783360123634338,4.5253,4.3327
deferred,32,3,352,0.9048640131950378,4.3484,4.3537
deferred,32,3,353,1.7692480087280273,4.4004,4.5417
deferred,32,3,354,0.8938559889793396,4.5015,4.864
deferred,32,3,355,1.696671962738037,4.8743,3.8151
deferred,32,3,356,0.8915200233459473,3.9203,4.0358
deferred,32,3,357,2.382751941680908,3.9348,4.4092
deferred,32,3,358,0.8712959885597229,4.3835,4.0722
deferred,32,3,359,0.8906239867210388,4.087,3.7956
deferred,32,3,360,1.0729279518127441,3.7832,4.1173
deferred,32,3,361,1.7681599855422974,4.1273,4.275
deferred,32,3,362,1.1937600374221802,4.309,4.7787
deferred,32,3,363,3.008255958557129,4.742,4.7566
deferred,32,3,364,0.8936319947242737,4.7569,4.7211
deferred,32,3,365,2.9233601093292236,4.7184,4.8436
deferred,32,3,366,0.8907840251922607,4.8729,3.9695
deferred,32,3,367,1.267359972000122,3.9406,4.396
deferred,32,3,368,1.7415679693222046,4.4251,5.0734
deferred,32,3,369,0.878495991230011,5.0623,4.4297
deferred,32,3,370,1.1447679996490479,4.4524,4.1814
deferred,32,3,371,1.1772799491882324,4.1646,5.0835
deferred,32,3,372,0.8998079895973206,5.0934,4.8253
deferred,32,3,373,0.9030719995498657,4.8108,4.7729
deferred,32,3,374,0.9141759872436523,4.766,4.9457
deferred,32,3,375,1.8183679580688477,5.0614,5.6381
deferred,32,3,376,0.8702080249786377,5.5206,4.8738
deferred,32,3,377,1.2829760313034058,4.8826,4.5712
deferred,32,3,378,1.7774720191955566,4.5934,4.7579
deferred,32,3,379,1.4589439630508423,4.7255,4.7541
deferred,32,3,380,1.5777599811553955,4.7731,4.8097
deferred,32,3,381,0.8917760252952576,4.8372,4.1858
deferred,32,3,382,2.361248016357422,4.1761,4.5639
deferred,32,3,383,0.8866879940032959,4.5392,4.2372
deferred,32,3,384,0.8834559917449951,4.2366,4.0684
deferred,32,3,385,0.8999040126800537,4.071,4.5871
deferred,32,3,386,2.012928009033203,4.6182,4.5315
deferred,32,3,387,0.8906880021095276,4.4854,4.3745
deferred,32,3,388,1.7089600563049316,4.4139,4.7066
deferred,32,3,389,1.562432050704956,4.6904,4.836
deferred,32,3,390,2.319103956222534,4.812,4.7339
deferred,32,3,391,1.9503999948501587,4.764,4.7508
deferred,32,3,392,0.7974399924278259,4.7254,4.5441
deferred,32,3,393,1.4364160299301147,4.5512,4.4567
deferred,32,3,394,2.3898561000823975,4.4054,4.8805
deferred,32,3,395,0.801472008228302,4.9536,4.2118
deferred,32,3,396,0.8036159873008728,4.1795,4.5388
deferred,32,3,397,0.7930560111999512,4.5424,4.8897
deferred,32,3,398,0.8127999901771545,4.9253,5.147
deferred,32,3,399,0.810591995716095,5.1379,4.9028
deferred,32,3,400,0.7974720001220703,5.0277,4.9429
deferred,32,3,401,0.7974399924278259,4.791,4.3025
deferred,32,3,402,0.8055359721183777,4.3253,4.3012
deferred,32,3,403,1.8294719457626343,4.3054,4.4256
deferred,32,3,404,2.205440044403076,4.4685,4.9495
deferred,32,3,405,1.419711947441101,4.9009,4.7054
deferred,32,3,406,1.5888960361480713,4.7209,4.9427
deferred,32,3,407,1.2601920366287231,5.0421,5.4464
deferred,32,3,408,0.9274560213088989,5.3376,4.7908
deferred,32,3,409,1.4231040477752686,4.7783,4.4007
deferred,32,3,410,0.8517119884490967,4.3787,4.2272
deferred,32,3,411,1.4394559860229492,4.309,5.1837
deferred,32,3,412,2.5034239292144775,5.1473,4.9059
deferred,32,3,413,0.8220160007476807,4.9197,4.584
deferred,32,3,414,0.8282560110092163,4.5748,4.874
deferred,32,3,415,0.8250880241394043,4.8607,4.7741
deferred,32,3,416,0.8210560083389282,4.7666,4.3764
deferred,32,3,417,0.8066239953041077,4.3449,4.2559
deferred,32,3,418,1.5757440328598022,4.2974,4.2956
deferred,32,3,419,1.0718400478363037,4.2665,4.1563
deferred,32,3,420,3.351263999938965,4.1665,3.9695
deferred,32,3,421,0.8272320032119751,3.9569,4.5031
deferred,32,3,422,1.6430720090866089,4.5811,5.1251
deferred,32,3,423,0.8076800107955933,5.0476,4.4524
deferred,32,3,424,1.1547839641571045,4.4826,4.1328
deferred,32,3,425,1.561344027519226,4.1112,4.5113
deferred,32,3,426,0.8240640163421631,4.5057,4.3115
deferred,32,3,427,1.0933760404586792,4.342,4.5127
deferred,32,3,428,1.4672640562057495,4.4669,4.3489
deferred,32,3,429,0.8516799807548523,4.387,4.6181
deferred,32,3,430,1.7229759693145752,4.6151,4.6181
deferred,32,3,431,1.2613120079040527,4.696,4.6069
deferred,32,3,432,0.816864013671875,4.5865,4.7288
deferred,32,3,433,0.7021759748458862,4.6451,4.4712
deferred,32,3,434,0.707647979259491,4.5094,4.0826
deferred,32,3,435,0.6703360080718994,4.0428,4.0999
deferred,32,3,436,1.5111039876937866,4.0959,4.7804
deferred,32,3,437,0.6796159744262695,4.8341,4.7542
deferred,32,3,438,0.916159987449646,4.7294,4.4874
deferred,32,3,439,0.9694079756736755,4.4578,4.4416
deferred,32,3,440,0.681663990020752,4.4389,4.815
deferred,32,3,441,2.207103967666626,4.8762,5.0359
deferred,32,3,442,2.317919969558716,5.036,4.5597
deferred,32,3,443,0.6806399822235107,4.4993,4.4358
deferred,32,3,444,0.7451199889183044,4.4268,4.868
deferred,32,3,445,0.6929600238800049,5.0103,4.6958
deferred,32,3,446,0.6673600077629089,4.6323,4.1921
deferred,32,3,447,0.6704000234603882,4.1276,4.204
deferred,32,3,448,1.3226879835128784,4.202,4.4514
deferred,32,3,449,0.8076480031013489,4.4874,4.8456
deferred,32,3,450,1.20905601978302,4.8348,4.7043
deferred,32,3,451,1.998528003692627,4.6679,5.1679
deferred,32,3,452,0.6806399822235107,5.2261,5.0216
deferred,32,3,453,1.5745919942855835,5.0532,4.0834
deferred,32,3,454,0.8547199964523315,4.0055,4.1841
deferred,32,3,455,0.7993919849395752,4.2222,5.8323
deferred,32,3,456,1.7855360507965088,5.8451,4.6899
deferred,32,3,457,0.6907839775085449,4.6776,4.183
deferred,32,3,458,0.699072003364563,4.1558,4.9788
deferred,32,3,459,0.7185279726982117,5.063,4.813
deferred,32,3,460,0.6601600050926208,4.7452,4.0166
deferred,32,3,461,0.9304959774017334,3.9852,3.8717
deferred,32,3,462,1.2325760126113892,3.8635,4.9255
deferred,32,3,463,0.7984319925308228,4.9967,4.6993
deferred,32,3,464,0.6602240204811096,4.7049,4.4322
deferred,32,3,465,1.1178560256958008,4.3626,4.5423
deferred,32,3,466,1.883679986000061,4.6018,4.9359
deferred,32,3,467,1.407647967338562,4.9573,4.6768
deferred,32,3,468,0.6907839775085449,4.6585,5.0298
deferred,32,3,469,0.8936319947242737,5.0163,5.5403
deferred,32,3,470,1.8132799863815308,5.55,4.7348
deferred,32,3,471,1.5407359600067139,4.6805,4.341
deferred,32,3,472,1.587839961051941,4.3777,5.3587
deferred,32,3,473,1.9135680198669434,5.3476,5.1958
deferred,32,3,474,1.6473280191421509,5.2408,4.6264
deferred,32,3,475,1.9820480346679688,4.5609,4.637
deferred,32,3,476,1.1424640417099,4.7003,5.2603
deferred,32,3,477,1.0615999698638916,5.2402,4.5019
deferred,32,3,478,0.6977279782295227,4.465,4.6938
deferred,32,3,479,0.6293759942054749,4.7356,5.1598
deferred,32,3,480,0.6223040223121643,5.1023,4.6492
deferred,32,3,481,0.6335039734840393,4.6676,4.5158
deferred,32,3,482,0.799456000328064,4.5173,5.0207
deferred,32,3,483,0.6355199813842773,5.0779,4.9185
deferred,32,3,484,0.6243199706077576,4.8403,4.6671
deferred,32,3,485,0.9192320108413696,4.6973,4.5689
deferred,32,3,486,0.6356480121612549,4.5654,4.8457
deferred,32,3,487,0.6223040223121643,4.8306,4.5772
deferred,32,3,488,0.6212159991264343,4.585,4.5482
deferred,32,3,489,1.4496639966964722,4.6211,4.8649
deferred,32,3,490,0.6335039734840393,4.8539,4.9392
deferred,32,3,491,0.769760012626648,4.9047,4.6662
deferred,32,3,492,1.5674879550933838,4.6417,4.3914
deferred,32,3,493,0.6366400122642517,4.387,4.682
deferred,32,3,494,1.9801280498504639,4.682,5.174
deferred,32,3,495,1.870527982711792,5.2691,4.8212
deferred,32,3,496,0.6365759968757629,4.7458,4.2448
deferred,32,3,497,0.7789440155029297,4.2422,4.4584
deferred,32,3,498,0.7861120104789734,4.4349,4.6206
deferred,32,3,499,1.0388799905776978,4.6697,5.1049
deferred,32,3,500,0.6398720145225525,5.1458,4.8153
deferred,32,3,501,0.784063994884491,4.759,4.4959
deferred,32,3,502,0.6171519756317139,4.4397,4.09
deferred,32,3,503,0.7789120078086853,4.1441,4.6627
deferred,32,3,504,0.7380480170249939,4.7158,5.3709
deferred,32,3,505,0.6202560067176819,5.2974,4.2553
deferred,32,3,506,2.418463945388794,4.2564,4.188
deferred,32,3,507,1.3554240465164185,4.2054,4.8681
deferred,32,3,508,1.2592320442199707,4.8938,5.1303
deferred,32,3,509,1.7547839879989624,5.0653,4.0473
deferred,32,3,510,0.9037439823150635,4.0777,3.9723
deferred,32,3,511,0.6498240232467651,3.9745,4.9871
deferred,32,3,512,0.6427199840545654,4.9614,5.199
deferred,32,3,513,0.6694080233573914,5.2464,4.661
deferred,32,3,514,0.658079981803894,4.6254,4.771
deferred,32,3,515,0.6591359972953796,4.8036,5.0272
deferred,32,3,516,0.6222720146179199,4.98,4.2136
deferred,32,3,517,0.6444799900054932,4.2273,3.9293
deferred,32,3,518,1.3801599740982056,3.9163,5.099
deferred,32,3,519,0.8127040266990662,5.1799,5.155
deferred,32,3,520,0.9664319753646851,5.1005,4.9178
deferred,32,3,521,0.9726719856262207,4.9191,5.0072
deferred,32,3,522,1.4722239971160889,5.0385,4.544
deferred,32,3,523,1.7802879810333252,4.485,4.2388
deferred,32,3,524,3.193567991256714,4.2513,3.9387
deferred,32,3,525,2.321023941040039,3.9213,5.2931
deferred,32,3,526,1.8294399976730347,5.4402,6.1324
deferred,32,3,527,2.49836802482605,6.0016,4.4458
deferred,32,3,528,2.170464038848877,4.4596,4.3324
deferred,32,3,529,1.4159040451049805,4.3364,5.0732
deferred,32,3,530,1.0370559692382812,5.0516,4.7131
deferred,32,3,531,1.145535945892334,4.7223,4.1725
deferred,32,3,532,0.8024960160255432,4.1628,5.6002
deferred,32,3,533,1.3023040294647217,5.7671,5.4755
deferred,32,3,534,0.7841280102729797,5.3172,4.4052
deferred,32,3,535,0.801472008228302,4.4152,4.3205
deferred,32,3,536,1.032960057258606,4.3731,5.0855
deferred,32,3,537,0.8065919876098633,5.0506,4.3077
deferred,32,3,538,0.9695039987564087,4.2517,3.8658
deferred,32,3,539,1.7270079851150513,3.8797,4.7215
deferred,32,3,540,1.346336007118225,4.7889,4.8336
deferred,32,3,541,1.4219199419021606,4.7604,4.6244
deferred,32,3,542,1.2448639869689941,4.6505,4.3669
deferred,32,3,543,0.9828799962997437,4.3438,4.7492
deferred,32,3,544,1.4137920141220093,4.8105,4.7475
deferred,32,3,545,0.7954239845275879,4.6732,4.4331
deferred,32,3,546,0.8098559975624084,4.4823,4.7318
deferred,32,3,547,0.8117759823799133,4.7501,4.9314
deferred,32,3,548,0.7862719893455505,4.8788,4.7774
deferred,32,3,549,1.1353600025177002,4.7965,4.586
deferred,32,3,550,0.7892159819602966,4.589,4.7444
deferred,32,3,551,0.8230400085449219,4.7494,4.1259
deferred,32,3,552,0.964352011680603,4.077,3.8113
deferred,32,3,553,2.4112319946289062,3.8413,4.4302
deferred,32,3,554,1.8705600500106812,4.4892,4.4131
deferred,32,3,555,0.7891839742660522,4.3639,4.3407
deferred,32,3,556,0.7893440127372742,4.3774,4.0206
deferred,32,3,557,0.9864640235900879,3.9569,3.7647
deferred,32,3,558,2.3651840686798096,3.8397,4.4787
deferred,32,3,559,0.9848319888114929,4.4003,4.2015
deferred,32,3,560,2.7409279346466064,4.2276,4.494
deferred,32,3,561,1.0104320049285889,4.4848,3.9471
deferred,32,3,562,0.7586240172386169,3.9684,4.9087
deferred,32,3,563,0.7502080202102661,4.8846,4.5327
deferred,32,3,564,0.8946880102157593,4.5433,4.4376
deferred,32,3,565,1.4220800399780273,4.4383,4.6883
deferred,32,3,566,0.74726402759552,4.7211,4.6279
deferred,32,3,567,0.7379840016365051,4.6002,4.178
deferred,32,3,568,1.0850880146026611,4.1422,4.0373
deferred,32,3,569,1.441215991973877,4.063,4.3259
deferred,32,3,570,0.7437760233879089,4.32,4.4794
deferred,32,3,571,0.7319039702415466,4.4874,4.6346
deferred,32,3,572,0.9162560105323792,4.6614,3.9209
deferred,32,3,573,1.6750400066375732,3.852,4.2426
deferred,32,3,574,0.7574399709701538,4.3173,4.6993
deferred,32,3,575,1.123039960861206,4.6746,4.3962
deferred,32,3,576,0.7799999713897705,4.3746,4.6211
deferred,32,3,577,0.9089279770851135,4.674,4.9206
deferred,32,3,578,1.8620799779891968,4.9431,4.731
deferred,32,3,579,2.96726393699646,4.674,4.3263
deferred,32,3,580,1.4231040477752686,4.3099,4.4162
deferred,32,3,581,0.7542080283164978,4.4126,4.1458
deferred,32,3,582,0.7421119809150696,4.1744,3.9475
deferred,32,3,583,1.102560043334961,3.919,4.2433
deferred,32,3,584,2.115231990814209,4.228,4.6938
deferred,32,3,585,0.9121599793434143,4.79,4.7442
deferred,32,3,586,1.9996800422668457,4.6758,4.2612
deferred,32,3,587,0.9602239727973938,4.2455,4.2897
deferred,32,3,588,0.7831680178642273,4.2616,4.5117
deferred,32,3,589,0.760640025138855,4.5868,4.7868
deferred,32,3,590,0.7471359968185425,4.7681,4.4406
deferred,32,3,591,0.7595199942588806,4.3956,4.5083
deferred,32,3,592,0.7660800218582153,4.603,4.5891
deferred,32,3,593,0.8701760172843933,4.5837,4.3187
deferred,32,3,594,0.9343360066413879,4.2659,3.9698
deferred,32,3,595,1.2079360485076904,3.9416,5.4924
deferred,32,3,596,0.994047999382019,5.592,5.1552
deferred,32,3,597,0.8967679738998413,5.0808,4.266
deferred,32,3,598,0.8106880187988281,4.2806,4.3483
deferred,32,3,599,1.112831950187683,4.3317,4.9668
deferred,32,3,600,0.7442240118980408,5.0553,4.2249
deferred,32,3,601,0.9161919951438904,4.133,4.5144
deferred,32,3,602,0.7544000148773193,4.4939,5.7209
deferred,32,3,603,0.7748479843139648,5.7949,5.1985
deferred,32,3,604,0.7503039836883545,5.1721,4.72
deferred,32,3,605,0.9223679900169373,4.7012,4.5774
deferred,32,3,606,0.8468480110168457,4.5669,4.8576
deferred,32,3,607,0.8281919956207275,4.9014,4.1221
deferred,32,3,608,0.8281279802322388,4.0802,4.3524
deferred,32,3,609,1.2295039892196655,4.318,4.471
deferred,32,3,610,1.7937920093536377,4.5385,4.8782
deferred,32,3,611,1.6761280298233032,4.8826,4.75
deferred,32,3,612,1.1835520267486572,4.7058,4.4731
deferred,32,3,613,3.3186559677124023,4.4533,4.8309
deferred,32,3,614,1.5971839427947998,4.9598,4.7967
deferred,32,3,615,2.6683199405670166,4.7719,4.6027
deferred,32,3,616,0.8651520013809204,4.6199,4.4678
deferred,32,3,617,0.859935998916626,4.3686,4.9623
deferred,32,3,618,0.8343039751052856,5.0212,4.6307
deferred,32,3,619,1.2049920558929443,4.6276,4.4797
deferred,32,3,620,0.838271975517273,4.4347,4.9356
deferred,32,3,621,0.9869760274887085,4.9984,4.8894
deferred,32,3,622,0.834272027015686,4.9371,4.174
deferred,32,3,623,2.077440023422241,4.0531,3.8647
deferred,32,3,624,2.199295997619629,3.8582,4.6753
deferred,32,3,625,2.216671943664551,4.7423,4.6993
deferred,32,3,626,2.2628159523010254,4.6879,4.5713
deferred,32,3,627,2.223583936691284,4.4986,4.5442
deferred,32,3,628,1.6094399690628052,4.7748,5.7729
deferred,32,3,629,1.0852160453796387,5.6233,4.907
deferred,32,3,630,2.19270396232605,4.8895,4.4552
deferred,32,3,631,2.1604480743408203,4.487,5.6465
deferred,32,3,632,3.0297598838806152,5.658,4.5765
deferred,32,3,633,1.298143982887268,4.5695,4.1725
deferred,32,3,634,0.8558080196380615,4.1319,4.6623
deferred,32,3,635,1.2254719734191895,4.652,4.7917
deferred,32,3,636,0.8363519906997681,4.8303,4.4916
deferred,32,3,637,1.044160008430481,4.4386,4.8176
deferred,32,3,638,0.8179519772529602,4.8245,5.2193
deferred,32,3,639,0.844543993473053,5.2408,4.6596
deferred,32,3,640,1.247007966041565,4.6222,4.5088
deferred,32,3,641,1.542847990989685,4.519,4.9246
deferred,32,3,642,0.8496639728546143,4.9198,4.772
deferred,32,3,643,1.1855039596557617,4.7887,3.9566
deferred,32,3,644,1.0381120443344116,4.0133,3.8919
deferred,32,3,645,0.8630399703979492,3.7818,4.9566
deferred,32,3,646,2.7305281162261963,5.1925,5.2851
deferred,32,3,647,1.9975680112838745,5.1545,4.1707
deferred,32,3,648,0.8569279909133911,4.0687,4.1977
deferred,32,3,649,0.8291839957237244,4.2559,5.0822
deferred,32,3,650,0.8384320139884949,5.0857,4.92
deferred,32,3,651,1.2051199674606323,4.94,4.5811
deferred,32,3,652,0.8549119830131531,4.5372,4.8277
deferred,32,3,653,0.8353279829025269,4.8049,4.4753
deferred,32,3,654,0.8312320113182068,4.4934,4.2435
deferred,32,3,655,1.0031360387802124,4.2229,4.3419
deferred,32,3,656,1.3310400247573853,4.384,4.7638
deferred,32,3,657,2.782047986984253,4.7704,4.1584
deferred,32,3,658,0.821120023727417,4.1328,3.9981
deferred,32,3,659,0.8505600094795227,3.9684,4.5163
deferred,32,3,660,0.8241919875144958,4.5426,5.3481
deferred,32,3,661,0.8250880241394043,5.3872,5.0805
deferred,32,3,662,1.2313920259475708,5.0568,4.8394
deferred,32,3,663,2.436959981918335,4.812,5.9722
deferred,32,3,664,2.639647960662842,6.0684,5.149
deferred,32,3,665,1.5956799983978271,5.0892,4.7227
deferred,32,3,666,1.6167360544204712,4.7353,5.0394
deferred,32,3,667,1.4988479614257812,5.0184,4.9967
deferred,32,3,668,0.9980159997940063,5.0133,4.7537
deferred,32,3,669,1.1476800441741943,4.7104,4.9493
deferred,32,3,670,1.0817279815673828,5.0971,8.276
deferred,32,3,671,1.407871961593628,8.293,4.9955
deferred,32,3,672,1.6536320447921753,4.8804,4.3695
deferred,32,3,673,0.8518080115318298,4.407,5.2331
deferred,32,3,674,1.0185920000076294,5.1782,4.6406
deferred,32,3,675,1.0493439435958862,4.6151,4.4088
deferred,32,3,676,1.841920018196106,4.4428,4.804
deferred,32,3,677,0.8313279747962952,4.8201,4.8191
deferred,32,3,678,1.2654080390930176,4.7473,4.3784
deferred,32,3,679,0.8650239706039429,4.3999,4.7023
deferred,32,3,680,0.8384000062942505,4.7514,4.9472
deferred,32,3,681,0.8589760065078735,4.8868,4.3954
deferred,32,3,682,1.220352053642273,4.4011,4.0903
deferred,32,3,683,1.568511962890625,4.1004,4.6616
deferred,32,3,684,0.8497920036315918,4.7602,4.5696
deferred,32,3,685,0.9931520223617554,4.4444,3.8865
deferred,32,3,686,0.860863983631134,3.9055,4.4286
deferred,32,3,687,0.8383679986000061,4.4738,4.3619
deferred,32,3,688,2.4972798824310303,4.3193,4.0984
deferred,32,3,689,0.8353599905967712,4.1912,4.4873
deferred,32,3,690,1.1999679803848267,4.4194,4.3318
deferred,32,3,691,0.8271999955177307,4.3709,5.0808
deferred,32,3,692,0.850816011428833,5.0184,4.5296
deferred,32,3,693,0.6355839967727661,4.5907,4.3155
deferred,32,3,694,1.2582080364227295,4.2871,4.5196
deferred,32,3,695,0.6303359866142273,4.5548,4.7302
deferred,32,3,696,0.9459199905395508,4.6528,4.4165
deferred,32,3,697,0.9239360094070435,4.4761,4.2856
deferred,32,3,698,0.6394879817962646,4.2848,4.9665
deferred,32,3,699,1.091264009475708,4.8975,4.6153
deferred,32,3,700,0.629472017288208,4.7187,4.4519
deferred,32,3,701,0.6701440215110779,4.4087,4.1162
deferred,32,3,702,0.629472017288208,4.1983,4.4528
deferred,32,3,703,0.6253759860992432,4.3216,4.0042
deferred,32,3,704,0.733951985836029,4.0204,3.9035
deferred,32,3,705,0.6345599889755249,3.8875,3.9184
deferred,32,3,706,0.6232960224151611,3.9097,4.3884
deferred,32,3,707,0.6704959869384766,4.4353,4.7618
deferred,32,3,708,0.6438080072402954,4.7303,4.3756
deferred,32,3,709,0.6376640200614929,4.3657,4.542
deferred,32,3,710,0.6314560174942017,4.5563,4.729
deferred,32,3,711,0.6315199732780457,4.8219,4.39
deferred,32,3,712,1.1425600051879883,4.3185,3.9556
deferred,32,3,713,1.357408046722412,3.9213,4.6589
deferred,32,3,714,1.1358400583267212,4.6877,5.0561
deferred,32,3,715,1.775231957435608,5.1094,4.9473
deferred,32,3,716,1.1729600429534912,4.9267,5.2529
deferred,32,3,717,1.424191951751709,5.2658,5.4731
deferred,32,3,718,0.6192640066146851,5.4932,4.7712
deferred,32,3,719,1.1261440515518188,4.6921,4.5159
deferred,32,3,720,1.027519941329956,4.5406,5.0599
